node_id,lat_centro,lon_centro,n_accidentes,n_graves,n_mortales,n_alcohol,sensores_imd_500m,idx_peligrosidad,categoria
PN_0000,40.419119163398214,-3.6937974857499913,195,33,3,17,76,0.8749,CRITICO
PN_0001,40.39209353987775,-3.677028929578656,256,17,2,9,58,0.7084,CRITICO
PN_0002,40.4069410756016,-3.68892949942288,276,23,0,9,46,0.6591,CRITICO
PN_0003,40.398794894704075,-3.66890496767444,187,20,2,13,54,0.656,CRITICO
PN_0004,40.40893615179571,-3.6921363871376607,262,22,0,13,56,0.6516,CRITICO
PN_0005,40.39823561592718,-3.6691028575856404,237,19,0,14,56,0.5929,CRITICO
PN_0006,40.438855695447906,-3.678968827928718,186,27,0,12,95,0.5793,CRITICO
PN_0007,40.419937345905225,-3.6889822316971457,210,22,0,11,59,0.5637,CRITICO
PN_0008,40.43802566555034,-3.690859599874544,168,20,1,7,53,0.528,CRITICO
PN_0009,40.4296978832329,-3.706060549245325,157,30,0,5,59,0.5249,CRITICO
PN_0010,40.42486775689117,-3.690284416781692,138,20,0,16,52,0.467,CRITICO
PN_0011,40.451859855948506,-3.690829876664334,133,21,0,12,76,0.4465,CRITICO
PN_0012,40.43112895014095,-3.6610107501179647,187,15,0,6,90,0.4383,CRITICO
PN_0013,40.43667336926777,-3.7211372264015665,165,10,0,18,39,0.4271,CRITICO
PN_0014,40.4319562933227,-3.67203785278696,95,23,1,3,63,0.4253,CRITICO
PN_0015,40.43505391101369,-3.6750092745171665,129,18,0,13,79,0.4189,CRITICO
PN_0016,40.437916493391924,-3.690095552037525,153,12,1,4,55,0.4164,CRITICO
PN_0017,40.44615316927541,-3.691062046421298,142,14,0,15,51,0.4128,CRITICO
PN_0018,40.4588926967684,-3.689986876899663,150,14,0,8,119,0.3857,CRITICO
PN_0019,40.42900734181473,-3.7020677291436113,116,12,1,8,48,0.384,CRITICO
PN_0020,40.39283627251374,-3.677000908474876,166,11,0,6,56,0.371,CRITICO
PN_0021,40.42480258276037,-3.6758431977539856,120,18,0,6,62,0.3667,CRITICO
PN_0022,40.40093227746796,-3.699073997873228,138,10,1,1,89,0.3594,CRITICO
PN_0023,40.421697247409696,-3.7079491932195054,89,9,2,3,66,0.3558,CRITICO
PN_0024,40.44115345263104,-3.6919547615477453,101,13,1,5,45,0.3543,CRITICO
PN_0025,40.398075192882466,-3.669764133632451,144,11,0,8,54,0.3496,CRITICO
PN_0026,40.44083168899554,-3.6809960842108054,94,16,1,1,70,0.349,CRITICO
PN_0027,40.39403045863157,-3.6740938432045285,142,13,0,5,46,0.3482,CRITICO
PN_0028,40.42203066233152,-3.713113568499289,135,12,0,8,85,0.3454,CRITICO
PN_0029,40.41507933566745,-3.694148144871875,125,15,0,5,67,0.3413,CRITICO
PN_0030,40.419159560735196,-3.693078598062029,136,13,0,5,73,0.3393,CRITICO
PN_0031,40.429625831595544,-3.7052909199626236,111,20,0,0,56,0.3383,CRITICO
PN_0032,40.4351716655101,-3.688855766022649,142,12,0,4,68,0.3335,CRITICO
PN_0033,40.38503876149489,-3.7180119701711276,152,4,0,14,91,0.3311,CRITICO
PN_0034,40.39370083907971,-3.674826621360925,156,11,0,1,49,0.3284,CRITICO
PN_0035,40.42782545289849,-3.6959550250547086,118,14,0,6,28,0.3274,CRITICO
PN_0036,40.433035269826505,-3.6867508336537833,108,16,0,5,65,0.3253,CRITICO
PN_0037,40.431178986969456,-3.660334868496164,105,14,0,9,94,0.3249,CRITICO
PN_0038,40.48404912898683,-3.6709426810038273,39,10,2,9,43,0.3244,CRITICO
PN_0039,40.34583633918076,-3.693019143434753,105,16,0,5,7,0.3208,CRITICO
PN_0040,40.42323545482011,-3.7109521661788305,124,11,0,8,83,0.3201,CRITICO
PN_0041,40.42508833799724,-3.690809275527078,112,11,0,11,55,0.319,CRITICO
PN_0042,40.425722365210525,-3.6900699863968365,101,15,0,7,46,0.3169,CRITICO
PN_0043,40.484025519623586,-3.6771314207357997,94,13,0,10,58,0.3051,CRITICO
PN_0044,40.48391780908727,-3.6779829303370843,105,11,0,10,58,0.3032,CRITICO
PN_0045,40.481997610976904,-3.7049090062016714,87,4,2,2,65,0.3018,CRITICO
PN_0046,40.4378616346536,-3.6380502069390115,109,12,0,7,70,0.3015,CRITICO
PN_0047,40.462014548908414,-3.6898026494748835,83,15,0,8,97,0.2959,CRITICO
PN_0048,40.459163841955736,-3.692002137365918,72,11,1,5,136,0.2933,CRITICO
PN_0049,40.42199395616825,-3.691912518182936,90,17,0,2,70,0.2911,CRITICO
PN_0050,40.42003662894515,-3.7200965329511675,98,11,0,9,64,0.2873,CRITICO
PN_0051,40.406907815004054,-3.670107066572438,119,10,0,5,84,0.287,CRITICO
PN_0052,40.41132184567911,-3.6698493842100763,65,13,1,2,42,0.2845,CRITICO
PN_0053,40.43493773482361,-3.6833138851560134,84,16,0,4,74,0.2843,CRITICO
PN_0054,40.41980820953811,-3.692846794639736,97,13,0,5,74,0.2818,CRITICO
PN_0055,40.39177637483532,-3.6752909323547702,116,11,0,3,50,0.2805,CRITICO
PN_0056,40.41401531273221,-3.7240389136841956,97,14,0,3,89,0.2797,CRITICO
PN_0057,40.40703930958881,-3.6651008077318377,138,7,0,3,82,0.2766,CRITICO
PN_0058,40.4559554125645,-3.702291801885929,31,9,2,4,89,0.2758,CRITICO
PN_0059,40.39704691379792,-3.67014539608933,84,11,0,10,51,0.2722,CRITICO
PN_0060,40.41187601254671,-3.6627003576307544,109,10,0,4,52,0.2666,CRITICO
PN_0061,40.421013224363186,-3.7080683312130827,85,15,0,2,64,0.2656,CRITICO
PN_0062,40.38984422039157,-3.672029454399707,76,12,0,8,33,0.2583,CRITICO
PN_0063,40.432144756602625,-3.655220746204071,82,11,0,8,85,0.2581,CRITICO
PN_0064,40.45298746566851,-3.7030494744046467,69,13,0,8,81,0.2571,CRITICO
PN_0065,40.4391538583888,-3.673159155538077,95,13,0,1,62,0.2566,CRITICO
PN_0066,40.43019819422271,-3.7118650433763167,102,10,0,4,81,0.2563,CRITICO
PN_0067,40.430248429651506,-3.66408996977313,78,7,1,3,62,0.2547,CRITICO
PN_0068,40.39531481879497,-3.72017470164783,82,13,0,4,50,0.2541,CRITICO
PN_0069,40.447005321392815,-3.7040005160519467,115,7,0,5,46,0.2538,CRITICO
PN_0070,40.437826885038284,-3.6862034895218896,84,10,0,8,71,0.252,CRITICO
PN_0071,40.41393730451647,-3.721030064056251,93,6,0,12,87,0.2511,CRITICO
PN_0072,40.39284168586178,-3.6760227444748614,113,7,0,5,52,0.2508,CRITICO
PN_0073,40.397720970701194,-3.7159916421483032,99,8,0,7,105,0.2504,CRITICO
PN_0074,40.404212172741104,-3.6810058488796424,86,13,0,2,23,0.2489,CRITICO
PN_0075,40.45726191877434,-3.7017343170321735,77,12,0,6,86,0.2487,CRITICO
PN_0076,40.47510351743208,-3.6869497639979416,116,8,0,2,48,0.2477,CRITICO
PN_0077,40.421446968232694,-3.6811233805332257,85,14,0,0,61,0.2454,CRITICO
PN_0078,40.40792531958466,-3.6648391946699914,87,13,0,1,90,0.2448,CRITICO
PN_0079,40.4139902279501,-3.7249272239188915,84,11,0,5,92,0.2444,CRITICO
PN_0080,40.365065027647304,-3.694055707054163,100,7,0,7,58,0.2427,CRITICO
PN_0081,40.40126655600622,-3.674917856508304,77,7,0,13,30,0.2421,CRITICO
PN_0082,40.43904338419603,-3.717890327516352,96,10,0,3,37,0.2419,CRITICO
PN_0083,40.36386466112945,-3.694041237999202,114,7,0,3,52,0.2412,CRITICO
PN_0084,40.42836920984931,-3.6992261133061977,75,12,0,5,32,0.2402,CRITICO
PN_0085,40.408366003641596,-3.691964062964197,92,11,0,2,52,0.2395,CRITICO
PN_0086,40.46596759386013,-3.6899546642720997,115,7,0,2,69,0.2371,CRITICO
PN_0087,40.43785518529868,-3.6850484501720775,51,7,1,7,64,0.2371,CRITICO
PN_0088,40.43874945161261,-3.704225287991794,74,13,0,3,30,0.2367,CRITICO
PN_0089,40.41568453733978,-3.7207296760301256,7,3,3,1,83,0.2358,CRITICO
PN_0090,40.42698197702393,-3.7140362152168054,77,13,0,2,83,0.2356,CRITICO
PN_0091,40.39207150467518,-3.676049368923876,96,8,0,5,51,0.2348,CRITICO
PN_0092,40.43732325606444,-3.679091061303887,92,8,0,6,83,0.2345,CRITICO
PN_0093,40.42300993115307,-3.668915044167343,98,8,0,4,46,0.2322,CRITICO
PN_0094,40.4251576180965,-3.684101953253701,101,8,0,3,60,0.2311,CRITICO
PN_0095,40.42122449539812,-3.668939682453469,129,4,0,2,69,0.2305,CRITICO
PN_0096,40.480134316481355,-3.7129487982455065,88,10,0,3,84,0.2301,CRITICO
PN_0097,40.45403172506598,-3.702950267455575,55,8,1,3,89,0.2299,CRITICO
PN_0098,40.4522781903763,-3.6950653232357067,49,7,1,6,96,0.2286,CRITICO
PN_0099,40.43071907953818,-3.6889731132432826,56,7,1,4,41,0.2278,CRITICO
PN_0100,40.38527445601343,-3.717159272504363,89,1,0,17,81,0.2275,CRITICO
PN_0101,40.40708670683515,-3.69395680590082,84,9,0,5,66,0.2262,CRITICO
PN_0102,40.447054378254066,-3.7080771982445464,74,10,0,6,54,0.2261,CRITICO
PN_0103,40.4001895915433,-3.672881091199025,39,4,2,1,57,0.2254,CRITICO
PN_0104,40.4279831272554,-3.669010009989401,81,10,0,4,45,0.2253,CRITICO
PN_0105,40.38905479433575,-3.6439443346843,85,5,0,11,48,0.2246,CRITICO
PN_0106,40.371005342469275,-3.6947452658609983,66,5,1,4,65,0.2244,CRITICO
PN_0107,40.40086261951461,-3.713977038403827,101,6,0,5,106,0.224,CRITICO
PN_0108,40.43774947084863,-3.676995723127872,101,6,0,5,81,0.224,CRITICO
PN_0109,40.43186793212541,-3.65693522809304,79,12,0,1,94,0.2239,CRITICO
PN_0110,40.43026189798068,-3.7139647037480916,67,12,0,4,84,0.2228,CRITICO
PN_0111,40.422904232122725,-3.7100443025149845,68,5,1,3,80,0.2218,CRITICO
PN_0112,40.38181943215738,-3.668829652395992,55,10,0,10,32,0.2203,CRITICO
PN_0113,40.43477708545497,-3.6358373842111016,40,10,1,2,89,0.2203,CRITICO
PN_0114,40.42308832391085,-3.6911777636439704,87,9,0,3,69,0.2195,CRITICO
PN_0115,40.422901781833204,-3.6802232788361686,76,10,0,4,61,0.2179,CRITICO
PN_0116,40.445963487143516,-3.6568750835664834,77,11,0,2,59,0.2174,CRITICO
PN_0117,40.446220647664894,-3.691881257100602,84,8,0,5,65,0.2171,CRITICO
PN_0118,40.4181748020476,-3.6109316148475394,91,8,0,3,27,0.2163,CRITICO
PN_0119,40.39178858805052,-3.6540444432810566,61,11,0,6,32,0.216,CRITICO
PN_0120,40.39613178369666,-3.6651226847408336,63,10,0,7,55,0.2154,CRITICO
PN_0121,40.460046495853376,-3.696767009475831,75,11,0,2,115,0.2144,CRITICO
PN_0122,40.4367600339761,-3.7217845161713146,92,7,0,4,36,0.2143,CRITICO
PN_0123,40.4299487175682,-3.6649553469933753,72,9,0,6,53,0.214,CRITICO
PN_0124,40.44915190341193,-3.608995776621118,73,10,0,4,41,0.2135,CRITICO
PN_0125,40.3857477585757,-3.7618346084076495,91,4,0,9,39,0.2133,CRITICO
PN_0126,40.40513056102852,-3.7021498303484006,60,12,0,4,58,0.2125,CRITICO
PN_0127,40.41392129696046,-3.7168888621274414,75,10,0,3,52,0.2109,CRITICO
PN_0128,40.373799218364915,-3.7199442814726367,83,8,0,4,28,0.2101,CRITICO
PN_0129,40.4670457819238,-3.6661216315694896,68,11,0,3,52,0.2097,CRITICO
PN_0130,40.42498505486871,-3.680093653173836,76,9,0,4,65,0.2088,CRITICO
PN_0131,40.370908394468564,-3.7200098689849947,87,9,0,1,27,0.2084,CRITICO
PN_0132,40.44204555438855,-3.6827173488279525,65,10,0,5,57,0.2072,CRITICO
PN_0133,40.38898227710244,-3.679931787378592,55,6,1,2,37,0.2061,CRITICO
PN_0134,40.426197042854824,-3.7130945239518356,66,9,0,6,93,0.2052,CRITICO
PN_0135,40.431917924772556,-3.6608703411432946,73,9,0,4,89,0.2044,CRITICO
PN_0136,40.43173229128748,-3.6602387539798253,101,5,0,3,97,0.2038,CRITICO
PN_0137,40.45493871595196,-3.7027592699398375,67,8,0,7,84,0.2031,CRITICO
PN_0138,40.3948365138659,-3.7210160185462806,72,9,0,4,32,0.2029,CRITICO
PN_0139,40.4091863072778,-3.663992537221817,77,10,0,1,70,0.2027,CRITICO
PN_0140,40.408095449893175,-3.6928909868978064,83,9,0,1,58,0.2025,CRITICO
PN_0141,40.36205441119958,-3.7538141629153694,102,4,0,4,42,0.2018,CRITICO
PN_0142,40.39868713417691,-3.6698586474631734,70,11,0,1,55,0.2015,CRITICO
PN_0143,40.414940445842085,-3.6607510656098627,93,6,0,3,56,0.2011,CRITICO
PN_0144,40.39109758993645,-3.695019374046549,97,4,0,5,65,0.1999,CRITICO
PN_0145,40.44020984499724,-3.6801924471184426,76,8,0,4,78,0.1997,CRITICO
PN_0146,40.45998436415514,-3.728996306556577,61,11,0,3,15,0.1993,CRITICO
PN_0147,40.481095933483985,-3.6737999861977024,73,9,0,3,57,0.1989,CRITICO
PN_0148,40.41889060218428,-3.6969877264723903,84,6,0,5,83,0.1989,CRITICO
PN_0149,40.39892877560307,-3.7341535117079103,66,10,0,3,11,0.1976,CRITICO
PN_0150,40.442718452291345,-3.6828874766503024,62,10,0,4,48,0.1973,CRITICO
PN_0151,40.42886747068761,-3.667103879709781,53,12,0,3,45,0.1966,CRITICO
PN_0152,40.48394789584565,-3.6760749593328756,43,13,0,4,58,0.1965,ALTO
PN_0153,40.43510229112498,-3.691222659223086,59,9,0,6,58,0.1949,CRITICO
PN_0154,40.41387400337658,-3.6278891260422075,97,4,0,4,22,0.1944,CRITICO
PN_0155,40.452750408433914,-3.690750617543703,102,5,0,1,82,0.1942,CRITICO
PN_0156,40.48163534946321,-3.6497963677473475,62,10,0,3,13,0.1917,CRITICO
PN_0157,40.44127432515785,-3.678767499980583,68,9,0,3,71,0.1915,CRITICO
PN_0158,40.40103707738357,-3.6939906725648948,64,9,0,4,77,0.1911,CRITICO
PN_0159,40.40694789922252,-3.672915700340945,71,9,0,2,59,0.1903,CRITICO
PN_0160,40.43990397712195,-3.726890382752707,86,7,0,1,14,0.1887,CRITICO
PN_0161,40.48397996935963,-3.6629759072558215,76,8,0,2,32,0.1886,CRITICO
PN_0162,40.39228643909669,-3.7581859583227306,27,8,1,3,26,0.1885,CRITICO
PN_0163,40.37384065741304,-3.73880022665492,68,5,0,9,51,0.1884,CRITICO
PN_0164,40.4303609006583,-3.59730608288283,75,8,0,2,31,0.1872,CRITICO
PN_0165,40.451936048270156,-3.685983622264933,76,6,0,5,53,0.1871,CRITICO
PN_0166,40.388070240429485,-3.699248593075983,81,7,0,2,42,0.1869,CRITICO
PN_0167,40.412302299631314,-3.731982004537587,32,7,1,3,67,0.1868,CRITICO
PN_0168,40.45786055763137,-3.701165307261202,43,10,0,7,81,0.1859,ALTO
PN_0169,40.38804967829009,-3.6997600314851393,71,3,0,11,46,0.1858,CRITICO
PN_0170,40.40885671524581,-3.723819405968905,25,8,1,3,41,0.1856,CRITICO
PN_0171,40.38968789495038,-3.730019426940512,50,10,0,5,64,0.1851,CRITICO
PN_0172,40.360910603733394,-3.69330119723304,55,11,0,2,30,0.1849,CRITICO
PN_0173,40.40695957072605,-3.7118084288689484,61,10,0,2,52,0.1847,CRITICO
PN_0174,40.39013105789181,-3.6790911577183203,83,5,0,4,49,0.1828,CRITICO
PN_0175,40.45972346579368,-3.6901218034905336,82,7,0,1,114,0.1828,CRITICO
PN_0176,40.396861389786466,-3.7031020019857634,57,8,0,6,78,0.1828,CRITICO
PN_0177,40.4058601948386,-3.7071191610111125,41,13,0,2,42,0.1824,ALTO
PN_0178,40.42399102412645,-3.659733246130697,65,6,0,7,56,0.182,CRITICO
PN_0179,40.42907592952852,-3.703061139237889,67,8,0,3,46,0.1809,CRITICO
PN_0180,40.4818440521414,-3.7057822799698528,67,8,0,3,74,0.1809,CRITICO
PN_0181,40.41998072952441,-3.6588819495864557,34,6,1,3,76,0.1807,CRITICO
PN_0182,40.37797535251097,-3.7481649549002163,24,7,1,4,25,0.1806,CRITICO
PN_0183,40.4378667937627,-3.6880313717929014,51,2,1,5,67,0.1805,CRITICO
PN_0184,40.43302391728782,-3.6487958266248826,64,9,0,2,88,0.18,CRITICO
PN_0185,40.46293177414529,-3.697017876442328,58,8,0,5,91,0.1787,CRITICO
PN_0186,40.40889142206203,-3.6477678524806505,33,7,1,1,25,0.1772,CRITICO
PN_0187,40.425007010275664,-3.7073603520072163,39,6,1,1,60,0.177,CRITICO
PN_0188,40.43217122738696,-3.6979616517509575,58,9,0,3,47,0.1767,CRITICO
PN_0189,40.44670816734057,-3.698906185645707,45,5,1,1,75,0.1767,CRITICO
PN_0190,40.43883216613096,-3.708279063303975,64,8,0,3,35,0.1765,CRITICO
PN_0191,40.39508931597044,-3.6798205875920846,65,9,0,1,64,0.1759,CRITICO
PN_0192,40.43077637348578,-3.7000514968424043,48,11,0,2,45,0.1746,ALTO
PN_0193,40.48377455258534,-3.6998623687878207,61,7,0,5,48,0.1741,CRITICO
PN_0194,40.39792658176978,-3.7020666166163263,73,5,0,5,88,0.1736,CRITICO
PN_0195,40.43425546416464,-3.674071784740689,52,9,0,4,77,0.1734,CRITICO
PN_0196,40.39721272621416,-3.7169987663910127,61,5,0,8,82,0.1726,CRITICO
PN_0197,40.47413631629437,-3.6869667749175017,71,7,0,2,54,0.1722,CRITICO
PN_0198,40.43771114349814,-3.6830010647207234,72,5,0,5,89,0.1721,CRITICO
PN_0199,40.419181379718644,-3.697874730305524,33,4,1,5,81,0.1721,CRITICO
PN_0200,40.42095694723333,-3.7069886857574197,77,6,0,2,52,0.1719,CRITICO
PN_0201,40.45902420979996,-3.6891501342302893,68,5,0,6,119,0.1718,CRITICO
PN_0202,40.42877831978563,-3.7010339094741154,47,9,0,5,42,0.1716,ALTO
PN_0203,40.42114085581528,-3.6112332076420497,41,2,1,6,47,0.1713,CRITICO
PN_0204,40.4202394681087,-3.7058897783531783,66,4,0,8,54,0.1708,CRITICO
PN_0205,40.429836411698595,-3.596222678381197,96,4,0,0,23,0.1707,CRITICO
PN_0206,40.446343702491,-3.6958323266776896,43,12,0,1,79,0.1707,ALTO
PN_0207,40.38511953882358,-3.7118777130229232,47,5,0,11,44,0.1686,ALTO
PN_0208,40.409234948512704,-3.741814989511986,68,4,0,7,31,0.1682,CRITICO
PN_0209,40.424063188903425,-3.6688047858035464,73,5,0,4,42,0.168,CRITICO
PN_0210,40.427037759290556,-3.660045164899205,49,10,0,2,29,0.167,ALTO
PN_0211,40.42172816428694,-3.6800567365770145,60,7,0,4,66,0.167,CRITICO
PN_0212,40.386234107977074,-3.727770115453854,34,5,1,2,77,0.166,CRITICO
PN_0213,40.46610282183406,-3.6889101317499025,74,4,0,5,63,0.166,CRITICO
PN_0214,40.45005130401446,-3.60894704437549,49,8,0,5,34,0.1654,ALTO
PN_0215,40.44919096781361,-3.608183958412948,75,5,0,3,43,0.1654,CRITICO
PN_0216,40.46415410989828,-3.6668747972563804,49,3,1,1,68,0.1644,CRITICO
PN_0217,40.35618812339188,-3.6931451952141465,42,9,0,5,33,0.1642,ALTO
PN_0218,40.4269285606252,-3.690176087846643,47,2,1,3,46,0.1635,CRITICO
PN_0219,40.41585598974075,-3.649071581471913,54,10,0,0,16,0.1632,CRITICO
PN_0220,40.44764835162499,-3.6498673683413547,77,5,0,2,50,0.1628,CRITICO
PN_0221,40.41797491730337,-3.6590166798264185,28,5,1,3,63,0.1627,CRITICO
PN_0222,40.41520427950084,-3.6947417952855717,34,4,1,3,63,0.1625,CRITICO
PN_0223,40.448000547286284,-3.7038329193777355,62,8,0,1,50,0.1624,CRITICO
PN_0224,40.3851811979029,-3.7209054124167396,29,6,1,1,96,0.1622,CRITICO
PN_0225,40.46878263893744,-3.627909691446471,29,6,1,1,5,0.1622,CRITICO
PN_0226,40.44484542803693,-3.6610882979186443,95,2,0,2,64,0.1621,CRITICO
PN_0227,40.4359110273973,-3.6890491135431076,37,12,0,1,67,0.1619,ALTO
PN_0228,40.430707678665755,-3.7161240230950443,64,7,0,2,96,0.1618,CRITICO
PN_0229,40.38933187252025,-3.6794159774199895,12,2,2,0,40,0.1618,CRITICO
PN_0230,40.42825553500935,-3.6682322167824464,64,7,0,2,45,0.1618,CRITICO
PN_0231,40.432294745870024,-3.6540987458472816,38,5,1,0,72,0.1608,CRITICO
PN_0232,40.43590763320678,-3.7197780964057814,49,8,0,4,45,0.1599,ALTO
PN_0233,40.385804508558465,-3.717073213351011,68,3,0,7,77,0.1592,CRITICO
PN_0234,40.41796835797042,-3.623954230479686,73,4,0,4,52,0.159,CRITICO
PN_0235,40.420775831140276,-3.6849280264200193,60,6,0,4,37,0.1579,CRITICO
PN_0236,40.373821049791815,-3.7192116489200546,61,4,0,7,28,0.1579,CRITICO
PN_0237,40.434894222328474,-3.69885911099196,55,8,0,2,42,0.1576,CRITICO
PN_0238,40.41683534770782,-3.6598495937193443,28,5,1,2,45,0.1572,CRITICO
PN_0239,40.44581495149794,-3.686216586831442,33,6,0,11,24,0.157,ALTO
PN_0240,40.456966278093994,-3.729893788911199,35,5,1,0,19,0.1564,CRITICO
PN_0241,40.39903784872527,-3.701024445252839,64,5,0,4,89,0.1548,CRITICO
PN_0242,40.449065633269704,-3.703694438058124,53,8,0,2,66,0.1547,CRITICO
PN_0243,40.43076590982518,-3.6639324780555182,36,4,1,1,63,0.1543,CRITICO
PN_0244,40.43820328484033,-3.70001069217955,51,7,0,4,29,0.1538,CRITICO
PN_0245,40.421336868701175,-3.672936324215324,40,10,0,2,64,0.1537,ALTO
PN_0246,40.43289789093835,-3.6341690260281845,56,8,0,1,87,0.1536,CRITICO
PN_0247,40.446718813721134,-3.697048258369331,63,5,0,4,75,0.1533,CRITICO
PN_0248,40.41689511491539,-3.6589632113454025,69,4,0,4,45,0.1531,CRITICO
PN_0249,40.43502041744968,-3.6081017896761014,91,1,0,3,46,0.1527,CRITICO
PN_0250,40.39176473955435,-3.6778045938073793,65,4,0,5,56,0.1527,CRITICO
PN_0251,40.37089347030646,-3.6943490217091783,55,5,0,6,69,0.1526,CRITICO
PN_0252,40.42035163690642,-3.715904191251848,65,7,0,0,60,0.1522,CRITICO
PN_0253,40.38819097775171,-3.7310255600773767,51,5,0,7,70,0.1522,CRITICO
PN_0254,40.41306113036891,-3.69358622377672,56,6,0,4,49,0.152,CRITICO
PN_0255,40.42420838223522,-3.6540182363669316,23,4,1,4,44,0.1518,CRITICO
PN_0256,40.41213964651031,-3.662167734426407,61,7,0,1,56,0.1518,CRITICO
PN_0257,40.37319709678239,-3.7419982967125573,63,3,0,7,46,0.1518,CRITICO
PN_0258,40.40788272907161,-3.615119369240248,68,4,0,4,35,0.1516,CRITICO
PN_0259,40.46695902675497,-3.6539979005026293,37,9,0,4,35,0.1513,ALTO
PN_0260,40.43503393021244,-3.644094349558135,48,6,0,6,80,0.1513,ALTO
PN_0261,40.434757350592825,-3.612234784661069,53,7,0,3,35,0.1512,CRITICO
PN_0262,40.41411280419021,-3.6611268222118016,69,5,0,2,67,0.151,CRITICO
PN_0263,40.3763197183745,-3.7500870632662515,50,5,0,7,44,0.1508,CRITICO
PN_0264,40.412864238607966,-3.66202999227804,70,6,0,0,55,0.1505,CRITICO
PN_0265,40.480919982963975,-3.650077831856382,56,4,0,7,14,0.1505,CRITICO
PN_0266,40.38768091139448,-3.6408077616986416,32,3,1,3,46,0.1505,CRITICO
PN_0267,40.44704257344997,-3.65394278733715,61,5,0,4,52,0.1503,CRITICO
PN_0268,40.38476246013189,-3.633822084124864,83,2,0,3,36,0.15,CRITICO
PN_0269,40.399036302005314,-3.7443391057653397,30,10,0,4,22,0.15,ALTO
PN_0270,40.45830312535082,-3.6899788640078603,47,6,0,6,122,0.1499,ALTO
PN_0271,40.42029123772189,-3.717019619890017,53,8,0,1,73,0.1491,CRITICO
PN_0272,40.42996087528679,-3.6707608998029593,30,5,1,0,67,0.149,CRITICO
PN_0273,40.430211066977954,-3.6837852163770632,46,9,0,1,47,0.1479,ALTO
PN_0274,40.40998967346785,-3.663862935664452,59,5,0,4,66,0.1474,CRITICO
PN_0275,40.4400341862593,-3.7101264102765867,48,8,0,2,39,0.1473,ALTO
PN_0276,40.38384585213856,-3.7207315884551377,42,7,0,5,89,0.146,ALTO
PN_0277,40.412881803521515,-3.6697710083182273,37,9,0,3,44,0.1457,ALTO
PN_0278,40.4840064383331,-3.6730231012296533,54,5,0,5,50,0.1456,CRITICO
PN_0279,40.42678353876016,-3.6876061501979756,49,7,0,3,51,0.1452,ALTO
PN_0280,40.41499139037493,-3.6601523451938105,81,3,0,1,60,0.145,CRITICO
PN_0281,40.415836626692325,-3.6946917608091767,45,7,0,4,76,0.1449,ALTO
PN_0282,40.42006126686189,-3.701968209267707,62,3,0,6,59,0.1447,CRITICO
PN_0283,40.380073217263465,-3.7189452033357147,51,6,0,4,12,0.1447,CRITICO
PN_0284,40.42274120985482,-3.6561351763409116,57,5,0,4,54,0.1444,CRITICO
PN_0285,40.47390131311325,-3.7020015195538543,57,5,0,4,54,0.1444,CRITICO
PN_0286,40.41880714401136,-3.6961004891788325,62,6,0,1,87,0.1442,CRITICO
PN_0287,40.400982612073,-3.667122122582259,78,4,0,0,68,0.1441,CRITICO
PN_0288,40.451198171905354,-3.690809203922507,49,5,0,6,68,0.1437,ALTO
PN_0289,40.387174412516735,-3.700927582165392,39,6,0,7,46,0.1436,ALTO
PN_0290,40.40008720570095,-3.668001719478332,70,4,0,2,63,0.1434,CRITICO
PN_0291,40.39177069215133,-3.6951061416202466,26,5,1,0,65,0.1431,CRITICO
PN_0292,40.39326341702109,-3.660046727791942,41,5,0,8,47,0.143,ALTO
PN_0293,40.407062338959804,-3.6898173067298625,72,3,0,3,49,0.1428,CRITICO
PN_0294,40.466057509610295,-3.667929949648736,38,3,1,0,60,0.1426,CRITICO
PN_0295,40.421049811957744,-3.6839382319713985,41,8,0,3,48,0.1425,ALTO
PN_0296,40.4329870020613,-3.7179415290128306,47,7,0,3,72,0.1423,ALTO
PN_0297,40.36692628306734,-3.6941318761859705,47,7,0,3,70,0.1423,ALTO
PN_0298,40.35103231888821,-3.693072048513322,43,7,0,4,25,0.1419,ALTO
PN_0299,40.382009729733625,-3.667975452842357,49,6,0,4,42,0.1417,ALTO
PN_0300,40.43294108711177,-3.6857539069441976,39,7,0,5,60,0.1416,ALTO
PN_0301,40.429949975484966,-3.7089721622929734,60,6,0,1,67,0.1413,CRITICO
PN_0302,40.374816423315295,-3.6822133064929967,50,7,0,2,4,0.1412,CRITICO
PN_0303,40.394967821087356,-3.6389967945637753,66,5,0,1,45,0.141,CRITICO
PN_0304,40.4292265091565,-3.6892214103556578,35,10,0,1,48,0.1407,ALTO
PN_0305,40.415945230537005,-3.6599224644985533,68,4,0,2,48,0.1405,CRITICO
PN_0306,40.460904911099696,-3.6982379723282244,53,4,0,6,101,0.1405,CRITICO
PN_0307,40.43418175919781,-3.7017082557119587,41,9,0,1,43,0.1405,ALTO
PN_0308,40.38607103246713,-3.703188900624426,53,4,0,6,35,0.1405,CRITICO
PN_0309,40.39614198612715,-3.6960783547554694,24,5,1,0,61,0.1402,CRITICO
PN_0310,40.38582266251922,-3.681771498426484,74,3,0,2,26,0.1402,CRITICO
PN_0311,40.44921807569527,-3.6510143989669537,69,5,0,0,49,0.1399,CRITICO
PN_0312,40.42585241163462,-3.692147289568875,49,7,0,2,56,0.1397,ALTO
PN_0313,40.44623986883074,-3.6560537176468775,65,5,0,1,58,0.1396,CRITICO
PN_0314,40.402017809755826,-3.7138742430489775,45,7,0,3,80,0.1393,ALTO
PN_0315,40.48274142339296,-3.6830310962917405,32,3,1,1,53,0.1393,CRITICO
PN_0316,40.40073106749978,-3.667688388133143,61,5,0,2,71,0.1392,CRITICO
PN_0317,40.39482557476439,-3.6728828476248387,77,3,0,1,47,0.1391,CRITICO
PN_0318,40.41980106415929,-3.69974190756562,68,2,0,5,66,0.1389,CRITICO
PN_0319,40.46999739795024,-3.6962379042877913,14,4,1,4,17,0.1385,CRITICO
PN_0320,40.395927510776964,-3.7538224237449516,55,1,0,10,25,0.1384,CRITICO
PN_0321,40.472965832287635,-3.7029557075812436,31,11,0,0,44,0.1384,ALTO
PN_0322,40.42493432708699,-3.628699712631048,32,9,0,3,59,0.1383,ALTO
PN_0323,40.41085099248916,-3.655158294862884,54,6,0,2,66,0.138,CRITICO
PN_0324,40.441970450644206,-3.682117349495458,54,6,0,2,60,0.138,CRITICO
PN_0325,40.423915216576596,-3.688119575179587,55,4,0,5,62,0.1379,CRITICO
PN_0326,40.36731227595557,-3.7412373961688727,60,5,0,2,36,0.1377,CRITICO
PN_0327,40.397203664831146,-3.667081710432265,50,6,0,3,55,0.1376,CRITICO
PN_0328,40.406259530832315,-3.68700828710238,27,3,1,2,31,0.1375,CRITICO
PN_0329,40.42015490332619,-3.7049250262944087,56,5,0,3,45,0.1374,CRITICO
PN_0330,40.4440328894621,-3.662099712346068,17,4,1,3,80,0.1374,CRITICO
PN_0331,40.407008001434036,-3.6931600957509176,47,7,0,2,68,0.1367,ALTO
PN_0332,40.42004710061172,-3.6880022163587953,63,5,0,1,53,0.1366,CRITICO
PN_0333,40.4830591145661,-3.681870927091638,53,6,0,2,40,0.1365,CRITICO
PN_0334,40.42896481163735,-3.7150288435572274,53,6,0,2,86,0.1365,CRITICO
PN_0335,40.405024819389205,-3.7029915235942643,69,4,0,1,54,0.1364,CRITICO
PN_0336,40.44668725222215,-3.6952733267675866,59,5,0,2,87,0.1363,CRITICO
PN_0337,40.43425764655241,-3.612084699507331,59,5,0,2,36,0.1363,CRITICO
PN_0338,40.38406708559821,-3.7648254986577028,45,6,0,4,33,0.1358,ALTO
PN_0339,40.42912166132791,-3.687160274703179,35,7,0,5,48,0.1357,ALTO
PN_0340,40.378057928943406,-3.6528993424389298,50,7,0,1,16,0.1356,CRITICO
PN_0341,40.38994797570924,-3.7349716407475415,57,4,0,4,52,0.1353,CRITICO
PN_0342,40.43009975510279,-3.7108175139589665,36,8,0,3,81,0.1352,ALTO
PN_0343,40.44217686361681,-3.704044945642019,64,1,0,7,24,0.1351,CRITICO
PN_0344,40.41569933066868,-3.6889920062313144,26,9,0,4,45,0.135,ALTO
PN_0345,40.43791242923601,-3.6889926022949746,68,4,0,1,61,0.1349,CRITICO
PN_0346,40.446657873674916,-3.7000174264082113,38,7,0,4,73,0.1346,ALTO
PN_0347,40.43287710637151,-3.6607298260330414,54,5,0,3,98,0.1344,CRITICO
PN_0348,40.43736537833123,-3.677817053216653,60,4,0,3,82,0.1342,CRITICO
PN_0349,40.45592144952993,-3.6902374087531746,60,4,0,3,103,0.1342,CRITICO
PN_0350,40.434992784319576,-3.719840770118482,50,5,0,4,47,0.1341,CRITICO
PN_0351,40.48415472539022,-3.673915221645189,51,6,0,2,53,0.1336,CRITICO
PN_0352,40.37010815510046,-3.7201217722481417,41,7,0,3,23,0.1334,ALTO
PN_0353,40.46682620876357,-3.6860806692898147,64,2,0,5,49,0.133,CRITICO
PN_0354,40.407707531261465,-3.6787347057032176,43,6,0,4,26,0.1329,ALTO
PN_0355,40.405062849252616,-3.683016307013624,48,7,0,1,23,0.1327,ALTO
PN_0356,40.4099351093748,-3.692838831759821,59,4,0,3,52,0.1327,CRITICO
PN_0357,40.44684405814979,-3.6909858605139845,48,7,0,1,56,0.1327,ALTO
PN_0358,40.451759343829984,-3.6789370672072694,25,4,1,0,59,0.1326,CRITICO
PN_0359,40.39402478674305,-3.707972692657434,40,4,0,8,90,0.1325,ALTO
PN_0360,40.459127376356456,-3.699933565814548,35,6,0,6,90,0.1322,ALTO
PN_0361,40.38594304654975,-3.7050228868347466,46,3,0,8,17,0.1322,ALTO
PN_0362,40.416117455130916,-3.6693719456386003,27,3,1,1,51,0.132,CRITICO
PN_0363,40.42175077356543,-3.6758768653412157,45,8,0,0,66,0.1318,ALTO
PN_0364,40.42397604241875,-3.6592319006070544,62,4,0,2,59,0.1316,CRITICO
PN_0365,40.40612139603079,-3.624739191131362,62,4,0,2,10,0.1316,CRITICO
PN_0366,40.38501885177304,-3.7611876975679075,42,6,0,4,42,0.1314,ALTO
PN_0367,40.407256348027026,-3.678836500589902,57,6,0,0,27,0.1313,CRITICO
PN_0368,40.42973122238227,-3.7068919565085676,37,8,0,2,65,0.1311,ALTO
PN_0369,40.37911758225892,-3.6657243894539357,33,8,0,3,36,0.1307,ALTO
PN_0370,40.41704508432679,-3.6942905437661504,49,6,0,2,76,0.1306,ALTO
PN_0371,40.415208868545136,-3.7120653394704655,26,3,1,1,38,0.1305,CRITICO
PN_0372,40.367841474307056,-3.7410208670816316,55,5,0,2,36,0.1304,CRITICO
PN_0373,40.41578867502063,-3.6936606477652494,34,9,0,1,72,0.1302,ALTO
PN_0374,40.38861604257571,-3.731883643968201,42,4,0,7,72,0.1299,ALTO
PN_0375,40.432997544857784,-3.688270529944347,41,6,0,4,59,0.1299,ALTO
PN_0376,40.469890719682624,-3.6386696127901725,36,8,0,2,29,0.1296,ALTO
PN_0377,40.385143798677106,-3.666054368957867,20,2,1,4,42,0.1292,CRITICO
PN_0378,40.44104548350358,-3.6589544691915843,35,2,1,0,81,0.1291,CRITICO
PN_0379,40.49620992499622,-3.6668764355513956,38,7,0,3,41,0.129,ALTO
PN_0380,40.42537550729892,-3.6878615026254637,49,7,0,0,52,0.1286,ALTO
PN_0381,40.3969285203075,-3.7152172643353687,39,8,0,1,102,0.1285,ALTO
PN_0382,40.38727179339133,-3.6399901224163047,47,3,0,7,41,0.1282,ALTO
PN_0383,40.42678085427003,-3.693971546940142,41,7,0,2,40,0.1279,ALTO
PN_0384,40.430079488175146,-3.710297876344279,32,6,0,6,79,0.1277,ALTO
PN_0385,40.43396708874169,-3.670231522351823,32,9,0,1,71,0.1272,ALTO
PN_0386,40.46797149095435,-3.5818509067301987,65,3,0,2,12,0.1269,CRITICO
PN_0387,40.41088648928861,-3.6629979757954594,65,3,0,2,62,0.1269,CRITICO
PN_0388,40.376937054884344,-3.652941820444867,45,5,0,4,15,0.1267,ALTO
PN_0389,40.41474799770109,-3.7031180744039256,20,4,1,0,37,0.1252,CRITICO
PN_0390,40.3979671942281,-3.7561308933225708,45,3,0,7,26,0.1252,ALTO
PN_0391,40.3869645535267,-3.7157699440229313,17,2,1,4,79,0.1248,CRITICO
PN_0392,40.416872851204865,-3.652027527195544,22,3,1,1,32,0.1246,CRITICO
PN_0393,40.403024517434154,-3.6937198915966816,51,5,0,2,78,0.1245,CRITICO
PN_0394,40.39083812881954,-3.6489194733980748,18,3,1,2,33,0.1242,CRITICO
PN_0395,40.46711581073326,-3.6747528678865216,47,5,0,3,53,0.1241,ALTO
PN_0396,40.42189121988849,-3.6689784522716784,43,5,0,4,58,0.1238,ALTO
PN_0397,40.423033582193234,-3.659190241607176,42,7,0,1,64,0.1238,ALTO
PN_0398,40.34215130177113,-3.707024572659594,28,5,0,8,19,0.1238,ALTO
PN_0399,40.4200088019166,-3.7010577190800458,48,6,0,1,62,0.1236,ALTO
PN_0400,40.40720929864447,-3.6759395657843124,49,4,0,4,42,0.1235,ALTO
PN_0401,40.409771803714946,-3.692329203918346,44,6,0,2,54,0.1232,ALTO
PN_0402,40.41202342154874,-3.7079187867923706,40,6,0,3,31,0.1229,ALTO
PN_0403,40.37010703017096,-3.694284362328759,17,3,1,2,69,0.1228,CRITICO
PN_0404,40.43784435604119,-3.679016589406604,46,5,0,3,90,0.1226,ALTO
PN_0405,40.392843098166026,-3.6589373318074805,37,4,0,7,44,0.1225,ALTO
PN_0406,40.40474707325354,-3.654325310597627,23,2,1,2,30,0.1225,CRITICO
PN_0407,40.40627419028993,-3.670195775364208,57,5,0,0,81,0.1222,CRITICO
PN_0408,40.387025164411675,-3.743198127727656,33,4,0,8,73,0.1221,ALTO
PN_0409,40.37307933750476,-3.7198585052705107,53,5,0,1,28,0.1219,CRITICO
PN_0410,40.42108743180685,-3.692130074824167,43,6,0,2,70,0.1217,ALTO
PN_0411,40.43401516287222,-3.7341324466969654,55,4,0,2,42,0.1213,CRITICO
PN_0412,40.468980454844285,-3.637964036102549,45,5,0,3,33,0.1212,ALTO
PN_0413,40.434750780341886,-3.644905100612578,41,5,0,4,78,0.1208,ALTO
PN_0414,40.40699469981056,-3.681953162485438,30,8,0,2,23,0.1207,ALTO
PN_0415,40.41608612320195,-3.6498196829094893,30,8,0,2,30,0.1207,ALTO
PN_0416,40.43885034115001,-3.710000424491374,46,6,0,1,38,0.1206,ALTO
PN_0417,40.4668570977015,-3.714933823729436,13,4,1,1,35,0.1204,CRITICO
PN_0418,40.419148886873174,-3.658940711929998,42,6,0,2,72,0.1203,ALTO
PN_0419,40.40781561005993,-3.688717657591283,53,3,0,4,37,0.1203,CRITICO
PN_0420,40.449077280400324,-3.695201250649621,42,6,0,2,104,0.1203,ALTO
PN_0421,40.42607844917561,-3.6517349936838692,32,7,0,3,44,0.1202,ALTO
PN_0422,40.4330636367664,-3.660273964244204,58,4,0,1,100,0.1201,CRITICO
PN_0423,40.43006541869829,-3.632164305699669,48,5,0,2,88,0.12,ALTO
PN_0424,40.432876487823734,-3.6836682924143354,48,5,0,2,67,0.12,ALTO
PN_0425,40.44467513537549,-3.6451853221915957,9,4,1,2,31,0.12,CRITICO
PN_0426,40.386069492101996,-3.7600271073391194,39,4,0,6,40,0.1199,ALTO
PN_0427,40.368765664809345,-3.6941866483379218,43,7,0,0,68,0.1197,ALTO
PN_0428,40.409010081649,-3.688842484155305,34,6,0,4,37,0.1196,ALTO
PN_0429,40.44618221197872,-3.612916887820576,40,5,0,4,46,0.1193,ALTO
PN_0430,40.43838309812914,-3.6979367095715685,45,6,0,1,28,0.1191,ALTO
PN_0431,40.3860669135222,-3.6412745303618883,18,3,1,1,37,0.1187,CRITICO
PN_0432,40.38505987791073,-3.6821127498871817,63,3,0,1,29,0.1184,CRITICO
PN_0433,40.39741942502905,-3.715956741573298,53,4,0,2,105,0.1183,CRITICO
PN_0434,40.42380229327347,-3.6801986413952417,43,5,0,3,65,0.1182,ALTO
PN_0435,40.42499307612825,-3.6749796169066378,49,4,0,3,56,0.118,ALTO
PN_0436,40.4338589656631,-3.616069427721982,9,5,1,0,35,0.118,CRITICO
PN_0437,40.4832773261997,-3.6809890257202995,38,7,0,1,44,0.1179,ALTO
PN_0438,40.43501743695907,-3.6865915053108402,38,7,0,1,74,0.1179,ALTO
PN_0439,40.37320905859251,-3.637299068502028,44,6,0,1,10,0.1177,ALTO
PN_0440,40.458986801846365,-3.667981920790818,61,2,0,3,78,0.1175,CRITICO
PN_0441,40.47098801839198,-3.650709864323529,11,4,1,1,34,0.1174,CRITICO
PN_0442,40.48322965192942,-3.6887703903998075,27,2,1,0,46,0.1173,CRITICO
PN_0443,40.444982261490566,-3.6858108943245447,56,4,0,1,21,0.1172,CRITICO
PN_0444,40.40903888772274,-3.669935176198674,7,4,1,2,65,0.1171,CRITICO
PN_0445,40.38312449669692,-3.669739244386692,36,6,0,3,37,0.117,ALTO
PN_0446,40.39779578848336,-3.668033340398845,48,1,0,8,57,0.117,ALTO
PN_0447,40.435025593014245,-3.698060372446852,36,6,0,3,35,0.117,ALTO
PN_0448,40.43305756396913,-3.600954731550136,53,2,0,5,40,0.1168,CRITICO
PN_0449,40.41306932358564,-3.661161846395949,41,7,0,0,66,0.1168,ALTO
PN_0450,40.37429594534656,-3.7732323773516065,19,2,1,2,31,0.1166,CRITICO
PN_0451,40.44627483089598,-3.695103268960583,37,7,0,1,84,0.1164,ALTO
PN_0452,40.43510105917073,-3.693886124894916,14,4,1,0,45,0.1163,CRITICO
PN_0453,40.42108446172384,-3.668252533553086,59,4,0,0,66,0.1161,CRITICO
PN_0454,40.46207929769427,-3.6918474322976715,16,3,1,1,110,0.1157,CRITICO
PN_0455,40.41900755049409,-3.705028503582126,16,3,1,1,55,0.1157,CRITICO
PN_0456,40.42168690570265,-3.6772223506932846,29,7,0,3,66,0.1157,ALTO
PN_0457,40.38529099985797,-3.736998025524407,29,7,0,3,52,0.1157,ALTO
PN_0458,40.42924474576229,-3.720263069049488,45,5,0,2,62,0.1156,ALTO
PN_0459,40.458834950656325,-3.6809329236503587,35,6,0,3,89,0.1155,ALTO
PN_0460,40.40787742683259,-3.6899922056952263,35,6,0,3,45,0.1155,ALTO
PN_0461,40.382983323617005,-3.7091985517907937,12,3,1,2,24,0.1154,CRITICO
PN_0462,40.42405863679546,-3.6907713823657415,41,5,0,3,58,0.1153,ALTO
PN_0463,40.43428324813438,-3.7348400691599157,46,6,0,0,46,0.1151,ALTO
PN_0464,40.46495889142067,-3.6672270699335336,18,2,1,2,56,0.1151,CRITICO
PN_0465,40.369888737551996,-3.645140154396208,47,4,0,3,0,0.115,ALTO
PN_0466,40.44086441779016,-3.7080452290074803,37,5,0,4,37,0.1149,ALTO
PN_0467,40.39203192291708,-3.7039907518088127,37,5,0,4,68,0.1149,ALTO
PN_0468,40.39818479209113,-3.7659220589729303,14,2,1,3,40,0.1148,CRITICO
PN_0469,40.42924345887851,-3.703930613280037,42,6,0,1,47,0.1147,ALTO
PN_0470,40.417110883816875,-3.6228248160004797,65,1,0,3,47,0.1143,CRITICO
PN_0471,40.422006821901746,-3.6591125649403375,40,5,0,3,56,0.1138,ALTO
PN_0472,40.39604273376616,-3.718925232772835,30,6,0,4,60,0.1137,ALTO
PN_0473,40.442950431514134,-3.641955363344531,17,2,1,2,30,0.1137,CRITICO
PN_0474,40.38407804738839,-3.643051023439952,35,7,0,1,25,0.1135,ALTO
PN_0475,40.42512340631203,-3.6741792835821556,41,6,0,1,48,0.1132,ALTO
PN_0476,40.42722169663973,-3.694985888755049,41,6,0,1,39,0.1132,ALTO
PN_0477,40.42513393082558,-3.6829062767362735,41,6,0,1,61,0.1132,ALTO
PN_0478,40.4138468737734,-3.707920273018735,37,6,0,2,35,0.1129,ALTO
PN_0479,40.47696393456165,-3.703775143630335,14,3,1,1,64,0.1128,CRITICO
PN_0480,40.38631665508816,-3.7349142871864327,38,4,0,5,65,0.1128,ALTO
PN_0481,40.428683829788945,-3.66785451148565,43,5,0,2,45,0.1127,ALTO
PN_0482,40.452344058916296,-3.6673402448923067,43,5,0,2,54,0.1127,ALTO
PN_0483,40.37526027765493,-3.654817205196515,44,3,0,5,17,0.1126,ALTO
PN_0484,40.430116036236626,-3.6409907565454924,33,6,0,3,64,0.1125,ALTO
PN_0485,40.43379219793965,-3.7042265903192684,40,3,0,6,47,0.1123,ALTO
PN_0486,40.4297628791695,-3.708001288802193,38,7,0,0,64,0.1123,ALTO
PN_0487,40.44186900839131,-3.623812443969791,55,3,0,2,54,0.1122,CRITICO
PN_0488,40.44891165149665,-3.7092426754018644,28,8,0,1,61,0.1122,ALTO
PN_0489,40.40614540928061,-3.62302793987047,35,5,0,4,6,0.112,ALTO
PN_0490,40.45293297584545,-3.677406146063289,11,4,1,0,70,0.1119,CRITICO
PN_0491,40.40900764062721,-3.710195985661067,40,6,0,1,36,0.1118,ALTO
PN_0492,40.453110738012064,-3.6949332444697873,36,6,0,2,99,0.1114,ALTO
PN_0493,40.42128868827082,-3.714130355642338,32,6,0,3,70,0.1111,ALTO
PN_0494,40.42803913774193,-3.689274064810515,48,4,0,2,49,0.1109,ALTO
PN_0495,40.43793109307049,-3.6779346975572316,48,4,0,2,97,0.1109,ALTO
PN_0496,40.43228586741422,-3.6750516924628585,43,6,0,0,67,0.1106,ALTO
PN_0497,40.40597172982081,-3.66011313945359,33,7,0,1,41,0.1105,ALTO
PN_0498,40.41110318942239,-3.692894735633749,33,7,0,1,45,0.1105,ALTO
PN_0499,40.43981913665483,-3.6911964437902935,33,7,0,1,49,0.1105,ALTO
PN_0500,40.44484145748431,-3.6600306390871604,50,3,0,3,66,0.1104,CRITICO
PN_0501,40.395946956521556,-3.7378668387287917,25,4,0,8,21,0.1103,ALTO
PN_0502,40.41484891857922,-3.6272052093235936,40,4,0,4,30,0.1102,ALTO
PN_0503,40.38403548594312,-3.6531367771820094,40,4,0,4,20,0.1102,ALTO
PN_0504,40.42219588121019,-3.7091058649163635,51,4,0,1,71,0.1098,CRITICO
PN_0505,40.40590635826526,-3.685172631057275,31,6,0,3,32,0.1096,ALTO
PN_0506,40.421345090212476,-3.7050170525122312,48,2,0,5,57,0.1094,ALTO
PN_0507,40.4768560064204,-3.7161986384566625,32,7,0,1,58,0.109,ALTO
PN_0508,40.45918059625284,-3.660003750998565,39,4,0,4,58,0.1088,ALTO
PN_0509,40.425746005545776,-3.673851221260202,38,6,0,1,45,0.1088,ALTO
PN_0510,40.42376694591001,-3.7111224661697757,38,6,0,1,85,0.1088,ALTO
PN_0511,40.40570121875159,-3.623667453621145,44,5,0,1,6,0.1086,ALTO
PN_0512,40.40982953316388,-3.6887999621222347,44,5,0,1,44,0.1086,ALTO
PN_0513,40.438983108862175,-3.621961881878275,44,5,0,1,72,0.1086,ALTO
PN_0514,40.36178981078018,-3.6937009117656823,34,6,0,2,30,0.1085,ALTO
PN_0515,40.38298984050794,-3.630049904920004,45,3,0,4,49,0.1085,ALTO
PN_0516,40.479871609830376,-3.7238541944368397,11,3,1,1,25,0.1084,CRITICO
PN_0517,40.431826653703666,-3.6577323745794104,40,5,0,2,91,0.1082,ALTO
PN_0518,40.437942428216246,-3.7239995861614337,30,6,0,3,24,0.1081,ALTO
PN_0519,40.442822930410564,-3.6759224494284046,46,4,0,2,52,0.108,ALTO
PN_0520,40.428112724262675,-3.6979793817461903,46,4,0,2,29,0.108,ALTO
PN_0521,40.38542015273476,-3.6357017043725075,52,3,0,2,34,0.1078,CRITICO
PN_0522,40.43319220528457,-3.7042112360624535,42,4,0,3,58,0.1076,ALTO
PN_0523,40.43682848828523,-3.699119263157123,31,7,0,1,33,0.1076,ALTO
PN_0524,40.48493428925593,-3.6727978271852364,21,8,0,2,47,0.1075,MEDIO
PN_0525,40.45864230159349,-3.683039476999662,19,1,1,2,79,0.1075,CRITICO
PN_0526,40.43510968335167,-3.686352455918529,37,6,0,1,76,0.1073,ALTO
PN_0527,40.37083497489462,-3.737251816153738,16,10,0,0,44,0.1071,MEDIO
PN_0528,40.471164534001765,-3.711275246589431,43,5,0,1,59,0.1071,ALTO
PN_0529,40.48577713814312,-3.6931251903234865,10,3,1,1,42,0.1069,CRITICO
PN_0530,40.42802373977706,-3.6580445727506956,10,3,1,1,47,0.1069,CRITICO
PN_0531,40.45998181311843,-3.6609407432412535,23,7,0,3,59,0.1069,MEDIO
PN_0532,40.44333882119411,-3.683723184449537,16,2,1,1,30,0.1066,CRITICO
PN_0533,40.42010237901237,-3.7080783520774223,45,4,0,2,57,0.1065,ALTO
PN_0534,40.413824681706586,-3.7073526236557477,34,7,0,0,32,0.1064,ALTO
PN_0535,40.43405961230904,-3.7187036098503627,51,3,0,2,62,0.1063,CRITICO
PN_0536,40.40596755197974,-3.708026513503982,40,6,0,0,44,0.1062,ALTO
PN_0537,40.41693635154702,-3.7239589625307477,36,6,0,1,81,0.1059,ALTO
PN_0538,40.4418322389337,-3.6919268954268016,36,6,0,1,48,0.1059,ALTO
PN_0539,40.413163169594874,-3.707161641418043,36,6,0,1,33,0.1059,ALTO
PN_0540,40.39409397703687,-3.7720195037626993,37,4,0,4,41,0.1058,ALTO
PN_0541,40.35390240853928,-3.6801044670938614,13,3,1,0,15,0.1057,CRITICO
PN_0542,40.47339327918269,-3.701958545964644,13,3,1,0,54,0.1057,CRITICO
PN_0543,40.446969451971,-3.70089891833314,13,3,1,0,68,0.1057,CRITICO
PN_0544,40.406146283616216,-3.7119061060932985,42,5,0,1,62,0.1056,ALTO
PN_0545,40.46486073192763,-3.6941899542907373,43,3,0,4,75,0.1056,ALTO
PN_0546,40.4539183094806,-3.69259565001061,21,9,0,0,93,0.1054,MEDIO
PN_0547,40.49593615353671,-3.7191924085656463,49,2,0,4,39,0.1053,ALTO
PN_0548,40.414162947743804,-3.7038349305484886,49,2,0,4,37,0.1053,ALTO
PN_0549,40.47014403165996,-3.6512786640205457,15,2,1,1,32,0.1052,CRITICO
PN_0550,40.41390037062679,-3.720005135552663,15,2,1,1,76,0.1052,CRITICO
PN_0551,40.44994876789656,-3.6629024226370426,54,3,0,1,63,0.1052,CRITICO
PN_0552,40.43908540054758,-3.7151338171936805,27,8,0,0,49,0.1052,ALTO
PN_0553,40.42993621661182,-3.700814243868378,33,7,0,0,46,0.105,ALTO
PN_0554,40.4052205943476,-3.7247716028500433,33,7,0,0,49,0.105,ALTO
PN_0555,40.45707032188084,-3.6770274030794026,44,4,0,2,107,0.105,ALTO
PN_0556,40.425926462610626,-3.707134711505899,40,4,0,3,60,0.1047,ALTO
PN_0557,40.41207690543855,-3.6931313741332232,30,5,0,4,43,0.1046,ALTO
PN_0558,40.43986522527483,-3.7261647692451603,35,6,0,1,13,0.1044,ALTO
PN_0559,40.456256610006335,-3.6948121961482903,35,6,0,1,120,0.1044,ALTO
PN_0560,40.45800766073881,-3.6169124311715968,36,4,0,4,29,0.1043,ALTO
PN_0561,40.394896598163605,-3.6418350645851185,62,1,0,2,45,0.1043,CRITICO
PN_0562,40.399040324969164,-3.7169538630308105,26,5,0,5,97,0.1042,ALTO
PN_0563,40.433242041875275,-3.6020672540515495,18,2,1,0,48,0.104,CRITICO
PN_0564,40.47098491597523,-3.673114647636474,8,3,1,1,44,0.1039,CRITICO
PN_0565,40.45086110248725,-3.6967619791142803,21,7,0,3,90,0.1039,MEDIO
PN_0566,40.36486872961255,-3.6986995515014076,8,3,1,1,28,0.1039,CRITICO
PN_0567,40.46307426608285,-3.6898420806172525,37,5,0,2,92,0.1038,ALTO
PN_0568,40.451785361535215,-3.68124739684886,37,5,0,2,58,0.1038,ALTO
PN_0569,40.432042611101984,-3.6679739096912476,14,2,1,1,71,0.1037,CRITICO
PN_0570,40.479119196686625,-3.6858674268392257,14,2,1,1,55,0.1037,CRITICO
PN_0571,40.44274988342624,-3.6200277574427164,14,2,1,1,42,0.1037,CRITICO
PN_0572,40.467284653899185,-3.7142330091327502,14,2,1,1,43,0.1037,CRITICO
PN_0573,40.39705294182319,-3.7130341192670357,28,4,0,6,105,0.1036,ALTO
PN_0574,40.45869651878672,-3.681954999957132,50,1,0,5,84,0.1033,CRITICO
PN_0575,40.42938572996598,-3.704830152625909,44,5,0,0,53,0.103,ALTO
PN_0576,40.430214341069075,-3.686940486717022,44,5,0,0,43,0.103,ALTO
PN_0577,40.43789848495677,-3.7197013789271858,34,6,0,1,41,0.1029,ALTO
PN_0578,40.38589461272229,-3.670901876541633,25,5,0,5,23,0.1028,ALTO
PN_0579,40.40826280159237,-3.712846985913022,11,3,1,0,53,0.1028,CRITICO
PN_0580,40.38512295148226,-3.7189259827378165,31,4,0,5,89,0.1025,ALTO
PN_0581,40.44598119129387,-3.687036535416445,27,4,0,6,30,0.1022,ALTO
PN_0582,40.43091954975315,-3.670937914716497,25,8,0,0,73,0.1022,ALTO
PN_0583,40.418008826901044,-3.6988823422649775,52,3,0,1,72,0.1022,CRITICO
PN_0584,40.43731118100827,-3.7202784011111913,13,2,1,1,41,0.1022,CRITICO
PN_0585,40.38533510630154,-3.709988141286707,27,4,0,6,24,0.1022,ALTO
PN_0586,40.3901180902227,-3.6469374238929313,32,5,0,3,37,0.102,ALTO
PN_0587,40.39016201430305,-3.7671554051206306,32,5,0,3,39,0.102,ALTO
PN_0588,40.3910478398157,-3.76295748732249,9,2,1,2,42,0.1019,CRITICO
PN_0589,40.41127329468279,-3.676175889258354,37,6,0,0,22,0.1018,ALTO
PN_0590,40.40607139020622,-3.6658764867112326,38,4,0,3,79,0.1017,ALTO
PN_0591,40.476066876191084,-3.686862920605872,27,7,0,1,60,0.1017,ALTO
PN_0592,40.4048232755776,-3.6819597932238257,27,7,0,1,21,0.1017,ALTO
PN_0593,40.46012813310998,-3.680941007471496,33,6,0,1,92,0.1014,ALTO
PN_0594,40.41487763968733,-3.701129841552988,10,3,1,0,45,0.1013,CRITICO
PN_0595,40.43505015519472,-3.7131424564505595,40,3,0,4,63,0.1012,ALTO
PN_0596,40.38686871020058,-3.6811064880383473,55,3,0,0,28,0.1011,CRITICO
PN_0597,40.44195776277888,-3.6590356978524614,45,4,0,1,93,0.101,ALTO
PN_0598,40.46001127492731,-3.6767678542638262,35,5,0,2,100,0.1008,ALTO
PN_0599,40.431882673939334,-3.7170190967959034,35,5,0,2,94,0.1008,ALTO
PN_0600,40.36991046147072,-3.645885079268359,41,4,0,2,0,0.1006,ALTO
PN_0601,40.3752188280335,-3.694966730003001,41,4,0,2,35,0.1006,ALTO
PN_0602,40.43298370804152,-3.691150072667279,47,3,0,2,48,0.1004,ALTO
PN_0603,40.433152092506475,-3.6730724712342466,47,3,0,2,65,0.1004,ALTO
PN_0604,40.43701325421123,-3.639961175821866,37,4,0,3,68,0.1003,ALTO
PN_0605,40.39581868716549,-3.6642723364678127,37,4,0,3,50,0.1003,ALTO
PN_0606,40.3869844143244,-3.698044195224152,14,1,1,2,49,0.1002,CRITICO
PN_0607,40.41405202923111,-3.651973807469824,27,5,0,4,42,0.1001,ALTO
PN_0608,40.453052724000386,-3.7430058952443495,42,5,0,0,17,0.1001,ALTO
PN_0609,40.45207002799762,-3.6901037721874257,43,3,0,3,72,0.1,ALTO
PN_0610,40.48397766626271,-3.69917197697001,59,1,0,2,49,0.0999,CRITICO
PN_0611,40.46715223839048,-3.6839600781765616,38,5,0,1,53,0.0997,ALTO
PN_0612,40.42476836602339,-3.6687749475859253,38,5,0,1,34,0.0997,ALTO
PN_0613,40.383846240527866,-3.6322237076457933,28,6,0,2,41,0.0996,ALTO
PN_0614,40.40994126920732,-3.713832238447735,28,6,0,2,51,0.0996,ALTO
PN_0615,40.406066190213345,-3.685908888401753,24,6,0,3,34,0.0993,MEDIO
PN_0616,40.43814472569012,-3.719205501149029,24,6,0,3,41,0.0993,MEDIO
PN_0617,40.35293304881327,-3.693085565118373,30,5,0,3,35,0.099,ALTO
PN_0618,40.47458104701603,-3.748006916428215,21,4,0,7,13,0.0989,MEDIO
PN_0619,40.44891964765295,-3.6779341750901096,46,3,0,2,41,0.0989,ALTO
PN_0620,40.42107602708779,-3.6590312355471735,26,5,0,4,74,0.0987,ALTO
PN_0621,40.43521916379787,-3.6882781578765402,32,4,0,4,66,0.0984,ALTO
PN_0622,40.45904625397306,-3.6908467227788595,48,2,0,3,123,0.0983,ALTO
PN_0623,40.386956473827645,-3.734090912543632,37,5,0,1,65,0.0982,ALTO
PN_0624,40.446290846491706,-3.6971743849884455,37,5,0,1,69,0.0982,ALTO
PN_0625,40.36994345560388,-3.766205075182066,27,6,0,2,24,0.0981,ALTO
PN_0626,40.40300559158439,-3.678076984165818,27,6,0,2,39,0.0981,ALTO
PN_0627,40.37200188214708,-3.7579093626339133,28,4,0,5,16,0.0981,ALTO
PN_0628,40.45924881387677,-3.6941475454425428,43,4,0,1,144,0.098,ALTO
PN_0629,40.42034754729734,-3.717953532603245,33,5,0,2,77,0.0979,ALTO
PN_0630,40.38696491732858,-3.7231105829934705,30,3,0,6,78,0.0975,ALTO
PN_0631,40.39196298255905,-3.7269397379960103,29,5,0,3,34,0.0975,ALTO
PN_0632,40.39989739051356,-3.685010245734718,34,6,0,0,31,0.0973,ALTO
PN_0633,40.45675813309715,-3.6902399614572587,35,4,0,3,104,0.0973,ALTO
PN_0634,40.38597256643471,-3.64168991889055,20,7,0,2,37,0.0969,MEDIO
PN_0635,40.424205867740376,-3.707346695084811,36,5,0,1,58,0.0968,ALTO
PN_0636,40.40013709293426,-3.719939060257282,37,3,0,4,66,0.0967,ALTO
PN_0637,40.44717999278948,-3.7087062280010517,26,6,0,2,54,0.0967,ALTO
PN_0638,40.483693995133436,-3.6789539533958604,53,1,0,3,36,0.0966,CRITICO
PN_0639,40.44175792497835,-3.640885866226701,33,3,0,5,28,0.0964,ALTO
PN_0640,40.44016773077443,-3.6699877923453252,19,1,1,0,54,0.0964,CRITICO
PN_0641,40.43889109137931,-3.6589667422079906,32,5,0,2,86,0.0964,ALTO
PN_0642,40.42314822247572,-3.691904821591348,32,5,0,2,68,0.0964,ALTO
PN_0643,40.42007032921497,-3.7030106687022735,48,3,0,1,66,0.0963,ALTO
PN_0644,40.452145914255574,-3.663039542310274,38,4,0,2,64,0.0962,ALTO
PN_0645,40.388104068217594,-3.671839386823781,39,2,0,5,18,0.0961,ALTO
PN_0646,40.39413619554237,-3.6629768658388846,15,1,1,1,48,0.0961,CRITICO
PN_0647,40.417971987757106,-3.6940722400369435,18,6,0,4,76,0.096,MEDIO
PN_0648,40.48407189503628,-3.707118689038195,23,7,0,1,57,0.0958,MEDIO
PN_0649,40.40203827335187,-3.7601584188774173,34,4,0,3,16,0.0958,ALTO
PN_0650,40.470795365752636,-3.7119303037636824,50,2,0,2,60,0.0957,CRITICO
PN_0651,40.48316185261682,-3.664164637504529,40,3,0,3,41,0.0956,ALTO
PN_0652,40.39534946448363,-3.7068658922009012,39,5,0,0,90,0.0956,ALTO
PN_0653,40.39313430793249,-3.7727900931490077,40,3,0,3,40,0.0956,ALTO
PN_0654,40.40390979269701,-3.706769283549531,29,6,0,1,45,0.0955,ALTO
PN_0655,40.41602907507108,-3.7087684610796967,56,1,0,2,33,0.0955,CRITICO
PN_0656,40.437820727267614,-3.7042760906551355,6,3,1,0,32,0.0954,CRITICO
PN_0657,40.4008931211351,-3.6361680762658515,35,5,0,1,23,0.0953,ALTO
PN_0658,40.42376608868931,-3.6828744855684006,35,5,0,1,64,0.0953,ALTO
PN_0659,40.4609014357349,-3.6658435875325317,25,6,0,2,72,0.0952,ALTO
PN_0660,40.37393370365365,-3.735960573789752,25,6,0,2,50,0.0952,ALTO
PN_0661,40.44911339881847,-3.6909488143778173,25,6,0,2,59,0.0952,ALTO
PN_0662,40.46639777200643,-3.715799032544059,12,2,1,0,37,0.0952,CRITICO
PN_0663,40.432654901126654,-3.652039519728387,31,5,0,2,82,0.0949,ALTO
PN_0664,40.38827449010196,-3.731951181574336,32,3,0,5,72,0.0949,ALTO
PN_0665,40.42915984260335,-3.6897968248595663,21,6,0,3,48,0.0948,MEDIO
PN_0666,40.37599449760779,-3.603928918324001,37,4,0,2,0,0.0947,ALTO
PN_0667,40.43108629126373,-3.679719323716071,37,4,0,2,51,0.0947,ALTO
PN_0668,40.37878166139529,-3.685235722761059,26,7,0,0,14,0.0946,ALTO
PN_0669,40.40188233636936,-3.6759260522331347,43,3,0,2,33,0.0945,ALTO
PN_0670,40.387774743387936,-3.7329032843152063,33,4,0,3,69,0.0944,ALTO
PN_0671,40.405951207946025,-3.6948125313993283,29,4,0,4,76,0.094,ALTO
PN_0672,40.42214601947862,-3.6266701346027923,19,5,0,5,49,0.0939,MEDIO
PN_0673,40.436055273820116,-3.6599443162029135,44,4,0,0,87,0.0939,ALTO
PN_0674,40.47923833751569,-3.7048585224837645,34,5,0,1,74,0.0938,ALTO
PN_0675,40.43281639355405,-3.650241862270933,34,5,0,1,84,0.0938,ALTO
PN_0676,40.471863224512866,-3.6839279652225536,61,0,0,2,39,0.0938,CRITICO
PN_0677,40.34385266412135,-3.7019955373113462,11,2,1,0,19,0.0937,CRITICO
PN_0678,40.44875156598236,-3.6788976963656697,17,1,1,0,43,0.0935,CRITICO
PN_0679,40.40487209259552,-3.745174118324575,30,5,0,2,35,0.0935,ALTO
PN_0680,40.44685937334863,-3.7102291956059568,36,4,0,2,50,0.0932,ALTO
PN_0681,40.42608709026124,-3.697073328795711,36,4,0,2,27,0.0932,ALTO
PN_0682,40.405139910975265,-3.7511686777164344,25,7,0,0,37,0.0932,ALTO
PN_0683,40.447435215364834,-3.649761340140296,13,1,1,1,53,0.0931,CRITICO
PN_0684,40.428036428665564,-3.6898451339536718,42,3,0,2,45,0.093,ALTO
PN_0685,40.437227737378166,-3.6771539131251436,42,3,0,2,77,0.093,ALTO
PN_0686,40.41801872539636,-3.619945213735979,32,4,0,3,40,0.0929,ALTO
PN_0687,40.388846092334965,-3.74011977147882,32,4,0,3,79,0.0929,ALTO
PN_0688,40.389078036609554,-3.766026940389186,31,6,0,0,31,0.0929,ALTO
PN_0689,40.45098681066039,-3.6951613501854257,32,4,0,3,84,0.0929,ALTO
PN_0690,40.42807441189226,-3.68732823445927,37,5,0,0,47,0.0927,ALTO
PN_0691,40.44176414208825,-3.6959644344829883,38,3,0,3,48,0.0926,ALTO
PN_0692,40.449885579767155,-3.7036300152852046,38,3,0,3,65,0.0926,ALTO
PN_0693,40.42371149167517,-3.7149093716599153,33,5,0,1,74,0.0923,ALTO
PN_0694,40.46097917660896,-3.7840477610013195,10,2,1,0,49,0.0922,CRITICO
PN_0695,40.379181842666604,-3.727105340963642,10,2,1,0,30,0.0922,CRITICO
PN_0696,40.362043273199795,-3.693004554331393,10,2,1,0,30,0.0922,CRITICO
PN_0697,40.46834599003637,-3.6287149083320336,39,4,0,1,5,0.0921,ALTO
PN_0698,40.43905648172627,-3.6829242575938568,39,4,0,1,83,0.0921,ALTO
PN_0699,40.44981805042511,-3.6880333056071732,39,4,0,1,40,0.0921,ALTO
PN_0700,40.372056048673876,-3.719930422975316,29,5,0,2,25,0.092,ALTO
PN_0701,40.41416620886055,-3.669720092175824,16,1,1,0,50,0.092,CRITICO
PN_0702,40.42962020608634,-3.7221749590531736,6,2,1,1,36,0.0919,CRITICO
PN_0703,40.3731108703728,-3.712184369145945,45,3,0,1,24,0.0919,ALTO
PN_0704,40.4291844525283,-3.7298764517588796,6,2,1,1,20,0.0919,CRITICO
PN_0705,40.388006317629284,-3.7619697994316454,31,1,0,8,43,0.0919,ALTO
PN_0706,40.43818991446104,-3.6947111335652014,45,3,0,1,49,0.0919,ALTO
PN_0707,40.429937082977894,-3.679850134936534,35,4,0,2,42,0.0918,ALTO
PN_0708,40.40728736843687,-3.6780867172316993,35,4,0,2,30,0.0918,ALTO
PN_0709,40.47274756325769,-3.6760049500099496,46,1,0,4,43,0.0918,ALTO
PN_0710,40.390094941479724,-3.6199675620904537,24,7,0,0,7,0.0917,MEDIO
PN_0711,40.391995934415135,-3.7557780688755726,25,5,0,3,30,0.0916,ALTO
PN_0712,40.386123662540854,-3.7609569343666664,41,3,0,2,37,0.0915,ALTO
PN_0713,40.455907923389,-3.6566883027159336,41,3,0,2,54,0.0915,ALTO
PN_0714,40.47174320864032,-3.6830165627696685,41,3,0,2,39,0.0915,ALTO
PN_0715,40.40595520748662,-3.665113244106745,41,3,0,2,74,0.0915,ALTO
PN_0716,40.38113137955827,-3.6529936359198985,37,3,0,3,10,0.0912,ALTO
PN_0717,40.399973191364516,-3.763371276344553,37,3,0,3,40,0.0912,ALTO
PN_0718,40.42861504624847,-3.576858617116949,36,5,0,0,0,0.0912,ALTO
PN_0719,40.451722777033346,-3.677109331745532,27,4,0,4,56,0.0911,ALTO
PN_0720,40.43502171176918,-3.6600167467757334,53,1,0,2,106,0.0911,CRITICO
PN_0721,40.37406482339506,-3.7653200043414348,16,7,0,2,26,0.091,MEDIO
PN_0722,40.40313172453351,-3.695951484667518,32,5,0,1,102,0.0909,ALTO
PN_0723,40.38997624997329,-3.7071353822201636,9,2,1,0,43,0.0908,CRITICO
PN_0724,40.41915532732752,-3.6888017568815687,49,1,0,3,53,0.0907,ALTO
PN_0725,40.44372567501458,-3.683960459926925,22,6,0,2,26,0.0907,MEDIO
PN_0726,40.40679833047063,-3.730250614404989,22,6,0,2,20,0.0907,MEDIO
PN_0727,40.43391997489431,-3.6601798148760953,38,4,0,1,108,0.0906,ALTO
PN_0728,40.42704749778496,-3.6709294278289026,38,4,0,1,47,0.0906,ALTO
PN_0729,40.43026179183971,-3.6889054990918275,28,5,0,2,43,0.0905,ALTO
PN_0730,40.403206049764414,-3.678725900656091,28,5,0,2,33,0.0905,ALTO
PN_0731,40.43830748099869,-3.69909016396426,28,5,0,2,30,0.0905,ALTO
PN_0732,40.44624226317812,-3.6987541736798724,28,5,0,2,75,0.0905,ALTO
PN_0733,40.39542408790521,-3.7479042054316487,5,2,1,1,16,0.0904,CRITICO
PN_0734,40.48098332031484,-3.709120303047161,34,4,0,2,80,0.0903,ALTO
PN_0735,40.37782327953412,-3.7486856098027754,35,2,0,5,29,0.0902,ALTO
PN_0736,40.42001770413519,-3.6641021270698353,23,7,0,0,56,0.0902,MEDIO
PN_0737,40.40090425090096,-3.6996494045237043,24,5,0,3,78,0.0902,MEDIO
PN_0738,40.42281130792199,-3.711947714125773,29,6,0,0,84,0.09,ALTO
PN_0739,40.46401752764782,-3.6959701866848538,30,4,0,3,86,0.0899,ALTO
PN_0740,40.39995528118738,-3.7252630531370934,20,5,0,4,20,0.0898,MEDIO
PN_0741,40.42566287499557,-3.6908262748585465,36,3,0,3,50,0.0897,ALTO
PN_0742,40.400029984730025,-3.7179201773694768,36,3,0,3,82,0.0897,ALTO
PN_0743,40.422790429226325,-3.61138681592616,36,3,0,3,54,0.0897,ALTO
PN_0744,40.43275921466297,-3.682080546815792,35,5,0,0,65,0.0897,ALTO
PN_0745,40.4228889958217,-3.7076103778246123,25,6,0,1,67,0.0896,ALTO
PN_0746,40.47593194892432,-3.7159493933744376,25,6,0,1,64,0.0896,ALTO
PN_0747,40.410323369049934,-3.6951045611719473,25,6,0,1,39,0.0896,ALTO
PN_0748,40.399240175431764,-3.6681402452667577,52,1,0,2,54,0.0896,CRITICO
PN_0749,40.42692199249008,-3.5791384263934125,42,2,0,3,0,0.0895,ALTO
PN_0750,40.426224214978866,-3.6928767823183763,21,6,0,2,47,0.0893,MEDIO
PN_0751,40.39302665633338,-3.7240425243498936,21,6,0,2,22,0.0893,MEDIO
PN_0752,40.438053063682986,-3.6918933689130227,47,3,0,0,56,0.0893,ALTO
PN_0753,40.37609174717025,-3.622207935896132,8,2,1,0,10,0.0893,CRITICO
PN_0754,40.402185250214025,-3.7592081574481098,32,3,0,4,15,0.0893,ALTO
PN_0755,40.458296505051436,-3.672041626017875,37,4,0,1,94,0.0892,ALTO
PN_0756,40.384719282325655,-3.739253518809307,22,4,0,5,59,0.0892,MEDIO
PN_0757,40.4319152806272,-3.7050759903625994,27,5,0,2,65,0.089,ALTO
PN_0758,40.41818764212501,-3.6761770988089895,27,5,0,2,51,0.089,ALTO
PN_0759,40.39595761165752,-3.6390976622004896,27,5,0,2,41,0.089,ALTO
PN_0760,40.439301300919695,-3.7259927200046863,43,3,0,1,13,0.0889,ALTO
PN_0761,40.44205360244259,-3.704901973349778,33,4,0,2,28,0.0888,ALTO
PN_0762,40.38321494290765,-3.7060236522762,33,4,0,2,27,0.0888,ALTO
PN_0763,40.393986472507336,-3.705833610355357,34,2,0,5,80,0.0888,ALTO
PN_0764,40.36108436738113,-3.693843791323063,28,6,0,0,31,0.0885,ALTO
PN_0765,40.40420702962251,-3.654139851425183,40,1,0,5,30,0.0885,ALTO
PN_0766,40.4499093777158,-3.6778076492851772,18,7,0,1,49,0.0884,MEDIO
PN_0767,40.420063378686415,-3.7207078877160833,45,2,0,2,67,0.0883,ALTO
PN_0768,40.47492995813397,-3.6740865732186214,45,2,0,2,43,0.0883,ALTO
PN_0769,40.37371554953538,-3.733062866194259,45,2,0,2,44,0.0883,ALTO
PN_0770,40.404783191845596,-3.6548958737080826,35,3,0,3,30,0.0882,ALTO
PN_0771,40.42219878777489,-3.65692891455368,35,3,0,3,55,0.0882,ALTO
PN_0772,40.39102176471248,-3.6719750043326784,25,4,0,4,42,0.0881,ALTO
PN_0773,40.42524620389703,-3.6870135589112225,40,4,0,0,51,0.088,ALTO
PN_0774,40.43483169405858,-3.6792193935166657,40,4,0,0,67,0.088,ALTO
PN_0775,40.4101730390385,-3.6298691395266265,41,2,0,3,31,0.088,ALTO
PN_0776,40.43568046274989,-3.718191023195893,30,5,0,1,54,0.0879,ALTO
PN_0777,40.38798578909163,-3.6678868551116195,21,4,0,5,28,0.0878,MEDIO
PN_0778,40.439047630936045,-3.7129430490619644,36,4,0,1,49,0.0877,ALTO
PN_0779,40.36814359864493,-3.7419036112573085,36,4,0,1,35,0.0877,ALTO
PN_0780,40.47291570536879,-3.6489696771829827,26,5,0,2,28,0.0876,ALTO
PN_0781,40.39077308276149,-3.76696432889131,27,3,0,5,40,0.0875,ALTO
PN_0782,40.45199576191666,-3.7032161089312567,42,3,0,1,70,0.0874,ALTO
PN_0783,40.420700445579755,-3.7150263457407044,42,3,0,1,53,0.0874,ALTO
PN_0784,40.46791931027043,-3.6532888791964138,21,7,0,0,27,0.0873,MEDIO
PN_0785,40.48916565094657,-3.6552987100100953,9,1,1,1,47,0.0872,CRITICO
PN_0786,40.39293791005282,-3.7409470727552354,28,4,0,3,41,0.087,ALTO
PN_0787,40.40399638985432,-3.7202675398346394,27,6,0,0,68,0.087,ALTO
PN_0788,40.416966336350875,-3.6782474456783034,28,4,0,3,37,0.087,ALTO
PN_0789,40.3960270308242,-3.715162075757919,33,5,0,0,94,0.0868,ALTO
PN_0790,40.420004931383836,-3.6793125375875393,23,6,0,1,67,0.0867,MEDIO
PN_0791,40.42479684226284,-3.725318504412616,24,4,0,4,28,0.0866,MEDIO
PN_0792,40.42208349417132,-3.684332051683674,40,2,0,3,55,0.0865,ALTO
PN_0793,40.3668487458963,-3.6059681414954734,29,5,0,1,54,0.0864,ALTO
PN_0794,40.3680858104775,-3.694171303796008,29,5,0,1,72,0.0864,ALTO
PN_0795,40.42782568406772,-3.714138143975854,30,3,0,4,89,0.0864,ALTO
PN_0796,40.50503748204933,-3.6959459158548698,6,2,1,0,69,0.0863,CRITICO
PN_0797,40.40884432387827,-3.742724889974395,6,2,1,0,29,0.0863,CRITICO
PN_0798,40.38303471928177,-3.629087675684186,6,2,1,0,55,0.0863,CRITICO
PN_0799,40.45289391562646,-3.7129088694174985,6,2,1,0,64,0.0863,CRITICO
PN_0800,40.41798015429802,-3.6141604117361195,6,2,1,0,21,0.0863,CRITICO
PN_0801,40.42777978112076,-3.6799857085247716,35,4,0,1,56,0.0862,ALTO
PN_0802,40.47979081495287,-3.6740997320777575,36,2,0,4,49,0.0862,ALTO
PN_0803,40.40693437259226,-3.69586543354054,35,4,0,1,62,0.0862,ALTO
PN_0804,40.42614826615714,-3.6800477560569007,35,4,0,1,56,0.0862,ALTO
PN_0805,40.445139945652606,-3.6747989799434584,12,1,1,0,39,0.0861,CRITICO
PN_0806,40.40598420948119,-3.732919703878172,12,1,1,0,18,0.0861,CRITICO
PN_0807,40.43870695259455,-3.6356913543622524,12,1,1,0,60,0.0861,CRITICO
PN_0808,40.514186223987615,-3.6715513927167933,14,8,0,0,12,0.086,MEDIO
PN_0809,40.43616450335354,-3.68316422343899,31,4,0,2,86,0.0859,ALTO
PN_0810,40.41377136876621,-3.7271699089275794,31,4,0,2,83,0.0859,ALTO
PN_0811,40.40589611647643,-3.651097606153805,32,2,0,5,35,0.0858,ALTO
PN_0812,40.43201174652834,-3.6268122731585533,37,3,0,2,34,0.0856,ALTO
PN_0813,40.43085340337226,-3.6869238849775416,26,6,0,0,45,0.0855,ALTO
PN_0814,40.428970826688044,-3.7218110659291663,27,4,0,3,42,0.0855,ALTO
PN_0815,40.42380692141275,-3.6842087224752333,32,5,0,0,63,0.0853,ALTO
PN_0816,40.4049911178519,-3.666072498200109,39,2,0,3,74,0.085,ALTO
PN_0817,40.50204596536412,-3.6969995065625043,28,5,0,1,67,0.085,ALTO
PN_0818,40.44192540848047,-3.6669881828868625,28,5,0,1,52,0.085,ALTO
PN_0819,40.45997800311889,-3.69894737791181,39,2,0,3,104,0.085,ALTO
PN_0820,40.47306172266484,-3.579735775987486,5,2,1,0,19,0.0848,CRITICO
PN_0821,40.495976365789105,-3.6876601529894955,5,2,1,0,15,0.0848,CRITICO
PN_0822,40.378912740795386,-3.6650992633782358,18,6,0,2,36,0.0848,MEDIO
PN_0823,40.39505601324169,-3.672112501120034,44,3,0,0,54,0.0848,ALTO
PN_0824,40.424757126380435,-3.7120611273036803,34,4,0,1,73,0.0847,ALTO
PN_0825,40.3853648639597,-3.7237890269345093,35,2,0,4,83,0.0847,ALTO
PN_0826,40.43277113127219,-3.6809148954165023,25,3,0,5,61,0.0846,ALTO
PN_0827,40.439102168413235,-3.6412068241344877,24,5,0,2,62,0.0846,MEDIO
PN_0828,40.389245612979146,-3.75194163265416,24,5,0,2,14,0.0846,MEDIO
PN_0829,40.40899046055213,-3.657001943816868,24,5,0,2,51,0.0846,MEDIO
PN_0830,40.38716504564307,-3.6407469073483107,30,4,0,2,46,0.0844,ALTO
PN_0831,40.456844569777665,-3.70400530067785,30,4,0,2,65,0.0844,ALTO
PN_0832,40.44125292368551,-3.714173872289811,7,1,1,1,43,0.0843,CRITICO
PN_0833,40.414806856370774,-3.651310564490344,7,1,1,1,41,0.0843,CRITICO
PN_0834,40.426120096386285,-3.6840482519949527,36,3,0,2,55,0.0841,ALTO
PN_0835,40.450891920761464,-3.7108931363778845,15,7,0,1,57,0.084,MEDIO
PN_0836,40.37423113250724,-3.6817725909305623,32,3,0,3,4,0.0838,ALTO
PN_0837,40.400984853575174,-3.7148248571769655,48,1,0,2,101,0.0837,ALTO
PN_0838,40.45172436304995,-3.6777066270449867,37,4,0,0,56,0.0836,ALTO
PN_0839,40.39405744916132,-3.694821743068685,37,4,0,0,73,0.0836,ALTO
PN_0840,40.41301506939261,-3.693200193094106,27,5,0,1,51,0.0835,ALTO
PN_0841,40.3918428953427,-3.6960677507376123,28,3,0,4,68,0.0834,ALTO
PN_0842,40.385172301868074,-3.7161966872515135,28,3,0,4,77,0.0834,ALTO
PN_0843,40.45378874761726,-3.6608192247576943,33,4,0,1,65,0.0832,ALTO
PN_0844,40.48324004490532,-3.688069533495752,33,4,0,1,50,0.0832,ALTO
PN_0845,40.42324675308536,-3.714924097991654,33,4,0,1,71,0.0832,ALTO
PN_0846,40.37329509495319,-3.726100266742385,34,2,0,4,16,0.0832,ALTO
PN_0847,40.38200480615749,-3.7112743621379134,23,5,0,2,29,0.0831,MEDIO
PN_0848,40.46286798319039,-3.623040802811366,23,5,0,2,15,0.0831,MEDIO
PN_0849,40.43295380876145,-3.691836464519466,23,5,0,2,48,0.0831,MEDIO
PN_0850,40.443669949629275,-3.616935345662839,29,4,0,2,30,0.0829,ALTO
PN_0851,40.48384996894743,-3.689036769583934,29,4,0,2,42,0.0829,ALTO
PN_0852,40.44993043974774,-3.6910862283744725,35,3,0,2,69,0.0827,ALTO
PN_0853,40.407953640137606,-3.645922526160089,35,3,0,2,24,0.0827,ALTO
PN_0854,40.42911650743766,-3.6459086808585144,24,6,0,0,88,0.0826,MEDIO
PN_0855,40.429162020601524,-3.705923996752897,36,1,0,5,55,0.0826,ALTO
PN_0856,40.37695751489457,-3.7192678385274927,26,2,0,6,19,0.0825,ALTO
PN_0857,40.39324541761471,-3.6752426214633944,47,1,0,2,50,0.0822,ALTO
PN_0858,40.42724875768334,-3.670078694644463,20,6,0,1,43,0.0822,MEDIO
PN_0859,40.470138728659215,-3.6880752065126536,21,4,0,4,49,0.0822,MEDIO
PN_0860,40.41702146559602,-3.693207586620461,36,4,0,0,79,0.0821,ALTO
PN_0861,40.467209994804676,-3.6742373684663696,36,4,0,0,59,0.0821,ALTO
PN_0862,40.484029484918636,-3.690008474334875,36,4,0,0,30,0.0821,ALTO
PN_0863,40.48297623308717,-3.6738648442529658,26,5,0,1,56,0.082,ALTO
PN_0864,40.4561870530867,-3.6922132681653355,26,5,0,1,109,0.082,ALTO
PN_0865,40.40388964563191,-3.745167909697751,27,3,0,4,35,0.082,ALTO
PN_0866,40.37794478310592,-3.7191994506835218,27,3,0,4,7,0.082,ALTO
PN_0867,40.43819848095224,-3.6961990171215087,26,5,0,1,48,0.082,ALTO
PN_0868,40.42004085958813,-3.6649906192372046,26,5,0,1,63,0.082,ALTO
PN_0869,40.43483088488949,-3.7192444407834504,42,3,0,0,52,0.0819,ALTO
PN_0870,40.45230127901428,-3.66589501995563,32,4,0,1,58,0.0818,ALTO
PN_0871,40.40901115261455,-3.692688136186697,32,4,0,1,60,0.0818,ALTO
PN_0872,40.38599264227352,-3.6718104525501456,9,1,1,0,22,0.0817,CRITICO
PN_0873,40.42981700228322,-3.7189176988919965,22,5,0,2,77,0.0817,MEDIO
PN_0874,40.442032507663015,-3.659765861366941,39,1,0,4,87,0.0815,ALTO
PN_0875,40.45892086990758,-3.6768325813085774,38,3,0,1,111,0.0815,ALTO
PN_0876,40.439974975875224,-3.6590543688230044,44,2,0,1,76,0.0813,ALTO
PN_0877,40.350672671522304,-3.6773692816760564,5,1,1,1,13,0.0813,CRITICO
PN_0878,40.36036512346256,-3.693714019107618,5,1,1,1,37,0.0813,CRITICO
PN_0879,40.40204695685412,-3.6519466241271097,17,7,0,0,32,0.0813,MEDIO
PN_0880,40.431693286562755,-3.659109179297827,24,4,0,3,97,0.0811,MEDIO
PN_0881,40.39412928917788,-3.771001759379724,29,5,0,0,45,0.0809,ALTO
PN_0882,40.41981381392293,-3.6921891916162184,30,3,0,3,70,0.0808,ALTO
PN_0883,40.385835514716,-3.6669407346806318,31,1,0,6,36,0.0808,ALTO
PN_0884,40.38408619421891,-3.6329197007108758,30,3,0,3,38,0.0808,ALTO
PN_0885,40.38386277495655,-3.7113126867776662,21,2,0,7,27,0.0807,MEDIO
PN_0886,40.46694231113752,-3.68499109249509,36,2,0,3,53,0.0806,ALTO
PN_0887,40.43104448224244,-3.633001577206466,25,5,0,1,84,0.0805,ALTO
PN_0888,40.373146030986035,-3.637722264385715,42,1,0,3,10,0.0804,ALTO
PN_0889,40.47786548518988,-3.712154324717973,41,3,0,0,74,0.0804,ALTO
PN_0890,40.4212661949085,-3.6710044242113544,31,4,0,1,70,0.0803,ALTO
PN_0891,40.42421388516413,-3.711824911675588,31,4,0,1,81,0.0803,ALTO
PN_0892,40.40696704204963,-3.662822149028494,21,5,0,2,82,0.0802,MEDIO
PN_0893,40.41011799589219,-3.7379735073535545,21,5,0,2,41,0.0802,MEDIO
PN_0894,40.42980932341955,-3.6268378264273458,8,1,1,0,53,0.0802,CRITICO
PN_0895,40.47213211860306,-3.699096882171456,47,2,0,0,40,0.0802,ALTO
PN_0896,40.39767472558891,-3.715344287642299,37,3,0,1,110,0.0801,ALTO
PN_0897,40.40717353740102,-3.6808480204964367,37,3,0,1,27,0.0801,ALTO
PN_0898,40.44679799703138,-3.695724721546562,37,3,0,1,87,0.0801,ALTO
PN_0899,40.385699348443616,-3.6360194105903894,48,0,0,3,33,0.0801,ALTO
PN_0900,40.40674502211946,-3.6691964791212732,48,0,0,3,92,0.0801,ALTO
PN_0901,40.383243924505585,-3.704970832942035,38,1,0,4,24,0.08,ALTO
PN_0902,40.44889736974597,-3.6670520349683375,27,4,0,2,61,0.0799,ALTO
PN_0903,40.380262372755,-3.66606741947063,27,4,0,2,41,0.0799,ALTO
PN_0904,40.452415294469816,-3.7117952513247867,27,4,0,2,60,0.0799,ALTO
PN_0905,40.39681746318537,-3.703911070094524,27,4,0,2,74,0.0799,ALTO
PN_0906,40.429328039957035,-3.666138629537168,27,4,0,2,48,0.0799,ALTO
PN_0907,40.39389228562597,-3.722984284428327,27,4,0,2,22,0.0799,ALTO
PN_0908,40.47970439580788,-3.7027717333724346,23,4,0,3,69,0.0796,MEDIO
PN_0909,40.434997282035575,-3.7042372262021352,28,5,0,0,41,0.0794,ALTO
PN_0910,40.44415313722381,-3.678193912483361,29,3,0,3,44,0.0794,ALTO
PN_0911,40.4203025753007,-3.687075751539191,28,5,0,0,45,0.0794,ALTO
PN_0912,40.431694335665625,-3.7321920715319243,18,6,0,1,26,0.0793,MEDIO
PN_0913,40.37496316066252,-3.6557363131176714,24,5,0,1,19,0.0791,MEDIO
PN_0914,40.386908504975935,-3.639038574430817,24,5,0,1,33,0.0791,MEDIO
PN_0915,40.482107076733826,-3.6850258362994226,25,3,0,4,50,0.079,ALTO
PN_0916,40.42812385162382,-3.706272966372955,30,4,0,1,47,0.0788,ALTO
PN_0917,40.3501755535663,-3.7048368333476014,31,2,0,4,36,0.0788,ALTO
PN_0918,40.43716811188845,-3.6391132157641812,30,4,0,1,68,0.0788,ALTO
PN_0919,40.443923108653586,-3.7106721756983063,31,2,0,4,50,0.0788,ALTO
PN_0920,40.43917223933351,-3.7201264541171453,7,1,1,0,34,0.0787,CRITICO
PN_0921,40.386762487353266,-3.765257426225179,7,1,1,0,36,0.0787,CRITICO
PN_0922,40.406015009389016,-3.662909896505467,7,1,1,0,63,0.0787,CRITICO
PN_0923,40.418002796487634,-3.6559360322234804,20,5,0,2,48,0.0787,MEDIO
PN_0924,40.434622502593825,-3.7001158902115874,26,4,0,2,47,0.0785,ALTO
PN_0925,40.428153419743154,-3.7146553059320193,26,4,0,2,86,0.0785,ALTO
PN_0926,40.434106788440474,-3.7179877859256183,26,4,0,2,68,0.0785,ALTO
PN_0927,40.434079323514226,-3.6351745844251107,26,4,0,2,73,0.0785,ALTO
PN_0928,40.43591709340913,-3.6792192423171497,37,1,0,4,78,0.0785,ALTO
PN_0929,40.43082589669923,-3.663104344620011,42,2,0,1,74,0.0783,ALTO
PN_0930,40.417265736518694,-3.624157778198073,42,2,0,1,49,0.0783,ALTO
PN_0931,40.39693282868604,-3.7742176386427437,32,3,0,2,35,0.0782,ALTO
PN_0932,40.39280441302234,-3.724837409535237,32,3,0,2,21,0.0782,ALTO
PN_0933,40.41399816497818,-3.6772246304601066,21,6,0,0,32,0.0782,MEDIO
PN_0934,40.45224483279569,-3.6928400054848938,32,3,0,2,88,0.0782,ALTO
PN_0935,40.40991327391024,-3.669877953996371,22,4,0,3,60,0.0781,MEDIO
PN_0936,40.40088643155219,-3.674133625477421,22,4,0,3,41,0.0781,MEDIO
PN_0937,40.39593682899663,-3.768853315128191,23,2,0,6,70,0.0781,MEDIO
PN_0938,40.45300287289974,-3.605214034746897,48,1,0,1,6,0.0781,ALTO
PN_0939,40.41977208297147,-3.699200478120154,38,2,0,2,67,0.078,ALTO
PN_0940,40.42189569648212,-3.721924914946223,27,5,0,0,59,0.0779,ALTO
PN_0941,40.37616632866767,-3.694301872185766,27,5,0,0,27,0.0779,ALTO
PN_0942,40.39187260998786,-3.661180117980455,28,3,0,3,59,0.0779,ALTO
PN_0943,40.383895847903105,-3.728975887999866,28,3,0,3,56,0.0779,ALTO
PN_0944,40.38518925106227,-3.710999564542658,28,3,0,3,33,0.0779,ALTO
PN_0945,40.38175151793558,-3.744156366702113,28,3,0,3,30,0.0779,ALTO
PN_0946,40.43270535855476,-3.679248946582696,28,3,0,3,67,0.0779,ALTO
PN_0947,40.48417218518989,-3.6700007537372965,17,6,0,1,37,0.0778,MEDIO
PN_0948,40.40396415612173,-3.7062012448122656,17,6,0,1,48,0.0778,MEDIO
PN_0949,40.48220755908368,-3.704250689252197,33,4,0,0,65,0.0777,ALTO
PN_0950,40.375942725517824,-3.603081743866329,23,5,0,1,0,0.0776,MEDIO
PN_0951,40.46384447231087,-3.6898070899513935,23,5,0,1,83,0.0776,MEDIO
PN_0952,40.48041351113002,-3.7123672056780985,50,0,0,2,90,0.0775,CRITICO
PN_0953,40.43365380499503,-3.647095226917338,24,3,0,4,77,0.0775,MEDIO
PN_0954,40.43701539433568,-3.683158272222245,24,3,0,4,87,0.0775,MEDIO
PN_0955,40.433134987765925,-3.6480417915972874,40,1,0,3,93,0.0774,ALTO
PN_0956,40.36697506097046,-3.6550618292005965,40,1,0,3,0,0.0774,ALTO
PN_0957,40.3931517697868,-3.6660134725595506,30,2,0,4,46,0.0773,ALTO
PN_0958,40.351821887239545,-3.692088174675726,30,2,0,4,26,0.0773,ALTO
PN_0959,40.42215253313666,-3.6261723404948922,20,3,0,5,49,0.0772,MEDIO
PN_0960,40.37977884875594,-3.6852053491657846,6,1,1,0,32,0.0772,CRITICO
PN_0961,40.44914627210728,-3.6111696119581915,6,1,1,0,36,0.0772,CRITICO
PN_0962,40.385724568234146,-3.646574896619134,35,3,0,1,29,0.0771,ALTO
PN_0963,40.383152676429745,-3.6252628240404534,35,3,0,1,43,0.0771,ALTO
PN_0964,40.392851633553796,-3.6949266213258456,35,3,0,1,62,0.0771,ALTO
PN_0965,40.42274219519051,-3.726981570418399,35,3,0,1,33,0.0771,ALTO
PN_0966,40.42014366168709,-3.7039584068573084,41,2,0,1,61,0.0769,ALTO
PN_0967,40.45488898112142,-3.6229279350650736,27,0,0,8,46,0.0769,ALTO
PN_0968,40.458916056930164,-3.6868830964187262,31,3,0,2,91,0.0768,ALTO
PN_0969,40.39426966094841,-3.673028736489675,31,3,0,2,40,0.0768,ALTO
PN_0970,40.40198918055528,-3.596727120989681,20,6,0,0,11,0.0767,MEDIO
PN_0971,40.44124451000135,-3.6926429891872474,21,4,0,3,47,0.0766,MEDIO
PN_0972,40.396681288761776,-3.666151642560962,26,5,0,0,60,0.0765,ALTO
PN_0973,40.45319186253404,-3.6672482514438878,27,3,0,3,42,0.0764,ALTO
PN_0974,40.41395027691137,-3.725993625479797,27,3,0,3,89,0.0764,ALTO
PN_0975,40.432994536792584,-3.68871822398059,27,3,0,3,55,0.0764,ALTO
PN_0976,40.39299665370375,-3.751887101762219,17,4,0,4,19,0.0763,MEDIO
PN_0977,40.45883240273932,-3.685812907881258,43,1,0,2,88,0.0763,ALTO
PN_0978,40.40213016332697,-3.745045941371085,18,2,0,7,31,0.0763,MEDIO
PN_0979,40.39905256425122,-3.6031385940092515,32,4,0,0,0,0.0762,ALTO
PN_0980,40.356997404939115,-3.693148486726125,33,2,0,3,34,0.0762,ALTO
PN_0981,40.407210010497735,-3.6769845410011786,32,4,0,0,28,0.0762,ALTO
PN_0982,40.37881941324139,-3.711734610792625,23,3,0,4,15,0.0761,MEDIO
PN_0983,40.43507176224198,-3.6930942754442144,22,5,0,1,52,0.0761,MEDIO
PN_0984,40.4706422481991,-3.6850838573841136,38,3,0,0,48,0.076,ALTO
PN_0985,40.44290581518849,-3.6590726950007153,28,4,0,1,85,0.0759,ALTO
PN_0986,40.44615802206355,-3.7038361145243894,28,4,0,1,50,0.0759,ALTO
PN_0987,40.42134648780542,-3.683086531240516,28,4,0,1,51,0.0759,ALTO
PN_0988,40.370898738838356,-3.6969858512307807,5,1,1,0,65,0.0758,CRITICO
PN_0989,40.38276121466054,-3.7130619705510517,5,1,1,0,42,0.0758,CRITICO
PN_0990,40.42977262744313,-3.628204155772161,5,1,1,0,63,0.0758,CRITICO
PN_0991,40.42701092795179,-3.6687027467285045,18,5,0,2,36,0.0758,MEDIO
PN_0992,40.4056216125591,-3.6180848384949718,5,1,1,0,21,0.0758,CRITICO
PN_0993,40.42018855387141,-3.6659426526022627,34,3,0,1,56,0.0756,ALTO
PN_0994,40.46303001132225,-3.6850964550263163,34,3,0,1,51,0.0756,ALTO
PN_0995,40.43884923980341,-3.6909450507076347,34,3,0,1,50,0.0756,ALTO
PN_0996,40.441840336134426,-3.6232608342417496,24,4,0,2,56,0.0755,MEDIO
PN_0997,40.4949796556678,-3.6501395442685887,24,4,0,2,18,0.0755,MEDIO
PN_0998,40.40903034841723,-3.7132393666412207,24,4,0,2,51,0.0755,MEDIO
PN_0999,40.43004885382998,-3.607064463252513,24,4,0,2,55,0.0755,MEDIO
PN_1000,40.40796751668888,-3.631021978210234,40,2,0,1,39,0.0754,ALTO
PN_1001,40.39013395058329,-3.6650348718619368,14,5,0,3,28,0.0754,MEDIO
PN_1002,40.34392415795531,-3.6930922536687896,30,3,0,2,4,0.0753,ALTO
PN_1003,40.468985998018,-3.6667510415048468,20,4,0,3,54,0.0752,MEDIO
PN_1004,40.44910418963907,-3.7369151096973097,20,4,0,3,4,0.0752,MEDIO
PN_1005,40.39990219962803,-3.718967392288235,32,2,0,3,65,0.0747,ALTO
PN_1006,40.394844025471706,-3.721760354300692,21,5,0,1,29,0.0746,MEDIO
PN_1007,40.406947684320116,-3.672120529108311,21,5,0,1,58,0.0746,MEDIO
PN_1008,40.44798141443422,-3.7089375104157103,27,4,0,1,50,0.0744,ALTO
PN_1009,40.41398958386554,-3.610267975746539,28,2,0,4,2,0.0744,ALTO
PN_1010,40.376982985035056,-3.630118641127205,27,4,0,1,8,0.0744,ALTO
PN_1011,40.441140381833534,-3.69122946881642,27,4,0,1,47,0.0744,ALTO
PN_1012,40.40317653693133,-3.7132749080840415,27,4,0,1,71,0.0744,ALTO
PN_1013,40.402819205551225,-3.7607527210062877,43,2,0,0,15,0.0743,ALTO
PN_1014,40.411207806268564,-3.708220264206888,17,5,0,2,35,0.0743,MEDIO
PN_1015,40.44369527690543,-3.6630311791540735,33,3,0,1,90,0.0742,ALTO
PN_1016,40.43585718228476,-3.687929971458636,33,3,0,1,72,0.0742,ALTO
PN_1017,40.36783825150593,-3.69203207992026,33,3,0,1,62,0.0742,ALTO
PN_1018,40.40003823219272,-3.7000420334406128,33,3,0,1,84,0.0742,ALTO
PN_1019,40.386901966615795,-3.729086656305254,18,3,0,5,76,0.0742,MEDIO
PN_1020,40.44191603683917,-3.6990067101535007,34,1,0,4,29,0.0741,ALTO
PN_1021,40.3511743401786,-3.693813872798495,23,4,0,2,27,0.074,MEDIO
PN_1022,40.43004466754931,-3.7158993221085552,23,4,0,2,88,0.074,MEDIO
PN_1023,40.33810130169879,-3.7098188765378857,24,2,0,5,28,0.074,MEDIO
PN_1024,40.37794200623701,-3.608294385547496,29,3,0,2,2,0.0738,ALTO
PN_1025,40.396948899277284,-3.6708364302588734,29,3,0,2,55,0.0738,ALTO
PN_1026,40.43569473058194,-3.6867499678954943,29,3,0,2,72,0.0738,ALTO
PN_1027,40.43104538161507,-3.7167125602751367,19,4,0,3,91,0.0737,MEDIO
PN_1028,40.43423934823068,-3.6228339710890958,19,4,0,3,67,0.0737,MEDIO
PN_1029,40.451806421040914,-3.7429376019141523,18,6,0,0,13,0.0737,MEDIO
PN_1030,40.3930396849675,-3.7068286197366254,19,4,0,3,78,0.0737,MEDIO
PN_1031,40.341986769956286,-3.7118775646225486,19,4,0,3,22,0.0737,MEDIO
PN_1032,40.4081631315229,-3.6909423380086084,35,2,0,2,53,0.0736,ALTO
PN_1033,40.38400238226891,-3.6830476876933216,35,2,0,2,36,0.0736,ALTO
PN_1034,40.46698915091646,-3.66822328823518,35,2,0,2,61,0.0736,ALTO
PN_1035,40.4000307577476,-3.647839144386077,30,4,0,0,16,0.0733,ALTO
PN_1036,40.341669532065275,-3.692830561362817,30,4,0,0,2,0.0733,ALTO
PN_1037,40.485821859870256,-3.6471392615301714,30,4,0,0,29,0.0733,ALTO
PN_1038,40.40695231151207,-3.700000670043233,15,4,0,4,57,0.0733,MEDIO
PN_1039,40.43496944968437,-3.731110351805133,20,5,0,1,32,0.0732,MEDIO
PN_1040,40.40684479858145,-3.6881501262740466,31,2,0,3,33,0.0732,ALTO
PN_1041,40.420917423095794,-3.7208351168386447,31,2,0,3,66,0.0732,ALTO
PN_1042,40.402350566711235,-3.7112311044109645,20,5,0,1,77,0.0732,MEDIO
PN_1043,40.4618561749115,-3.6638050319651123,31,2,0,3,64,0.0732,ALTO
PN_1044,40.41816778775932,-3.6230513428997724,31,2,0,3,52,0.0732,ALTO
PN_1045,40.46495718467889,-3.6891720958427574,21,3,0,4,72,0.0731,MEDIO
PN_1046,40.43398698269217,-3.6912300696711573,21,3,0,4,57,0.0731,MEDIO
PN_1047,40.39169195565725,-3.6281571692973738,21,3,0,4,0,0.0731,MEDIO
PN_1048,40.48522605904401,-3.6470693004492083,36,3,0,0,27,0.073,ALTO
PN_1049,40.4378059091509,-3.684066028532984,26,4,0,1,83,0.0729,ALTO
PN_1050,40.38592029010461,-3.695061351645139,27,2,0,4,69,0.0729,ALTO
PN_1051,40.42493022978066,-3.716117408490179,26,4,0,1,72,0.0729,ALTO
PN_1052,40.39505734753158,-3.7700300774876405,16,5,0,2,58,0.0728,MEDIO
PN_1053,40.352077167429165,-3.6930375598896767,43,0,0,3,29,0.0728,ALTO
PN_1054,40.41674687524669,-3.669161857037145,32,3,0,1,55,0.0727,ALTO
PN_1055,40.40509680430049,-3.704046607454384,32,3,0,1,55,0.0727,ALTO
PN_1056,40.448003051420585,-3.6099607136451923,22,4,0,2,49,0.0726,MEDIO
PN_1057,40.470829957027185,-3.687905672878266,22,4,0,2,55,0.0726,MEDIO
PN_1058,40.42613686055407,-3.6292963553675395,22,4,0,2,59,0.0726,MEDIO
PN_1059,40.43877624192288,-3.70680107566549,22,4,0,2,32,0.0726,MEDIO
PN_1060,40.42786452170419,-3.6839493981190596,38,2,0,1,49,0.0724,ALTO
PN_1061,40.38364417512963,-3.625717326677222,28,3,0,2,41,0.0723,ALTO
PN_1062,40.38782610330999,-3.644909671437969,28,3,0,2,46,0.0723,ALTO
PN_1063,40.37618577281812,-3.7193175246677734,18,4,0,3,19,0.0722,MEDIO
PN_1064,40.44500794022421,-3.739719010165522,34,2,0,2,6,0.0721,ALTO
PN_1065,40.45420859149838,-3.6902688353432063,34,2,0,2,88,0.0721,ALTO
PN_1066,40.43471121482804,-3.667203423579224,23,5,0,0,60,0.072,MEDIO
PN_1067,40.408006042581476,-3.6526702271773983,29,4,0,0,52,0.0718,ALTO
PN_1068,40.42413991794474,-3.6769985853131297,29,4,0,0,68,0.0718,ALTO
PN_1069,40.41802413011687,-3.66929633386782,29,4,0,0,60,0.0718,ALTO
PN_1070,40.4288939749122,-3.675310050715429,19,5,0,1,53,0.0717,MEDIO
PN_1071,40.43026110966799,-3.7131185874789625,30,2,0,3,85,0.0717,ALTO
PN_1072,40.41404978402558,-3.694049748451795,30,2,0,3,48,0.0717,ALTO
PN_1073,40.43610593773164,-3.6992371695480633,19,5,0,1,34,0.0717,MEDIO
PN_1074,40.46785156964194,-3.692963714316466,19,5,0,1,41,0.0717,MEDIO
PN_1075,40.47325092338059,-3.6729663467480425,35,3,0,0,53,0.0716,ALTO
PN_1076,40.43598368072304,-3.7042728669729716,35,3,0,0,38,0.0716,ALTO
PN_1077,40.45004405261139,-3.6517348221913326,36,1,0,3,51,0.0715,ALTO
PN_1078,40.46118101814049,-3.6997113711716936,25,4,0,1,86,0.0714,ALTO
PN_1079,40.37335416315012,-3.7341581484904554,25,4,0,1,46,0.0714,ALTO
PN_1080,40.42570030528638,-3.687884635141919,25,4,0,1,48,0.0714,ALTO
PN_1081,40.440927370590515,-3.626788802077008,25,4,0,1,48,0.0714,ALTO
PN_1082,40.473018564530086,-3.7121221149894814,26,2,0,4,67,0.0714,ALTO
PN_1083,40.3980610472851,-3.667243875767363,32,1,0,4,57,0.0712,ALTO
PN_1084,40.42279852565807,-3.6883199028552416,31,3,0,1,62,0.0712,ALTO
PN_1085,40.42695169829257,-3.650053472425363,21,4,0,2,65,0.0711,MEDIO
PN_1086,40.37379513201161,-3.715862502926618,21,4,0,2,30,0.0711,MEDIO
PN_1087,40.406372675516884,-3.6881738197563765,37,2,0,1,33,0.071,ALTO
PN_1088,40.41398505856341,-3.7219844184828332,27,3,0,2,92,0.0709,ALTO
PN_1089,40.41312859992751,-3.7290457445855414,27,3,0,2,68,0.0709,ALTO
PN_1090,40.43274845704408,-3.678021529599719,27,3,0,2,68,0.0709,ALTO
PN_1091,40.45783113286845,-3.711018954504588,27,3,0,2,64,0.0709,ALTO
PN_1092,40.39399746040535,-3.7211439786873948,17,4,0,3,30,0.0707,MEDIO
PN_1093,40.397158029575074,-3.711825734239604,17,4,0,3,93,0.0707,MEDIO
PN_1094,40.40285786333948,-3.6600573662344167,17,4,0,3,20,0.0707,MEDIO
PN_1095,40.38691503781436,-3.7609551608003016,17,4,0,3,37,0.0707,MEDIO
PN_1096,40.389917599313506,-3.671091914097351,23,3,0,3,22,0.0705,MEDIO
PN_1097,40.36259066815877,-3.684382407836787,23,3,0,3,23,0.0705,MEDIO
PN_1098,40.43509379438042,-3.692014093619204,22,5,0,0,56,0.0705,MEDIO
PN_1099,40.389337610955174,-3.7772918159692708,22,5,0,0,0,0.0705,MEDIO
PN_1100,40.378838709906624,-3.6281733269306495,22,5,0,0,30,0.0705,MEDIO
PN_1101,40.3836001971228,-3.6859892716533484,23,3,0,3,44,0.0705,MEDIO
PN_1102,40.45084760936892,-3.70342343211951,22,5,0,0,68,0.0705,MEDIO
PN_1103,40.488061034997145,-3.6571593946186742,28,4,0,0,36,0.0703,ALTO
PN_1104,40.46718052481232,-3.6689357122905593,28,4,0,0,66,0.0703,ALTO
PN_1105,40.482979739202484,-3.714801868282907,19,3,0,4,66,0.0702,MEDIO
PN_1106,40.42113387688401,-3.716048992677598,19,3,0,4,66,0.0702,MEDIO
PN_1107,40.4408210170671,-3.6610624813868125,34,3,0,0,79,0.0701,ALTO
PN_1108,40.395194048111186,-3.715286492752703,24,4,0,1,79,0.07,MEDIO
PN_1109,40.41615624717153,-3.6592423333435637,35,1,0,3,48,0.07,ALTO
PN_1110,40.42599053118924,-3.6599574961879826,40,2,0,0,34,0.0698,ALTO
PN_1111,40.479980068779156,-3.6858959077469247,30,3,0,1,46,0.0697,ALTO
PN_1112,40.42496367399704,-3.6789218776127157,30,3,0,1,59,0.0697,ALTO
PN_1113,40.39208027719788,-3.657171411832978,20,4,0,2,46,0.0696,MEDIO
PN_1114,40.37887910950636,-3.700122227291376,21,2,0,5,34,0.0696,MEDIO
PN_1115,40.38608123262065,-3.703917932435586,20,4,0,2,27,0.0696,MEDIO
PN_1116,40.41369636121739,-3.728037669546912,26,3,0,2,79,0.0694,ALTO
PN_1117,40.46723222418681,-3.5827400111032763,26,3,0,2,18,0.0694,ALTO
PN_1118,40.373814377533385,-3.7381022235390944,16,4,0,3,55,0.0693,MEDIO
PN_1119,40.38446390360642,-3.6337711564050377,42,1,0,1,38,0.0693,ALTO
PN_1120,40.44413016509977,-3.6958243735470733,15,6,0,0,79,0.0693,MEDIO
PN_1121,40.45391015820858,-3.743270759058859,32,2,0,2,17,0.0691,ALTO
PN_1122,40.42071366365978,-3.685881803175608,32,2,0,2,32,0.0691,ALTO
PN_1123,40.384814293121906,-3.739760856605485,32,2,0,2,67,0.0691,ALTO
PN_1124,40.43833863646931,-3.6610534683242224,32,2,0,2,87,0.0691,ALTO
PN_1125,40.383295432036526,-3.6831065098159,32,2,0,2,34,0.0691,ALTO
PN_1126,40.478859988226155,-3.716189769070356,22,3,0,3,65,0.069,MEDIO
PN_1127,40.38422802865077,-3.708856407181896,29,0,0,6,18,0.0688,ALTO
PN_1128,40.38781868524653,-3.669316287556485,28,2,0,3,29,0.0688,ALTO
PN_1129,40.468311820809966,-3.712981879310993,27,4,0,0,54,0.0688,ALTO
PN_1130,40.47274245779821,-3.651085874971048,17,5,0,1,37,0.0687,MEDIO
PN_1131,40.4392546062997,-3.717185656639856,34,1,0,3,38,0.0686,ALTO
PN_1132,40.42414052581148,-3.6280313765581305,34,1,0,3,58,0.0686,ALTO
PN_1133,40.432966980282856,-3.658047546947302,23,4,0,1,100,0.0685,MEDIO
PN_1134,40.41616532270459,-3.7249443941810587,23,4,0,1,95,0.0685,MEDIO
PN_1135,40.44480216084687,-3.615035817513733,29,3,0,1,42,0.0683,ALTO
PN_1136,40.38209169447179,-3.757847067185085,30,1,0,4,15,0.0682,ALTO
PN_1137,40.43105778258392,-3.7031107667122463,19,4,0,2,56,0.0681,MEDIO
PN_1138,40.391080099798245,-3.6779901336110057,51,0,0,0,58,0.0679,CRITICO
PN_1139,40.445161473112215,-3.6910456015496242,25,3,0,2,57,0.0679,ALTO
PN_1140,40.46535847194197,-3.6917800504771714,25,3,0,2,71,0.0679,ALTO
PN_1141,40.43859649901508,-3.7029280902874255,25,3,0,2,32,0.0679,ALTO
PN_1142,40.42676693956144,-3.7067696946498194,25,3,0,2,52,0.0679,ALTO
PN_1143,40.4418277752989,-3.678760255728582,25,3,0,2,63,0.0679,ALTO
PN_1144,40.37704704627104,-3.7493468625417243,25,3,0,2,35,0.0679,ALTO
PN_1145,40.38306348442502,-3.708072335948636,31,2,0,2,18,0.0677,ALTO
PN_1146,40.38172828008292,-3.652945816749832,21,3,0,3,12,0.0676,MEDIO
PN_1147,40.44891064683815,-3.707327214650731,20,5,0,0,69,0.0676,MEDIO
PN_1148,40.38776468097079,-3.680734076579459,26,4,0,0,32,0.0674,ALTO
PN_1149,40.45166128427236,-3.681976713084645,26,4,0,0,58,0.0674,ALTO
PN_1150,40.45423387602679,-3.6907004370691627,26,4,0,0,84,0.0674,ALTO
PN_1151,40.39684251211168,-3.713865032325012,26,4,0,0,108,0.0674,ALTO
PN_1152,40.38522553242646,-3.7198319227289143,27,2,0,3,91,0.0673,ALTO
PN_1153,40.422221535414714,-3.691323926189898,27,2,0,3,67,0.0673,ALTO
PN_1154,40.44510802943498,-3.698964473564724,16,5,0,1,70,0.0672,MEDIO
PN_1155,40.41025981143145,-3.6520834157315325,17,3,0,4,50,0.0672,MEDIO
PN_1156,40.43096767153932,-3.697031208643702,16,5,0,1,47,0.0672,MEDIO
PN_1157,40.40669273685956,-3.667851710042087,16,5,0,1,82,0.0672,MEDIO
PN_1158,40.45993744169455,-3.6961098134635764,32,3,0,0,129,0.0671,ALTO
PN_1159,40.385834437272,-3.7260564486236443,22,4,0,1,83,0.067,MEDIO
PN_1160,40.46272525725458,-3.635304647810999,22,4,0,1,60,0.067,MEDIO
PN_1161,40.46808662097528,-3.689092125929892,22,4,0,1,54,0.067,MEDIO
PN_1162,40.446113602242576,-3.5932818982347867,22,4,0,1,6,0.067,MEDIO
PN_1163,40.467414277855795,-3.682041005866324,22,4,0,1,57,0.067,MEDIO
PN_1164,40.34515642647441,-3.692996591869143,23,2,0,4,4,0.067,MEDIO
PN_1165,40.462703226964784,-3.635817383420887,23,2,0,4,63,0.067,MEDIO
PN_1166,40.4488895098952,-3.6831230028127995,22,4,0,1,41,0.067,MEDIO
PN_1167,40.4529025089735,-3.69280415220037,13,3,0,5,83,0.0669,MEDIO
PN_1168,40.39915557338252,-3.6963547487603896,28,3,0,1,84,0.0668,ALTO
PN_1169,40.40899442846676,-3.701094626570518,28,3,0,1,26,0.0668,ALTO
PN_1170,40.381003701072316,-3.7112855927481534,29,1,0,4,15,0.0667,ALTO
PN_1171,40.39121374391595,-3.6533218860738916,18,4,0,2,28,0.0667,MEDIO
PN_1172,40.42085612963918,-3.709051317340373,29,1,0,4,67,0.0667,ALTO
PN_1173,40.42437597849284,-3.690244493163683,29,1,0,4,54,0.0667,ALTO
PN_1174,40.47819964761563,-3.6910832136495793,34,2,0,1,44,0.0665,ALTO
PN_1175,40.48196447458992,-3.6737816950207427,34,2,0,1,58,0.0665,ALTO
PN_1176,40.40408635309512,-3.696012182121,34,2,0,1,95,0.0665,ALTO
PN_1177,40.42993472256294,-3.660214447028006,24,3,0,2,66,0.0664,MEDIO
PN_1178,40.395764130093006,-3.617121349564146,24,3,0,2,7,0.0664,MEDIO
PN_1179,40.427314693780495,-3.647721166765662,24,3,0,2,78,0.0664,MEDIO
PN_1180,40.34985677555769,-3.6930396468789053,24,3,0,2,27,0.0664,MEDIO
PN_1181,40.3737039219295,-3.7347499744534276,25,1,0,5,47,0.0664,ALTO
PN_1182,40.475367998273676,-3.7213642539471192,24,3,0,2,35,0.0664,MEDIO
PN_1183,40.38595326551019,-3.6462477449674218,24,3,0,2,32,0.0664,MEDIO
PN_1184,40.43489715646118,-3.6579830642674818,24,3,0,2,100,0.0664,MEDIO
PN_1185,40.47601690025008,-3.7212025958206585,24,3,0,2,38,0.0664,MEDIO
PN_1186,40.378095336406254,-3.685156487250538,30,2,0,2,14,0.0662,ALTO
PN_1187,40.47707613126432,-3.686107023855285,30,2,0,2,75,0.0662,ALTO
PN_1188,40.43505461272128,-3.6066522050057976,46,0,0,1,48,0.0661,ALTO
PN_1189,40.4270239594143,-3.6840088236149477,19,5,0,0,53,0.0661,MEDIO
PN_1190,40.42891050453494,-3.6487581282663846,21,1,0,6,102,0.066,MEDIO
PN_1191,40.41293983739524,-3.6889234061102423,25,4,0,0,37,0.0659,ALTO
PN_1192,40.397238904781936,-3.694334608035818,25,4,0,0,62,0.0659,ALTO
PN_1193,40.446303632172736,-3.712270378790565,25,4,0,0,50,0.0659,ALTO
PN_1194,40.38594704331893,-3.6938889559843036,26,2,0,3,67,0.0658,ALTO
PN_1195,40.43101451083617,-3.7118603595972934,15,5,0,1,80,0.0658,MEDIO
PN_1196,40.45511616220109,-3.677305105708701,42,0,0,2,94,0.0657,ALTO
PN_1197,40.4647917229879,-3.6947488118133283,31,3,0,0,81,0.0656,ALTO
PN_1198,40.463859734712294,-3.675877168448022,31,3,0,0,64,0.0656,ALTO
PN_1199,40.40396599168255,-3.6936417996327244,32,1,0,3,74,0.0656,ALTO
PN_1200,40.39018857110446,-3.646092768793789,21,4,0,1,44,0.0655,MEDIO
PN_1201,40.44988706779239,-3.7101894711075247,21,4,0,1,55,0.0655,MEDIO
PN_1202,40.37621230947538,-3.730998151624064,22,2,0,4,45,0.0655,MEDIO
PN_1203,40.427151793632646,-3.6800028490803243,21,4,0,1,58,0.0655,MEDIO
PN_1204,40.456105789104534,-3.619019989907186,21,4,0,1,45,0.0655,MEDIO
PN_1205,40.42791514578058,-3.660138911411671,21,4,0,1,46,0.0655,MEDIO
PN_1206,40.407033880178794,-3.673985143463604,27,3,0,1,59,0.0653,ALTO
PN_1207,40.374954132472475,-3.7468816941662566,27,3,0,1,43,0.0653,ALTO
PN_1208,40.4508985931799,-3.626397524128126,27,3,0,1,25,0.0653,ALTO
PN_1209,40.4106401301672,-3.6557145531214634,27,3,0,1,61,0.0653,ALTO
PN_1210,40.48232042746309,-3.683880043453936,27,3,0,1,51,0.0653,ALTO
PN_1211,40.39600020673386,-3.6682071787562096,28,1,0,4,51,0.0653,ALTO
PN_1212,40.385110333325045,-3.7141314087237727,17,4,0,2,71,0.0652,MEDIO
PN_1213,40.47307761388794,-3.581995749207939,17,4,0,2,19,0.0652,MEDIO
PN_1214,40.473162887883895,-3.71507730026487,17,4,0,2,79,0.0652,MEDIO
PN_1215,40.41009917522142,-3.6769894428801786,17,4,0,2,26,0.0652,MEDIO
PN_1216,40.405980579940035,-3.6991990018718024,33,2,0,1,77,0.0651,ALTO
PN_1217,40.440149946684606,-3.680770251734044,23,3,0,2,81,0.065,MEDIO
PN_1218,40.394029457358215,-3.6611320347745213,23,3,0,2,52,0.065,MEDIO
PN_1219,40.44564238744062,-3.6578225172766454,23,3,0,2,57,0.065,MEDIO
PN_1220,40.42885234917348,-3.6999709231235864,23,3,0,2,34,0.065,MEDIO
PN_1221,40.39721092950655,-3.705760710773523,12,6,0,0,85,0.0649,MEDIO
PN_1222,40.38075825166924,-3.7189262319338168,29,2,0,2,24,0.0647,ALTO
PN_1223,40.388839804844885,-3.7312476470747677,29,2,0,2,66,0.0647,ALTO
PN_1224,40.431163668735415,-3.6620654739268677,29,2,0,2,83,0.0647,ALTO
PN_1225,40.48010482491663,-3.6673202910289304,19,3,0,3,36,0.0646,MEDIO
PN_1226,40.39208398437728,-3.6500606046151165,18,5,0,0,21,0.0646,MEDIO
PN_1227,40.40561104447461,-3.7008794236314184,18,5,0,0,61,0.0646,MEDIO
PN_1228,40.45079401113558,-3.60811575429076,18,5,0,0,24,0.0646,MEDIO
PN_1229,40.42681083139417,-3.6981489892873025,18,5,0,0,28,0.0646,MEDIO
PN_1230,40.4000127952049,-3.649738169673684,18,5,0,0,16,0.0646,MEDIO
PN_1231,40.4270126595334,-3.645823663690423,19,3,0,3,79,0.0646,MEDIO
PN_1232,40.42290710261982,-3.6567420338273897,15,3,0,4,54,0.0643,MEDIO
PN_1233,40.48289365222432,-3.687043672321226,30,3,0,0,49,0.0642,ALTO
PN_1234,40.433923194070715,-3.686643823471667,20,4,0,1,71,0.0641,MEDIO
PN_1235,40.42893439301382,-3.660651082304913,31,1,0,3,56,0.0641,ALTO
PN_1236,40.399728631393955,-3.6719687109082906,20,4,0,1,65,0.0641,MEDIO
PN_1237,40.40707325347372,-3.664293346025564,31,1,0,3,80,0.0641,ALTO
PN_1238,40.40667200181214,-3.6837876119087745,20,4,0,1,25,0.0641,MEDIO
PN_1239,40.44658969599536,-3.65508220807158,36,2,0,0,48,0.0639,ALTO
PN_1240,40.46519077205908,-3.692975310992845,26,3,0,1,73,0.0638,ALTO
PN_1241,40.39511049462825,-3.662851822213488,26,3,0,1,56,0.0638,ALTO
PN_1242,40.410958665724934,-3.7087966297827557,26,3,0,1,40,0.0638,ALTO
PN_1243,40.39029544349047,-3.702076544003617,26,3,0,1,48,0.0638,ALTO
PN_1244,40.429996853384175,-3.66070623763824,26,3,0,1,70,0.0638,ALTO
PN_1245,40.435054904982024,-3.7182868427492357,16,4,0,2,57,0.0637,MEDIO
PN_1246,40.43030416177351,-3.7001426340518053,16,4,0,2,45,0.0637,MEDIO
PN_1247,40.37714084848257,-3.668307122532026,16,4,0,2,21,0.0637,MEDIO
PN_1248,40.43860000922897,-3.7003366475802935,32,2,0,1,26,0.0636,ALTO
PN_1249,40.44501500540155,-3.6728274994646752,22,3,0,2,62,0.0635,MEDIO
PN_1250,40.403130533179386,-3.7060349234718193,22,3,0,2,47,0.0635,MEDIO
PN_1251,40.403979217821494,-3.7128773232554226,22,3,0,2,69,0.0635,MEDIO
PN_1252,40.39201709518441,-3.672240817255658,23,1,0,5,43,0.0634,MEDIO
PN_1253,40.38499856178747,-3.6707664850403905,23,1,0,5,30,0.0634,MEDIO
PN_1254,40.376174511330184,-3.6201354966564283,23,1,0,5,16,0.0634,MEDIO
PN_1255,40.45844853305421,-3.67465261330394,13,2,0,6,100,0.0633,MEDIO
PN_1256,40.35409976328619,-3.689045374120551,28,2,0,2,18,0.0632,ALTO
PN_1257,40.433093933048504,-3.6346742667631995,29,0,0,5,85,0.0632,ALTO
PN_1258,40.39217653430486,-3.740232984142737,18,3,0,3,46,0.0631,MEDIO
PN_1259,40.36802578622908,-3.720642215206541,18,3,0,3,8,0.0631,MEDIO
PN_1260,40.383325697348546,-3.6260102646100543,18,3,0,3,45,0.0631,MEDIO
PN_1261,40.39280444073152,-3.670033972707446,24,2,0,3,29,0.0629,MEDIO
PN_1262,40.43606300984755,-3.6368130645557333,24,2,0,3,78,0.0629,MEDIO
PN_1263,40.404203319174805,-3.672161182436725,23,4,0,0,67,0.0629,MEDIO
PN_1264,40.43014072402123,-3.60524022853561,23,4,0,0,57,0.0629,MEDIO
PN_1265,40.45889879954459,-3.7450487631761673,23,4,0,0,20,0.0629,MEDIO
PN_1266,40.41491394534552,-3.7207550595766747,24,2,0,3,84,0.0629,MEDIO
PN_1267,40.381015891966754,-3.7030627422161335,24,2,0,3,26,0.0629,MEDIO
PN_1268,40.47310588365343,-3.6899059607076294,23,4,0,0,45,0.0629,MEDIO
PN_1269,40.39589250333695,-3.7039541120412625,30,1,0,3,85,0.0627,ALTO
PN_1270,40.4472681517958,-3.6529848180103537,29,3,0,0,56,0.0627,ALTO
PN_1271,40.402006019847576,-3.6670340523378946,30,1,0,3,58,0.0627,ALTO
PN_1272,40.36691869587406,-3.6783025197700177,29,3,0,0,4,0.0627,ALTO
PN_1273,40.42097361210305,-3.6886391070535227,29,3,0,0,60,0.0627,ALTO
PN_1274,40.403965294466786,-3.6661291979513395,29,3,0,0,75,0.0627,ALTO
PN_1275,40.4394306563392,-3.6146449688827866,19,4,0,1,22,0.0626,MEDIO
PN_1276,40.42504515773931,-3.6810596675721463,19,4,0,1,68,0.0626,MEDIO
PN_1277,40.43627952794906,-3.73163826080165,19,4,0,1,28,0.0626,MEDIO
PN_1278,40.419875171942934,-3.689818734724555,35,2,0,0,66,0.0625,ALTO
PN_1279,40.38787527772523,-3.727035504827791,21,0,0,7,82,0.0625,MEDIO
PN_1280,40.40967293345126,-3.6498886185774397,20,2,0,4,37,0.0625,MEDIO
PN_1281,40.45320004771127,-3.5810837286625197,25,3,0,1,0,0.0623,ALTO
PN_1282,40.4052865499372,-3.6171262468409306,25,3,0,1,24,0.0623,ALTO
PN_1283,40.40688786884543,-3.651761260065307,25,3,0,1,38,0.0623,ALTO
PN_1284,40.382797648046115,-3.668785904751971,25,3,0,1,35,0.0623,ALTO
PN_1285,40.44795599080531,-3.6618691218910455,25,3,0,1,67,0.0623,ALTO
PN_1286,40.457154132346,-3.70291664820251,25,3,0,1,71,0.0623,ALTO
PN_1287,40.43000368155281,-3.6441308454703982,16,2,0,5,105,0.0622,MEDIO
PN_1288,40.39313430642437,-3.6779069091456233,15,4,0,2,59,0.0622,MEDIO
PN_1289,40.42211530263175,-3.699775109421397,15,4,0,2,54,0.0622,MEDIO
PN_1290,40.45905112171346,-3.6687565442477355,31,2,0,1,76,0.0621,ALTO
PN_1291,40.41088366536456,-3.6582188476472233,31,2,0,1,72,0.0621,ALTO
PN_1292,40.430165427990445,-3.6402768246724255,21,3,0,2,66,0.062,MEDIO
PN_1293,40.48493922501594,-3.6921581639700105,21,3,0,2,36,0.062,MEDIO
PN_1294,40.363918479630044,-3.7537226936391948,22,1,0,5,44,0.062,MEDIO
PN_1295,40.353062167244275,-3.6910299800330026,21,3,0,2,27,0.062,MEDIO
PN_1296,40.4150380062769,-3.6932551809239977,37,1,0,1,57,0.0619,ALTO
PN_1297,40.41076091420911,-3.6959035382343126,27,2,0,2,33,0.0618,ALTO
PN_1298,40.46514924889235,-3.689792726177282,27,2,0,2,70,0.0618,ALTO
PN_1299,40.45107533480549,-3.626800999435845,16,5,0,0,24,0.0617,MEDIO
PN_1300,40.46224604851894,-3.7018268988444585,16,5,0,0,57,0.0617,MEDIO
PN_1301,40.477139375428976,-3.715018862648791,17,3,0,3,61,0.0617,MEDIO
PN_1302,40.40309113760523,-3.744912039240752,17,3,0,3,31,0.0617,MEDIO
PN_1303,40.42700276466479,-3.6470685536297247,17,3,0,3,76,0.0617,MEDIO
PN_1304,40.45601129273431,-3.6871010281723895,22,4,0,0,90,0.0615,MEDIO
PN_1305,40.49310041080916,-3.687052885440364,23,2,0,3,24,0.0614,MEDIO
PN_1306,40.44689223094321,-3.704823111501803,13,3,0,4,48,0.0613,MEDIO
PN_1307,40.4213383098073,-3.672074568628548,28,3,0,0,63,0.0612,ALTO
PN_1308,40.340041261730406,-3.707703073023378,28,3,0,0,17,0.0612,ALTO
PN_1309,40.47592455961777,-3.686354841666021,28,3,0,0,58,0.0612,ALTO
PN_1310,40.39901925546591,-3.69419689680004,28,3,0,0,73,0.0612,ALTO
PN_1311,40.420643108097636,-3.7203468250300835,18,4,0,1,68,0.0611,MEDIO
PN_1312,40.42927284922331,-3.6438069999803666,19,2,0,4,89,0.0611,MEDIO
PN_1313,40.451731295422405,-3.674196307892647,18,4,0,1,50,0.0611,MEDIO
PN_1314,40.43472386626193,-3.668753606636983,18,4,0,1,68,0.0611,MEDIO
PN_1315,40.36898787422957,-3.7203071105065533,34,2,0,0,12,0.061,ALTO
PN_1316,40.45288813012045,-3.6991484222535793,35,0,0,3,95,0.0609,ALTO
PN_1317,40.38415849252209,-3.717920670419069,24,3,0,1,79,0.0609,MEDIO
PN_1318,40.39886768341088,-3.718991812830903,25,1,0,4,60,0.0608,ALTO
PN_1319,40.39501153016878,-3.7118719419895876,25,1,0,4,90,0.0608,ALTO
PN_1320,40.415262880799425,-3.6477530159458005,15,2,0,5,14,0.0607,MEDIO
PN_1321,40.37359567435624,-3.722782319280918,15,2,0,5,29,0.0607,MEDIO
PN_1322,40.38624989460545,-3.7021080651689604,15,2,0,5,47,0.0607,MEDIO
PN_1323,40.45595050645843,-3.6771249514440294,30,2,0,1,103,0.0606,ALTO
PN_1324,40.38512568382792,-3.6470031762993904,30,2,0,1,18,0.0606,ALTO
PN_1325,40.43276390865587,-3.650791730970598,20,3,0,2,80,0.0605,MEDIO
PN_1326,40.476922768107734,-3.703254276726567,20,3,0,2,63,0.0605,MEDIO
PN_1327,40.46005231946867,-3.6650958033471115,20,3,0,2,77,0.0605,MEDIO
PN_1328,40.38982775636111,-3.7129379005394267,36,1,0,1,36,0.0604,ALTO
PN_1329,40.432798812431834,-3.6833250293810127,36,1,0,1,68,0.0604,ALTO
PN_1330,40.39417491847321,-3.661765859114755,26,2,0,2,52,0.0603,ALTO
PN_1331,40.39113491247345,-3.660151924058269,27,0,0,5,52,0.0603,ALTO
PN_1332,40.45582440054848,-3.656250720345321,26,2,0,2,53,0.0603,ALTO
PN_1333,40.45236948871226,-3.6059131852775588,26,2,0,2,14,0.0603,ALTO
PN_1334,40.45468136261659,-3.6907400986902315,15,5,0,0,88,0.0602,MEDIO
PN_1335,40.40526756655751,-3.6951809452172997,16,3,0,3,74,0.0602,MEDIO
PN_1336,40.39192640265966,-3.6187930326852387,15,5,0,0,7,0.0602,MEDIO
PN_1337,40.40519574190238,-3.6837134533909137,16,3,0,3,22,0.0602,MEDIO
PN_1338,40.40180426420758,-3.693853035438958,21,4,0,0,73,0.06,MEDIO
PN_1339,40.42195543160216,-3.716213928896979,21,4,0,0,60,0.06,MEDIO
PN_1340,40.42997105817115,-3.6470213882305305,22,2,0,3,112,0.0599,MEDIO
PN_1341,40.34094638525154,-3.706636915064854,22,2,0,3,19,0.0599,MEDIO
PN_1342,40.49011734670236,-3.6980052897142883,22,2,0,3,35,0.0599,MEDIO
PN_1343,40.47381483928381,-3.6781266223628353,12,3,0,4,32,0.0598,MEDIO
PN_1344,40.42988790415524,-3.6751170934456985,27,3,0,0,65,0.0597,ALTO
PN_1345,40.46922369570179,-3.581280535028456,27,3,0,0,8,0.0597,ALTO
PN_1346,40.437783921899864,-3.638842882573473,18,2,0,4,67,0.0596,MEDIO
PN_1347,40.399113292107984,-3.731058890869154,17,4,0,1,11,0.0596,MEDIO
PN_1348,40.373014380130655,-3.7278035234005107,17,4,0,1,20,0.0596,MEDIO
PN_1349,40.4567435568538,-3.706062589715301,17,4,0,1,63,0.0596,MEDIO
PN_1350,40.44090996532501,-3.6568906156440457,33,2,0,0,68,0.0595,ALTO
PN_1351,40.458207239560664,-3.6768157979668747,33,2,0,0,115,0.0595,ALTO
PN_1352,40.4510078886101,-3.662409483447435,23,3,0,1,62,0.0594,MEDIO
PN_1353,40.414900201969495,-3.7058805490436164,23,3,0,1,35,0.0594,MEDIO
PN_1354,40.37191991506789,-3.640816052658883,23,3,0,1,4,0.0594,MEDIO
PN_1355,40.456689324598955,-3.6979732533029916,23,3,0,1,118,0.0594,MEDIO
PN_1356,40.3858805907199,-3.706046720398251,23,3,0,1,9,0.0594,MEDIO
PN_1357,40.464167777574644,-3.7061273236111307,23,3,0,1,38,0.0594,MEDIO
PN_1358,40.454262374368476,-3.622905416944898,23,3,0,1,46,0.0594,MEDIO
PN_1359,40.42707354590943,-3.6581090172948594,23,3,0,1,32,0.0594,MEDIO
PN_1360,40.41095670058538,-3.73907237684206,24,1,0,4,41,0.0594,MEDIO
PN_1361,40.42623447811416,-3.7011610861922213,23,3,0,1,30,0.0594,MEDIO
PN_1362,40.40567156523703,-3.655969822497031,23,3,0,1,31,0.0594,MEDIO
PN_1363,40.406101667212525,-3.70892499555174,23,3,0,1,44,0.0594,MEDIO
PN_1364,40.49507953920421,-3.666030302664192,39,1,0,0,41,0.0593,ALTO
PN_1365,40.44496255477543,-3.784859880132836,14,2,0,5,0,0.0592,MEDIO
PN_1366,40.370855881112604,-3.6961481287431717,29,2,0,1,67,0.0592,ALTO
PN_1367,40.44795557033713,-3.6953945689152934,29,2,0,1,90,0.0592,ALTO
PN_1368,40.389972691014144,-3.7359126799712694,29,2,0,1,46,0.0592,ALTO
PN_1369,40.38941679898886,-3.7299460090804883,14,2,0,5,66,0.0592,MEDIO
PN_1370,40.372001389813164,-3.6948060405705796,19,3,0,2,62,0.059,MEDIO
PN_1371,40.40685862619495,-3.6028498666170043,19,3,0,2,10,0.059,MEDIO
PN_1372,40.375053275419944,-3.7509129962611167,19,3,0,2,48,0.059,MEDIO
PN_1373,40.44635195979723,-3.6929482843328767,19,3,0,2,80,0.059,MEDIO
PN_1374,40.47002049565831,-3.7109759368880604,19,3,0,2,60,0.059,MEDIO
PN_1375,40.399728997894925,-3.668670682451829,19,3,0,2,55,0.059,MEDIO
PN_1376,40.446813788257415,-3.703046981788818,35,1,0,1,55,0.0589,ALTO
PN_1377,40.38689846520166,-3.665969152765402,26,0,0,5,24,0.0588,ALTO
PN_1378,40.422968219320246,-3.699089867718867,25,2,0,2,34,0.0588,ALTO
PN_1379,40.44689618075424,-3.6619304221288864,25,2,0,2,65,0.0588,ALTO
PN_1380,40.386159865609066,-3.667784731155693,25,2,0,2,35,0.0588,ALTO
PN_1381,40.44995565346857,-3.695140568521008,25,2,0,2,100,0.0588,ALTO
PN_1382,40.39802307862335,-3.662829752059028,25,2,0,2,38,0.0588,ALTO
PN_1383,40.47782234124673,-3.72213784633515,14,5,0,0,36,0.0587,MEDIO
PN_1384,40.406111544584256,-3.679681619598975,21,2,0,3,25,0.0585,MEDIO
PN_1385,40.43123695137479,-3.705160775874318,20,4,0,0,63,0.0585,MEDIO
PN_1386,40.38704128395158,-3.752123367810371,21,2,0,3,12,0.0585,MEDIO
PN_1387,40.42191596338876,-3.705679659066707,21,2,0,3,55,0.0585,MEDIO
PN_1388,40.43300750907256,-3.6704364958900206,20,4,0,0,75,0.0585,MEDIO
PN_1389,40.42164421438999,-3.6778861462169963,20,4,0,0,68,0.0585,MEDIO
PN_1390,40.35873193217479,-3.6930854716130916,20,4,0,0,34,0.0585,MEDIO
PN_1391,40.46708872652791,-3.688837763974308,21,2,0,3,58,0.0585,MEDIO
PN_1392,40.42211860611627,-3.6883196653262353,20,4,0,0,65,0.0585,MEDIO
PN_1393,40.37518807435074,-3.732108831505294,10,5,0,1,38,0.0584,MEDIO
PN_1394,40.45033291309598,-3.5992094306117437,10,5,0,1,4,0.0584,MEDIO
PN_1395,40.407090303518515,-3.658883467236429,26,3,0,0,60,0.0583,ALTO
PN_1396,40.43915978041394,-3.6330165914289436,26,3,0,0,34,0.0583,ALTO
PN_1397,40.39803926834597,-3.64599284321326,16,4,0,1,26,0.0582,MEDIO
PN_1398,40.439023556065784,-3.7161698820407807,16,4,0,1,46,0.0582,MEDIO
PN_1399,40.39719876513596,-3.7097412122892406,16,4,0,1,97,0.0582,MEDIO
PN_1400,40.39316122885202,-3.706113326643054,17,2,0,4,79,0.0581,MEDIO
PN_1401,40.45095266334894,-3.6523401863849254,22,3,0,1,53,0.0579,MEDIO
PN_1402,40.410206859208586,-3.6526992656839457,22,3,0,1,53,0.0579,MEDIO
PN_1403,40.382835057070615,-3.7112354584823146,23,1,0,4,26,0.0579,MEDIO
PN_1404,40.41703538969625,-3.6983826142235063,22,3,0,1,73,0.0579,MEDIO
PN_1405,40.41130778259693,-3.6711228848490634,22,3,0,1,46,0.0579,MEDIO
PN_1406,40.42381672857545,-3.6857284612657906,22,3,0,1,66,0.0579,MEDIO
PN_1407,40.37617206651801,-3.7450783164970773,12,4,0,2,41,0.0578,MEDIO
PN_1408,40.434900847201355,-3.7068934894674506,12,4,0,2,45,0.0578,MEDIO
PN_1409,40.437808943869456,-3.6870391794970323,28,2,0,1,70,0.0577,ALTO
PN_1410,40.376747092329495,-3.749815848469747,28,2,0,1,38,0.0577,ALTO
PN_1411,40.453901931197386,-3.6951097337372265,28,2,0,1,97,0.0577,ALTO
PN_1412,40.47286838008893,-3.7281900143123923,28,2,0,1,22,0.0577,ALTO
PN_1413,40.476012540739596,-3.7217721197016926,28,2,0,1,37,0.0577,ALTO
PN_1414,40.39493476875381,-3.727611512390389,28,2,0,1,19,0.0577,ALTO
PN_1415,40.4388589398856,-3.7007411165868547,28,2,0,1,23,0.0577,ALTO
PN_1416,40.3987947447826,-3.734731724782855,18,3,0,2,13,0.0576,MEDIO
PN_1417,40.4121117006358,-3.6989576244363116,18,3,0,2,26,0.0576,MEDIO
PN_1418,40.46076654566255,-3.6919425731951643,18,3,0,2,124,0.0576,MEDIO
PN_1419,40.41124572243427,-3.6970687986345996,18,3,0,2,30,0.0576,MEDIO
PN_1420,40.435004683877736,-3.608876740272732,18,3,0,2,46,0.0576,MEDIO
PN_1421,40.43306016709144,-3.697970618853703,18,3,0,2,42,0.0576,MEDIO
PN_1422,40.425958166306536,-3.6728787385093313,24,2,0,2,46,0.0573,MEDIO
PN_1423,40.376857060531655,-3.6840360345633805,24,2,0,2,6,0.0573,MEDIO
PN_1424,40.44798708007428,-3.690953591792793,24,2,0,2,58,0.0573,MEDIO
PN_1425,40.43416997537914,-3.7117479238655067,13,5,0,0,58,0.0573,MEDIO
PN_1426,40.39933222067613,-3.671153309928639,13,5,0,0,64,0.0573,MEDIO
PN_1427,40.446013916494984,-3.6879018394435867,24,2,0,2,30,0.0573,MEDIO
PN_1428,40.40962247743104,-3.74091157268457,24,2,0,2,37,0.0573,MEDIO
PN_1429,40.37304655513094,-3.729857678368625,14,3,0,3,27,0.0572,MEDIO
PN_1430,40.37407768603125,-3.702703793217146,30,1,0,2,20,0.0571,ALTO
PN_1431,40.42077700544671,-3.6670593058423875,20,2,0,3,60,0.057,MEDIO
PN_1432,40.379139512689,-3.7471210603369633,19,4,0,0,24,0.057,MEDIO
PN_1433,40.41679547079116,-3.7020292426861254,19,4,0,0,61,0.057,MEDIO
PN_1434,40.45879160473272,-3.7048474189175815,19,4,0,0,66,0.057,MEDIO
PN_1435,40.432891955570796,-3.710303637738727,19,4,0,0,68,0.057,MEDIO
PN_1436,40.479980209750394,-3.7137934875044714,20,2,0,3,83,0.057,MEDIO
PN_1437,40.402983080000865,-3.700949785656546,19,4,0,0,74,0.057,MEDIO
PN_1438,40.388006491977016,-3.623043478926411,19,4,0,0,13,0.057,MEDIO
PN_1439,40.48300441887477,-3.64889419951756,19,4,0,0,25,0.057,MEDIO
PN_1440,40.39907369972997,-3.6471514545011483,25,3,0,0,14,0.0568,ALTO
PN_1441,40.450966474260156,-3.662932191387347,25,3,0,0,61,0.0568,ALTO
PN_1442,40.444977444083754,-3.7530653838518093,15,4,0,1,0,0.0567,MEDIO
PN_1443,40.44991776537579,-3.601951497320205,15,4,0,1,8,0.0567,MEDIO
PN_1444,40.411208927169824,-3.688777364812625,15,4,0,1,41,0.0567,MEDIO
PN_1445,40.406351002698486,-3.68888908155433,31,2,0,0,43,0.0566,ALTO
PN_1446,40.34682165249329,-3.706130830883995,16,2,0,4,33,0.0566,MEDIO
PN_1447,40.38775686288816,-3.6489468446477376,16,2,0,4,37,0.0566,MEDIO
PN_1448,40.38295654635168,-3.664240585826864,21,3,0,1,35,0.0564,MEDIO
PN_1449,40.40804868810798,-3.6642200758454186,21,3,0,1,78,0.0564,MEDIO
PN_1450,40.45114872934322,-3.677605301150676,21,3,0,1,57,0.0564,MEDIO
PN_1451,40.39178578955115,-3.6558410407922732,21,3,0,1,42,0.0564,MEDIO
PN_1452,40.385871451489315,-3.6987107573365297,11,4,0,2,49,0.0563,MEDIO
PN_1453,40.424857188350956,-3.677057718721269,27,2,0,1,62,0.0562,ALTO
PN_1454,40.495289742810826,-3.6681166011142725,27,2,0,1,47,0.0562,ALTO
PN_1455,40.407987062008765,-3.7440847562184008,27,2,0,1,31,0.0562,ALTO
PN_1456,40.43059042237023,-3.7147800875653103,27,2,0,1,84,0.0562,ALTO
PN_1457,40.4459820722132,-3.6617779227612175,27,2,0,1,71,0.0562,ALTO
PN_1458,40.46901660687705,-3.6731818810028694,27,2,0,1,54,0.0562,ALTO
PN_1459,40.415112171744255,-3.713657182401617,27,2,0,1,39,0.0562,ALTO
PN_1460,40.41008080591699,-3.6630446994157597,27,2,0,1,67,0.0562,ALTO
PN_1461,40.43270299814639,-3.6797397569123373,27,2,0,1,67,0.0562,ALTO
PN_1462,40.388207986304685,-3.6530029013182945,23,2,0,2,22,0.0559,MEDIO
PN_1463,40.41088778228856,-3.723037367529636,23,2,0,2,72,0.0559,MEDIO
PN_1464,40.38410042165038,-3.7469426736133316,24,0,0,5,36,0.0558,MEDIO
PN_1465,40.395140274074315,-3.753278540394611,13,3,0,3,27,0.0557,MEDIO
PN_1466,40.40778721797338,-3.7449938903174664,13,3,0,3,29,0.0557,MEDIO
PN_1467,40.3860560914001,-3.7510829238010377,13,3,0,3,22,0.0557,MEDIO
PN_1468,40.46725267706428,-3.678981745030384,13,3,0,3,53,0.0557,MEDIO
PN_1469,40.391903793925025,-3.774088606790743,18,4,0,0,34,0.0556,MEDIO
PN_1470,40.37779303322866,-3.754948876325272,29,1,0,2,18,0.0556,ALTO
PN_1471,40.39178152957979,-3.693256031971107,18,4,0,0,61,0.0556,MEDIO
PN_1472,40.34098637213118,-3.7050501080180656,29,1,0,2,18,0.0556,ALTO
PN_1473,40.454015452712895,-3.6601729887864436,29,1,0,2,68,0.0556,ALTO
PN_1474,40.399220907863814,-3.7700015751895726,18,4,0,0,34,0.0556,MEDIO
PN_1475,40.46804233143343,-3.7080598301717345,29,1,0,2,38,0.0556,ALTO
PN_1476,40.44197045973629,-3.5717156395738967,29,1,0,2,0,0.0556,ALTO
PN_1477,40.3880230861335,-3.742829520252048,19,2,0,3,62,0.0555,MEDIO
PN_1478,40.3757954134944,-3.7123026980941294,19,2,0,3,25,0.0555,MEDIO
PN_1479,40.41802251646991,-3.6889582246889505,19,2,0,3,59,0.0555,MEDIO
PN_1480,40.417158441050965,-3.7222365950715584,19,2,0,3,85,0.0555,MEDIO
PN_1481,40.40068292641625,-3.722034052890809,8,5,0,1,59,0.0554,BAJO
PN_1482,40.41507980967485,-3.688992751242155,24,3,0,0,41,0.0553,MEDIO
PN_1483,40.42328175785456,-3.678845830077835,24,3,0,0,68,0.0553,MEDIO
PN_1484,40.444973888668386,-3.685085001755096,25,1,0,3,18,0.0553,ALTO
PN_1485,40.389764736653746,-3.6920894349932327,25,1,0,3,66,0.0553,ALTO
PN_1486,40.46004223282834,-3.685405466906413,14,4,0,1,78,0.0552,MEDIO
PN_1487,40.38185263374132,-3.6729510763727835,15,2,0,4,25,0.0552,MEDIO
PN_1488,40.431149652483796,-3.638669874655414,14,4,0,1,76,0.0552,MEDIO
PN_1489,40.424969823745705,-3.620761225123206,14,4,0,1,8,0.0552,MEDIO
PN_1490,40.38402141144214,-3.6651679661879624,15,2,0,4,35,0.0552,MEDIO
PN_1491,40.34489488789384,-3.712951368753377,14,4,0,1,19,0.0552,MEDIO
PN_1492,40.39611847809947,-3.6712042129682545,30,2,0,0,52,0.0551,ALTO
PN_1493,40.43121426874064,-3.699254401567856,30,2,0,0,47,0.0551,ALTO
PN_1494,40.432013513851906,-3.656041497668118,30,2,0,0,91,0.0551,ALTO
PN_1495,40.400789861074124,-3.6659805221612523,20,3,0,1,65,0.055,MEDIO
PN_1496,40.39100471838103,-3.7371674515324784,20,3,0,1,43,0.055,MEDIO
PN_1497,40.46290883863319,-3.67600607629729,20,3,0,1,67,0.055,MEDIO
PN_1498,40.4769242296238,-3.7119183565816,20,3,0,1,71,0.055,MEDIO
PN_1499,40.431336311849556,-3.671681965768385,20,3,0,1,73,0.055,MEDIO
PN_1500,40.39921835504779,-3.647880848940357,20,3,0,1,16,0.055,MEDIO
PN_1501,40.47984457901608,-3.7170028719317307,20,3,0,1,60,0.055,MEDIO
PN_1502,40.43193796186399,-3.6989119441740677,20,3,0,1,48,0.055,MEDIO
PN_1503,40.38303157247113,-3.66693245993218,21,1,0,4,40,0.0549,MEDIO
PN_1504,40.37330163581056,-3.7128294197152587,21,1,0,4,24,0.0549,MEDIO
PN_1505,40.498938549352445,-3.708677890086778,10,4,0,2,23,0.0549,MEDIO
PN_1506,40.403861633174316,-3.7246468320713224,21,1,0,4,49,0.0549,MEDIO
PN_1507,40.45401885064309,-3.6632217012695096,26,2,0,1,63,0.0547,ALTO
PN_1508,40.40625500845185,-3.6979566428526565,26,2,0,1,74,0.0547,ALTO
PN_1509,40.43285975419134,-3.684861138845505,26,2,0,1,65,0.0547,ALTO
PN_1510,40.40809678192082,-3.734908577865051,16,3,0,2,42,0.0546,MEDIO
PN_1511,40.4342529850944,-3.7155820823207883,16,3,0,2,67,0.0546,MEDIO
PN_1512,40.38090216815669,-3.691103895256031,16,3,0,2,46,0.0546,MEDIO
PN_1513,40.442030632972305,-3.7017953216087607,32,1,0,1,16,0.0545,ALTO
PN_1514,40.42900602497678,-3.683846145438078,22,2,0,2,51,0.0544,MEDIO
PN_1515,40.41382785397503,-3.657871543867363,22,2,0,2,87,0.0544,MEDIO
PN_1516,40.45892732871127,-3.6880662415549725,22,2,0,2,100,0.0544,MEDIO
PN_1517,40.47881915418051,-3.708062794676122,22,2,0,2,81,0.0544,MEDIO
PN_1518,40.41809455751628,-3.7210978341807803,22,2,0,2,83,0.0544,MEDIO
PN_1519,40.46296737427277,-3.6489476430945023,12,3,0,3,23,0.0543,MEDIO
PN_1520,40.38804851830591,-3.7301618985076206,23,0,0,5,68,0.0543,MEDIO
PN_1521,40.3939770565234,-3.7359772133050413,28,1,0,2,21,0.0542,ALTO
PN_1522,40.43198610568937,-3.6918065250400733,17,4,0,0,42,0.0541,MEDIO
PN_1523,40.444110752333806,-3.6917005330864883,17,4,0,0,61,0.0541,MEDIO
PN_1524,40.42001593627332,-3.6690844108844316,17,4,0,0,73,0.0541,MEDIO
PN_1525,40.465968556416016,-3.6969253440768783,17,4,0,0,44,0.0541,MEDIO
PN_1526,40.38408465764158,-3.6701132500879354,19,0,0,6,31,0.054,MEDIO
PN_1527,40.391962206540676,-3.720761165000152,18,2,0,3,24,0.054,MEDIO
PN_1528,40.38892316216988,-3.6640011896831672,18,2,0,3,26,0.054,MEDIO
PN_1529,40.471904532590806,-3.639745473154935,18,2,0,3,21,0.054,MEDIO
PN_1530,40.42991157677396,-3.611151984385203,18,2,0,3,29,0.054,MEDIO
PN_1531,40.39088242914607,-3.7539333947261895,8,3,0,4,24,0.0539,BAJO
PN_1532,40.42491559204713,-3.6780449273188225,24,1,0,3,68,0.0538,MEDIO
PN_1533,40.40428724951758,-3.700129883951476,23,3,0,0,78,0.0538,MEDIO
PN_1534,40.40397759283958,-3.7017806362030634,23,3,0,0,69,0.0538,MEDIO
PN_1535,40.38305549917139,-3.653043624058386,14,2,0,4,16,0.0537,MEDIO
PN_1536,40.41511698553586,-3.7022746351347657,13,4,0,1,42,0.0537,MEDIO
PN_1537,40.43626460095224,-3.686296049421836,30,0,0,3,70,0.0536,ALTO
PN_1538,40.44995982836103,-3.608195031873027,29,2,0,0,36,0.0536,ALTO
PN_1539,40.40985685312299,-3.7389421929323925,30,0,0,3,43,0.0536,ALTO
PN_1540,40.405018647207136,-3.6988359713461136,19,3,0,1,83,0.0535,MEDIO
PN_1541,40.410961600552476,-3.666914085498489,19,3,0,1,67,0.0535,MEDIO
PN_1542,40.41675755994165,-3.6730825460235463,19,3,0,1,62,0.0535,MEDIO
PN_1543,40.39871807844201,-3.6462391554217413,19,3,0,1,18,0.0535,MEDIO
PN_1544,40.43871469276222,-3.634938582939829,20,1,0,4,55,0.0535,MEDIO
PN_1545,40.40416400280627,-3.747798824520539,20,1,0,4,38,0.0535,MEDIO
PN_1546,40.404988247943386,-3.695620857565017,19,3,0,1,80,0.0535,MEDIO
PN_1547,40.428817039515046,-3.6501867520380245,19,3,0,1,89,0.0535,MEDIO
PN_1548,40.38913215911488,-3.6917848975024876,9,4,0,2,66,0.0534,BAJO
PN_1549,40.42261991636482,-3.6806424117196506,9,4,0,2,59,0.0534,BAJO
PN_1550,40.42706971060926,-3.6682797193639054,25,2,0,1,36,0.0533,ALTO
PN_1551,40.41903991906739,-3.6950853503222176,25,2,0,1,80,0.0533,ALTO
PN_1552,40.43785848498522,-3.6720850272923484,25,2,0,1,58,0.0533,ALTO
PN_1553,40.4621813859209,-3.7471527650182685,25,2,0,1,7,0.0533,ALTO
PN_1554,40.39489942129989,-3.6622684067934923,25,2,0,1,50,0.0533,ALTO
PN_1555,40.38496755655141,-3.78297364768002,10,2,0,5,7,0.0533,MEDIO
PN_1556,40.4479696659706,-3.6779567937299023,15,3,0,2,37,0.0531,MEDIO
PN_1557,40.44185790529765,-3.697748873112594,15,3,0,2,31,0.0531,MEDIO
PN_1558,40.3996772428634,-3.711114590216299,15,3,0,2,91,0.0531,MEDIO
PN_1559,40.42901458453388,-3.6110745700140194,15,3,0,2,25,0.0531,MEDIO
PN_1560,40.42285514866892,-3.709056805880747,15,3,0,2,77,0.0531,MEDIO
PN_1561,40.37772732756131,-3.607142085459741,15,3,0,2,1,0.0531,MEDIO
PN_1562,40.42291270802039,-3.7040608575275025,15,3,0,2,61,0.0531,MEDIO
PN_1563,40.416841934847845,-3.7001077679650223,31,1,0,1,65,0.053,ALTO
PN_1564,40.393815524116256,-3.698734639994644,31,1,0,1,86,0.053,ALTO
PN_1565,40.43592718820133,-3.6430112515582764,21,2,0,2,78,0.0529,MEDIO
PN_1566,40.32918168127864,-3.7163096551747388,21,2,0,2,4,0.0529,MEDIO
PN_1567,40.45292829106435,-3.6539063076670266,21,2,0,2,67,0.0529,MEDIO
PN_1568,40.421224267983696,-3.6697888551995264,21,2,0,2,68,0.0529,MEDIO
PN_1569,40.37877638494226,-3.728149374691107,21,2,0,2,35,0.0529,MEDIO
PN_1570,40.41407432331035,-3.703126830901546,37,0,0,1,34,0.0528,ALTO
PN_1571,40.4293797998037,-3.652982655385226,11,3,0,3,71,0.0528,MEDIO
PN_1572,40.487704381456275,-3.6962340910885203,10,5,0,0,57,0.0528,MEDIO
PN_1573,40.34613715736591,-3.7041379459139274,27,1,0,2,32,0.0527,ALTO
PN_1574,40.440123837043764,-3.700965573598898,17,2,0,3,19,0.0526,MEDIO
PN_1575,40.46316903159281,-3.6200759308065664,16,4,0,0,13,0.0526,MEDIO
PN_1576,40.42382749663836,-3.685066067457385,17,2,0,3,65,0.0526,MEDIO
PN_1577,40.50312842064869,-3.7136285447830533,16,4,0,0,7,0.0526,MEDIO
PN_1578,40.47207396455204,-3.718100906471205,16,4,0,0,64,0.0526,MEDIO
PN_1579,40.49125518933525,-3.60668618685547,16,4,0,0,19,0.0526,MEDIO
PN_1580,40.39983675550173,-3.698736140585332,16,4,0,0,82,0.0526,MEDIO
PN_1581,40.390141605134374,-3.7119888839889255,17,2,0,3,38,0.0526,MEDIO
PN_1582,40.45191064747885,-3.7061136946117683,22,3,0,0,71,0.0524,MEDIO
PN_1583,40.406413857289664,-3.694347823079507,22,3,0,0,66,0.0524,MEDIO
PN_1584,40.39523966650193,-3.666027759934812,33,0,0,2,53,0.0524,ALTO
PN_1585,40.40426616922198,-3.7050172738116403,23,1,0,3,55,0.0523,MEDIO
PN_1586,40.41294285561809,-3.7209936895121465,23,1,0,3,79,0.0523,MEDIO
PN_1587,40.37002159674903,-3.744069253768517,12,4,0,1,50,0.0523,MEDIO
PN_1588,40.36500830366764,-3.7537121822709736,13,2,0,4,38,0.0522,MEDIO
PN_1589,40.4386253997866,-3.661074068679305,28,2,0,0,89,0.0521,ALTO
PN_1590,40.42084775458964,-3.706054314626825,29,0,0,3,52,0.0521,ALTO
PN_1591,40.43701006950587,-3.699694042848211,28,2,0,0,35,0.0521,ALTO
PN_1592,40.45197130360197,-3.689088828828991,18,3,0,1,59,0.052,MEDIO
PN_1593,40.39395179676192,-3.7679737628915158,19,1,0,4,56,0.052,MEDIO
PN_1594,40.41380451338572,-3.708886229121503,18,3,0,1,41,0.052,MEDIO
PN_1595,40.39794123826015,-3.697997984062189,18,3,0,1,84,0.052,MEDIO
PN_1596,40.380114785204135,-3.6710430206653974,19,1,0,4,26,0.052,MEDIO
PN_1597,40.40717233330291,-3.674987812574507,34,1,0,0,55,0.0519,ALTO
PN_1598,40.43703835418483,-3.7378713201883254,24,2,0,1,29,0.0518,MEDIO
PN_1599,40.38318908155512,-3.6958438831771514,24,2,0,1,57,0.0518,MEDIO
PN_1600,40.361226721160826,-3.6897686280131254,24,2,0,1,38,0.0518,MEDIO
PN_1601,40.3622194164434,-3.7578729789657452,24,2,0,1,46,0.0518,MEDIO
PN_1602,40.40987411190332,-3.6939456610154817,24,2,0,1,56,0.0518,MEDIO
PN_1603,40.363868428785835,-3.6192320603542583,24,2,0,1,0,0.0518,MEDIO
PN_1604,40.3959450962243,-3.709019840767208,25,0,0,4,94,0.0517,ALTO
PN_1605,40.37587710937972,-3.7439314438575617,14,3,0,2,49,0.0517,MEDIO
PN_1606,40.41504421879883,-3.723927970060656,14,3,0,2,91,0.0517,MEDIO
PN_1607,40.43756550348508,-3.680927486447124,14,3,0,2,91,0.0517,MEDIO
PN_1608,40.45703782711941,-3.67213026642636,14,3,0,2,82,0.0517,MEDIO
PN_1609,40.33362081745509,-3.7154125533559967,14,3,0,2,27,0.0517,MEDIO
PN_1610,40.39717306469503,-3.6967531721313263,15,1,0,5,66,0.0516,MEDIO
PN_1611,40.46883247114499,-3.627253100005559,30,1,0,1,5,0.0515,ALTO
PN_1612,40.42791375764094,-3.697000759188905,30,1,0,1,26,0.0515,ALTO
PN_1613,40.404755459241436,-3.597882704316297,30,1,0,1,11,0.0515,ALTO
PN_1614,40.40419134414667,-3.660070391234419,20,2,0,2,38,0.0514,MEDIO
PN_1615,40.47088484711542,-3.6958314984092575,20,2,0,2,33,0.0514,MEDIO
PN_1616,40.446200589241556,-3.690062287459058,20,2,0,2,44,0.0514,MEDIO
PN_1617,40.42624954833764,-3.6722697145166734,20,2,0,2,42,0.0514,MEDIO
PN_1618,40.45607986686427,-3.6908892633263393,20,2,0,2,108,0.0514,MEDIO
PN_1619,40.381671826817964,-3.6870501674376657,10,3,0,3,44,0.0513,MEDIO
PN_1620,40.34982085086469,-3.706134880304798,26,1,0,2,35,0.0512,ALTO
PN_1621,40.441045074980266,-3.615372374379116,26,1,0,2,36,0.0512,ALTO
PN_1622,40.44923887565444,-3.6982135757485133,15,4,0,0,104,0.0511,MEDIO
PN_1623,40.406033375751846,-3.74516566316519,16,2,0,3,28,0.0511,MEDIO
PN_1624,40.42996286389285,-3.71826812827786,15,4,0,0,82,0.0511,MEDIO
PN_1625,40.43201037375389,-3.6796144497449386,15,4,0,0,60,0.0511,MEDIO
PN_1626,40.416884197442165,-3.6747953618194553,15,4,0,0,52,0.0511,MEDIO
PN_1627,40.39396555300926,-3.6541308730541826,15,4,0,0,28,0.0511,MEDIO
PN_1628,40.38804118228956,-3.738932030287666,16,2,0,3,80,0.0511,MEDIO
PN_1629,40.45807583981683,-3.6970611611656126,15,4,0,0,118,0.0511,MEDIO
PN_1630,40.43591982888952,-3.6459425859519463,16,2,0,3,79,0.0511,MEDIO
PN_1631,40.44802892469606,-3.6900125907823824,16,2,0,3,46,0.0511,MEDIO
PN_1632,40.46221923842405,-3.697381563644095,15,4,0,0,94,0.0511,MEDIO
PN_1633,40.45240281123726,-3.695926547379129,21,3,0,0,94,0.0509,MEDIO
PN_1634,40.40533768140966,-3.7010119278330844,21,3,0,0,64,0.0509,MEDIO
PN_1635,40.366893754505725,-3.6053821039490774,21,3,0,0,57,0.0509,MEDIO
PN_1636,40.41811150230873,-3.6730264086324973,21,3,0,0,65,0.0509,MEDIO
PN_1637,40.482191025209744,-3.712117185909807,11,4,0,1,97,0.0508,MEDIO
PN_1638,40.42012779920612,-3.666992186214155,11,4,0,1,60,0.0508,MEDIO
PN_1639,40.40396934196244,-3.6611974164542134,11,4,0,1,54,0.0508,MEDIO
PN_1640,40.46778332518975,-3.677986220314631,27,2,0,0,54,0.0507,ALTO
PN_1641,40.43612548039683,-3.6411986871128357,12,2,0,4,69,0.0507,MEDIO
PN_1642,40.47874848121614,-3.69107104142186,27,2,0,0,40,0.0507,ALTO
PN_1643,40.43234166513457,-3.673234322882599,27,2,0,0,69,0.0507,ALTO
PN_1644,40.42583469351458,-3.701867569045408,27,2,0,0,37,0.0507,ALTO
PN_1645,40.40534733923405,-3.651685921636327,17,3,0,1,27,0.0505,MEDIO
PN_1646,40.36222513443061,-3.7446262024070216,17,3,0,1,31,0.0505,MEDIO
PN_1647,40.41384614658658,-3.728914453573056,18,1,0,4,68,0.0505,MEDIO
PN_1648,40.388096419712106,-3.653795770021885,18,1,0,4,22,0.0505,MEDIO
PN_1649,40.387790668072974,-3.664846220774897,18,1,0,4,14,0.0505,MEDIO
PN_1650,40.46627779533407,-3.669807636196996,17,3,0,1,52,0.0505,MEDIO
PN_1651,40.458085206751385,-3.664708876584778,17,3,0,1,73,0.0505,MEDIO
PN_1652,40.462013894631035,-3.708300513662299,17,3,0,1,34,0.0505,MEDIO
PN_1653,40.40412648705917,-3.6088836033110523,17,3,0,1,28,0.0505,MEDIO
PN_1654,40.43712410604565,-3.651828961866182,17,3,0,1,42,0.0505,MEDIO
PN_1655,40.433827286880394,-3.673197972875902,17,3,0,1,65,0.0505,MEDIO
PN_1656,40.3410185725097,-3.719972759168235,18,1,0,4,16,0.0505,MEDIO
PN_1657,40.48072780159084,-3.7160965594016364,17,3,0,1,74,0.0505,MEDIO
PN_1658,40.349072552722625,-3.6758995229462226,17,3,0,1,13,0.0505,MEDIO
PN_1659,40.41117449013394,-3.7349673279128695,23,2,0,1,51,0.0503,MEDIO
PN_1660,40.398050843481926,-3.7567177063538413,24,0,0,4,28,0.0503,MEDIO
PN_1661,40.44517660980217,-3.6141898217911415,23,2,0,1,38,0.0503,MEDIO
PN_1662,40.40870556342577,-3.6912181328895564,23,2,0,1,51,0.0503,MEDIO
PN_1663,40.388963331506794,-3.639165678585807,23,2,0,1,47,0.0503,MEDIO
PN_1664,40.451956671500135,-3.709266174849006,23,2,0,1,61,0.0503,MEDIO
PN_1665,40.40316983125758,-3.6609140284604313,23,2,0,1,38,0.0503,MEDIO
PN_1666,40.39578912344899,-3.67184286019756,23,2,0,1,53,0.0503,MEDIO
PN_1667,40.435177970158314,-3.661069919335859,24,0,0,4,94,0.0503,MEDIO
PN_1668,40.43525852483815,-3.643272662942223,23,2,0,1,78,0.0503,MEDIO
PN_1669,40.40999549755531,-3.6098944614272486,23,2,0,1,32,0.0503,MEDIO
PN_1670,40.41298497327599,-3.695681153456694,13,3,0,2,35,0.0502,MEDIO
PN_1671,40.46710092042864,-3.6369809124387658,13,3,0,2,42,0.0502,MEDIO
PN_1672,40.35485387796229,-3.681170258915873,13,3,0,2,12,0.0502,MEDIO
PN_1673,40.48401121273218,-3.6621767542340384,13,3,0,2,36,0.0502,MEDIO
PN_1674,40.399969267882426,-3.606920225676612,13,3,0,2,6,0.0502,MEDIO
PN_1675,40.432915387351926,-3.6001605878735674,13,3,0,2,34,0.0502,MEDIO
PN_1676,40.354871080576,-3.693088831454674,13,3,0,2,37,0.0502,MEDIO
PN_1677,40.462607326966925,-3.624087954489252,29,1,0,1,21,0.0501,ALTO
PN_1678,40.38333082350027,-3.6869844731665844,29,1,0,1,54,0.0501,ALTO
PN_1679,40.45218750759182,-3.6677535568500934,29,1,0,1,50,0.0501,ALTO
PN_1680,40.39337594475495,-3.6680592140792982,29,1,0,1,34,0.0501,ALTO
PN_1681,40.39679810503145,-3.711047335076784,19,2,0,2,94,0.05,MEDIO
PN_1682,40.45163351744045,-3.674793370243834,20,0,0,5,52,0.0499,MEDIO
PN_1683,40.45311466640279,-3.6605881908561355,9,3,0,3,58,0.0498,BAJO
PN_1684,40.468029843358096,-3.6691262519521866,25,1,0,2,59,0.0497,ALTO
PN_1685,40.47794311473,-3.703811491998755,14,4,0,0,63,0.0496,MEDIO
PN_1686,40.441171375046814,-3.712685631015947,14,4,0,0,42,0.0496,MEDIO
PN_1687,40.45288530003558,-3.605899869458915,14,4,0,0,6,0.0496,MEDIO
PN_1688,40.39821151933171,-3.6249545007545914,14,4,0,0,12,0.0496,MEDIO
PN_1689,40.38391826652386,-3.6048751872211255,15,2,0,3,5,0.0496,MEDIO
PN_1690,40.440893058739086,-3.653953347689783,14,4,0,0,43,0.0496,MEDIO
PN_1691,40.4207343752942,-3.621701511041123,14,4,0,0,50,0.0496,MEDIO
PN_1692,40.397201933176945,-3.6677724368793627,31,0,0,2,54,0.0495,ALTO
PN_1693,40.41201268900075,-3.701735966712344,20,3,0,0,26,0.0494,MEDIO
PN_1694,40.40406089244242,-3.666634405742781,20,3,0,0,75,0.0494,MEDIO
PN_1695,40.411926069718554,-3.727985090830839,20,3,0,0,85,0.0494,MEDIO
PN_1696,40.445980987888746,-3.6851031324512227,21,1,0,3,14,0.0494,MEDIO
PN_1697,40.46889899491076,-3.688203712490877,20,3,0,0,50,0.0494,MEDIO
PN_1698,40.47107057797136,-3.7199693986002274,21,1,0,3,56,0.0494,MEDIO
PN_1699,40.36711765831099,-3.720354509690241,20,3,0,0,8,0.0494,MEDIO
PN_1700,40.48412795741697,-3.667037717138573,20,3,0,0,42,0.0494,MEDIO
PN_1701,40.39810556248029,-3.718067606697991,21,1,0,3,71,0.0494,MEDIO
PN_1702,40.34208768371408,-3.714091135626383,10,4,0,1,24,0.0493,MEDIO
PN_1703,40.48807338832685,-3.7166320325576505,10,4,0,1,25,0.0493,MEDIO
PN_1704,40.4352778055712,-3.7114329266186545,10,4,0,1,54,0.0493,MEDIO
PN_1705,40.46986913339095,-3.672903908212558,11,2,0,4,48,0.0493,MEDIO
PN_1706,40.46198512250446,-3.6891003265094455,10,4,0,1,95,0.0493,MEDIO
PN_1707,40.38823456318494,-3.778996373960248,26,2,0,0,4,0.0492,ALTO
PN_1708,40.458955839081106,-3.664839804237261,26,2,0,0,69,0.0492,ALTO
PN_1709,40.438843193224756,-3.659645494357056,26,2,0,0,87,0.0492,ALTO
PN_1710,40.416126043336234,-3.72395206608165,26,2,0,0,94,0.0492,ALTO
PN_1711,40.4152320718395,-3.6776476418581088,16,3,0,1,35,0.0491,MEDIO
PN_1712,40.384181533048896,-3.6403327996722714,16,3,0,1,23,0.0491,MEDIO
PN_1713,40.38994582121906,-3.7159641631004647,16,3,0,1,38,0.0491,MEDIO
PN_1714,40.43313994753863,-3.717104432883848,16,3,0,1,77,0.0491,MEDIO
PN_1715,40.48590537758042,-3.6940676310042138,16,3,0,1,39,0.0491,MEDIO
PN_1716,40.43677887082929,-3.640919220451137,16,3,0,1,72,0.0491,MEDIO
PN_1717,40.42901578127098,-3.696148241158193,16,3,0,1,29,0.0491,MEDIO
PN_1718,40.43427115539621,-3.6559461285728116,16,3,0,1,100,0.0491,MEDIO
PN_1719,40.36405718351579,-3.7777604069501827,16,3,0,1,9,0.0491,MEDIO
PN_1720,40.419096111396634,-3.7040783355476865,16,3,0,1,59,0.0491,MEDIO
PN_1721,40.37970219269295,-3.7001957504697716,16,3,0,1,38,0.0491,MEDIO
PN_1722,40.42841697384085,-3.699644134769442,16,3,0,1,32,0.0491,MEDIO
PN_1723,40.41709182697528,-3.713136388075728,16,3,0,1,29,0.0491,MEDIO
PN_1724,40.35177432861014,-3.6909514375555803,16,3,0,1,24,0.0491,MEDIO
PN_1725,40.427818006103095,-3.6227536345184244,17,1,0,4,9,0.049,MEDIO
PN_1726,40.46920491798734,-3.698150902258602,17,1,0,4,20,0.049,MEDIO
PN_1727,40.388061295294676,-3.729042481736323,17,1,0,4,71,0.049,MEDIO
PN_1728,40.46843458250436,-3.6274176146972787,32,1,0,0,5,0.0489,ALTO
PN_1729,40.38908037503592,-3.716106492313713,22,2,0,1,58,0.0488,MEDIO
PN_1730,40.43994858401546,-3.6188957296859097,22,2,0,1,58,0.0488,MEDIO
PN_1731,40.40896197604978,-3.6647021379286073,22,2,0,1,82,0.0488,MEDIO
PN_1732,40.38705779756427,-3.7050246199551546,13,1,0,5,19,0.0487,MEDIO
PN_1733,40.480934512559664,-3.6506406340570074,12,3,0,2,14,0.0487,MEDIO
PN_1734,40.424105348985684,-3.675886979132918,28,1,0,1,65,0.0486,ALTO
PN_1735,40.40069966086498,-3.744784151945588,28,1,0,1,27,0.0486,ALTO
PN_1736,40.462198268418064,-3.6852557930294205,18,2,0,2,62,0.0485,MEDIO
PN_1737,40.41640076355741,-3.6509009507567693,18,2,0,2,30,0.0485,MEDIO
PN_1738,40.38673699479559,-3.7347492616000415,18,2,0,2,71,0.0485,MEDIO
PN_1739,40.36297905915525,-3.6938998119575763,18,2,0,2,42,0.0485,MEDIO
PN_1740,40.37733363591876,-3.6071406461798565,18,2,0,2,1,0.0485,MEDIO
PN_1741,40.46417042154821,-3.6480416859556715,13,4,0,0,25,0.0482,MEDIO
PN_1742,40.44783782473111,-3.7407879522359813,13,4,0,0,8,0.0482,MEDIO
PN_1743,40.45808761062819,-3.6551123752996495,13,4,0,0,44,0.0482,MEDIO
PN_1744,40.387195502635684,-3.668871386393807,24,1,0,2,32,0.0482,MEDIO
PN_1745,40.41089158392645,-3.7358405469583387,13,4,0,0,52,0.0482,MEDIO
PN_1746,40.367091867461234,-3.696853495077367,13,4,0,0,62,0.0482,MEDIO
PN_1747,40.37574604888751,-3.638916151938248,13,4,0,0,10,0.0482,MEDIO
PN_1748,40.390154012232806,-3.622082091194788,13,4,0,0,7,0.0482,MEDIO
PN_1749,40.45700351714023,-3.618034162100045,13,4,0,0,35,0.0482,MEDIO
PN_1750,40.410117810175315,-3.6513415116389427,13,4,0,0,51,0.0482,MEDIO
PN_1751,40.371060295971546,-3.680164570112886,13,4,0,0,4,0.0482,MEDIO
PN_1752,40.37663897501364,-3.6951138696304398,24,1,0,2,31,0.0482,MEDIO
PN_1753,40.39413779758803,-3.742640985471674,14,2,0,3,33,0.0481,MEDIO
PN_1754,40.475055126554494,-3.7111663481786534,14,2,0,3,64,0.0481,MEDIO
PN_1755,40.3949037279046,-3.667138800952099,14,2,0,3,51,0.0481,MEDIO
PN_1756,40.40627397586352,-3.6021624835651265,14,2,0,3,10,0.0481,MEDIO
PN_1757,40.42015092436763,-3.6251080281690125,30,0,0,2,59,0.048,ALTO
PN_1758,40.437028294976365,-3.6910957645517786,19,3,0,0,58,0.0479,MEDIO
PN_1759,40.38583462614287,-3.735890326760837,19,3,0,0,57,0.0479,MEDIO
PN_1760,40.41910861046969,-3.669133628916838,19,3,0,0,62,0.0479,MEDIO
PN_1761,40.45006550808711,-3.6622190473306375,19,3,0,0,60,0.0479,MEDIO
PN_1762,40.38565486986541,-3.7080876902534463,20,1,0,3,18,0.0479,MEDIO
PN_1763,40.43290978384139,-3.737889404044803,19,3,0,0,27,0.0479,MEDIO
PN_1764,40.417826805159095,-3.7240881185770403,19,3,0,0,76,0.0479,MEDIO
PN_1765,40.40290875842061,-3.666941284370016,19,3,0,0,76,0.0479,MEDIO
PN_1766,40.38583391757956,-3.7070215668469815,20,1,0,3,10,0.0479,MEDIO
PN_1767,40.41230111504334,-3.6540468571911005,19,3,0,0,63,0.0479,MEDIO
PN_1768,40.3600150716551,-3.662662126838352,9,4,0,1,0,0.0478,BAJO
PN_1769,40.3938665643981,-3.640853788628419,25,2,0,0,47,0.0477,ALTO
PN_1770,40.43394842450532,-3.6833588058872584,25,2,0,0,77,0.0477,ALTO
PN_1771,40.44684899175906,-3.718015167393691,25,2,0,0,22,0.0477,ALTO
PN_1772,40.43604461581673,-3.64199828665131,15,3,0,1,75,0.0476,MEDIO
PN_1773,40.40482487177812,-3.7422910209951397,15,3,0,1,26,0.0476,MEDIO
PN_1774,40.40426416477357,-3.7510865061215686,15,3,0,1,39,0.0476,MEDIO
PN_1775,40.425002778290946,-3.710055437336813,15,3,0,1,80,0.0476,MEDIO
PN_1776,40.37990279793961,-3.6489331264993767,15,3,0,1,12,0.0476,MEDIO
PN_1777,40.47484847727503,-3.651072445591444,15,3,0,1,38,0.0476,MEDIO
PN_1778,40.38508572845954,-3.6670375477444987,15,3,0,1,42,0.0476,MEDIO
PN_1779,40.457841568903696,-3.692069818705069,15,3,0,1,130,0.0476,MEDIO
PN_1780,40.4220806611944,-3.674169873805952,15,3,0,1,64,0.0476,MEDIO
PN_1781,40.35039036296005,-3.696784877151486,15,3,0,1,26,0.0476,MEDIO
PN_1782,40.40128203461894,-3.7597485551402783,15,3,0,1,28,0.0476,MEDIO
PN_1783,40.394938056565216,-3.694992358986881,31,1,0,0,69,0.0475,ALTO
PN_1784,40.41818611023512,-3.665985831058059,16,1,0,4,54,0.0475,MEDIO
PN_1785,40.45882322575126,-3.685092459157047,31,1,0,0,86,0.0475,ALTO
PN_1786,40.387120474832294,-3.664239413645181,16,1,0,4,18,0.0475,MEDIO
PN_1787,40.45508734480531,-3.69488102171348,21,2,0,1,113,0.0474,MEDIO
PN_1788,40.407218628070225,-3.631673783039452,21,2,0,1,37,0.0474,MEDIO
PN_1789,40.34900365592502,-3.6753601136383933,21,2,0,1,13,0.0474,MEDIO
PN_1790,40.38396713993342,-3.7239443883356014,21,2,0,1,86,0.0474,MEDIO
PN_1791,40.384085852031916,-3.7641023063486356,21,2,0,1,37,0.0474,MEDIO
PN_1792,40.421927416894654,-3.6829129228808184,21,2,0,1,56,0.0474,MEDIO
PN_1793,40.39198470814502,-3.6658492489486165,21,2,0,1,46,0.0474,MEDIO
PN_1794,40.38976177422118,-3.701095578293189,21,2,0,1,51,0.0474,MEDIO
PN_1795,40.424658529315145,-3.6728008812929342,21,2,0,1,49,0.0474,MEDIO
PN_1796,40.43711408429562,-3.621068011052345,21,2,0,1,66,0.0474,MEDIO
PN_1797,40.434182543028626,-3.7132052653673417,21,2,0,1,72,0.0474,MEDIO
PN_1798,40.36687783572799,-3.7667302293858205,21,2,0,1,14,0.0474,MEDIO
PN_1799,40.46000454968964,-3.6657964046447282,21,2,0,1,76,0.0474,MEDIO
PN_1800,40.373006333806686,-3.680881012079243,11,3,0,2,2,0.0472,MEDIO
PN_1801,40.38583276321465,-3.7530190414236517,11,3,0,2,13,0.0472,MEDIO
PN_1802,40.371846571700694,-3.742250357338774,11,3,0,2,53,0.0472,MEDIO
PN_1803,40.37690443112076,-3.694171697600161,11,3,0,2,33,0.0472,MEDIO
PN_1804,40.40697730666312,-3.6132414878174313,11,3,0,2,47,0.0472,MEDIO
PN_1805,40.413770406492446,-3.7102177969780157,11,3,0,2,44,0.0472,MEDIO
PN_1806,40.38336312151204,-3.7411547313931233,11,3,0,2,49,0.0472,MEDIO
PN_1807,40.38787787051958,-3.765856238587388,11,3,0,2,35,0.0472,MEDIO
PN_1808,40.47915495723158,-3.704160356275829,27,1,0,1,70,0.0471,ALTO
PN_1809,40.392949714110074,-3.653873691138679,27,1,0,1,30,0.0471,ALTO
PN_1810,40.39114214448191,-3.653842397309774,17,2,0,2,30,0.047,MEDIO
PN_1811,40.431971483469525,-3.686793013259255,17,2,0,2,58,0.047,MEDIO
PN_1812,40.375941683100365,-3.734194741431486,17,2,0,2,50,0.047,MEDIO
PN_1813,40.38605378458468,-3.7442227426340478,18,0,0,5,69,0.047,MEDIO
PN_1814,40.38513773321998,-3.694051961864509,17,2,0,2,57,0.047,MEDIO
PN_1815,40.446137504564895,-3.6120579824953696,17,2,0,2,42,0.047,MEDIO
PN_1816,40.400891791352166,-3.6960783451525665,23,1,0,2,91,0.0468,MEDIO
PN_1817,40.38177538552323,-3.6242236013787137,23,1,0,2,43,0.0468,MEDIO
PN_1818,40.40922323306834,-3.6091941849915212,23,1,0,2,35,0.0468,MEDIO
PN_1819,40.460806865091705,-3.698873289351935,23,1,0,2,90,0.0468,MEDIO
PN_1820,40.47897035546161,-3.674169194403956,23,1,0,2,42,0.0468,MEDIO
PN_1821,40.42597585106759,-3.675767607707004,12,4,0,0,56,0.0467,MEDIO
PN_1822,40.42295013868458,-3.6271582835104375,13,2,0,3,58,0.0467,MEDIO
PN_1823,40.489174089471355,-3.611712535494323,12,4,0,0,19,0.0467,MEDIO
PN_1824,40.4569728988918,-3.6810746524342504,13,2,0,3,96,0.0467,MEDIO
PN_1825,40.38290189138455,-3.697817502020145,13,2,0,3,52,0.0467,MEDIO
PN_1826,40.447814721839755,-3.652063454992176,12,4,0,0,57,0.0467,MEDIO
PN_1827,40.42586651720505,-3.7170051323680435,13,2,0,3,64,0.0467,MEDIO
PN_1828,40.397259602996606,-3.767190789268662,12,4,0,0,46,0.0467,MEDIO
PN_1829,40.34928978473044,-3.71086568939324,13,2,0,3,14,0.0467,MEDIO
PN_1830,40.40185620407757,-3.6679122914772484,13,2,0,3,82,0.0467,MEDIO
PN_1831,40.419043913843325,-3.66204257413338,13,2,0,3,62,0.0467,MEDIO
PN_1832,40.44921736555225,-3.62093261428889,12,4,0,0,12,0.0467,MEDIO
PN_1833,40.397966642741665,-3.717052734176704,14,0,0,6,95,0.0466,MEDIO
PN_1834,40.39621186695404,-3.7097765915824845,18,3,0,0,99,0.0465,MEDIO
PN_1835,40.47169560313942,-3.7071294377265818,18,3,0,0,38,0.0465,MEDIO
PN_1836,40.328845861460984,-3.7168023819692064,18,3,0,0,4,0.0465,MEDIO
PN_1837,40.37906803678564,-3.6138448772341465,18,3,0,0,13,0.0465,MEDIO
PN_1838,40.39205623212326,-3.7421352166641912,18,3,0,0,49,0.0465,MEDIO
PN_1839,40.442986870630946,-3.6972616338549926,18,3,0,0,62,0.0465,MEDIO
PN_1840,40.41919699412041,-3.6209984590064033,19,1,0,3,47,0.0464,MEDIO
PN_1841,40.41319010419139,-3.698138336848136,8,4,0,1,41,0.0463,BAJO
PN_1842,40.43689458849351,-3.6371318850107266,24,2,0,0,70,0.0462,MEDIO
PN_1843,40.43787841551448,-3.714172692250586,14,3,0,1,58,0.0461,MEDIO
PN_1844,40.50330656944909,-3.7048504125241277,14,3,0,1,79,0.0461,MEDIO
PN_1845,40.41118317991932,-3.7112823310667826,14,3,0,1,47,0.0461,MEDIO
PN_1846,40.35660948095547,-3.6938841381699357,14,3,0,1,30,0.0461,MEDIO
PN_1847,40.37303647959533,-3.715612998208688,14,3,0,1,32,0.0461,MEDIO
PN_1848,40.382885857485576,-3.729946192911123,14,3,0,1,41,0.0461,MEDIO
PN_1849,40.43613000618381,-3.620778793930405,14,3,0,1,64,0.0461,MEDIO
PN_1850,40.456372346349674,-3.6959616068123666,14,3,0,1,130,0.0461,MEDIO
PN_1851,40.390032332900994,-3.7517877448384027,14,3,0,1,12,0.0461,MEDIO
PN_1852,40.37718409078896,-3.7539506070252755,15,1,0,4,27,0.0461,MEDIO
PN_1853,40.43298487364429,-3.6251398948539553,14,3,0,1,48,0.0461,MEDIO
PN_1854,40.379764569007534,-3.619962401087328,14,3,0,1,22,0.0461,MEDIO
PN_1855,40.429087214703415,-3.720965365014732,14,3,0,1,50,0.0461,MEDIO
PN_1856,40.468009300233476,-3.569974120704549,30,1,0,0,0,0.046,ALTO
PN_1857,40.42088133524226,-3.6121290533520423,20,2,0,1,45,0.0459,MEDIO
PN_1858,40.43938850622617,-3.6322377232654945,20,2,0,1,32,0.0459,MEDIO
PN_1859,40.41197682313596,-3.7268630104995943,20,2,0,1,83,0.0459,MEDIO
PN_1860,40.481183670544205,-3.70500889355403,20,2,0,1,70,0.0459,MEDIO
PN_1861,40.423059423707635,-3.6843277963179943,20,2,0,1,61,0.0459,MEDIO
PN_1862,40.393721521244615,-3.7071441217399252,20,2,0,1,90,0.0459,MEDIO
PN_1863,40.43627033573482,-3.7130840170832533,20,2,0,1,56,0.0459,MEDIO
PN_1864,40.406033212362026,-3.693251058574912,20,2,0,1,74,0.0459,MEDIO
PN_1865,40.41886205358357,-3.649189049477639,10,3,0,2,8,0.0458,MEDIO
PN_1866,40.44718009953888,-3.6260427601434433,26,1,0,1,27,0.0456,ALTO
PN_1867,40.45722939537645,-3.6247610570811792,16,2,0,2,43,0.0455,MEDIO
PN_1868,40.439064586363486,-3.6390455431145625,16,2,0,2,61,0.0455,MEDIO
PN_1869,40.41973062155582,-3.615697901736769,16,2,0,2,29,0.0455,MEDIO
PN_1870,40.34101751823679,-3.7063131428648046,16,2,0,2,18,0.0455,MEDIO
PN_1871,40.44199358531808,-3.6121078338183517,16,2,0,2,26,0.0455,MEDIO
PN_1872,40.38393444844081,-3.683879850533293,16,2,0,2,39,0.0455,MEDIO
PN_1873,40.43687684826911,-3.642136045827519,16,2,0,2,77,0.0455,MEDIO
PN_1874,40.39575512078279,-3.68012567324746,32,0,0,1,48,0.0454,ALTO
PN_1875,40.37379021023371,-3.733953249868584,22,1,0,2,47,0.0453,MEDIO
PN_1876,40.43483541907589,-3.655833978156089,22,1,0,2,94,0.0453,MEDIO
PN_1877,40.47003387277831,-3.6969318861859723,22,1,0,2,17,0.0453,MEDIO
PN_1878,40.37301203876796,-3.765737703483563,22,1,0,2,26,0.0453,MEDIO
PN_1879,40.450030663704084,-3.600148132690141,11,4,0,0,4,0.0452,MEDIO
PN_1880,40.416761789384644,-3.671925547293369,11,4,0,0,61,0.0452,MEDIO
PN_1881,40.33469574616764,-3.664761061559514,11,4,0,0,0,0.0452,MEDIO
PN_1882,40.431960205217585,-3.688977849459594,12,2,0,3,49,0.0452,MEDIO
PN_1883,40.47813423003494,-3.7098272174048597,12,2,0,3,70,0.0452,MEDIO
PN_1884,40.47623125220621,-3.668785792123535,11,4,0,0,62,0.0452,MEDIO
PN_1885,40.39731402872514,-3.756996680259482,12,2,0,3,24,0.0452,MEDIO
PN_1886,40.44092179348982,-3.665229606467793,11,4,0,0,60,0.0452,MEDIO
PN_1887,40.41507615883182,-3.6694046457743634,11,4,0,0,56,0.0452,MEDIO
PN_1888,40.378936004072756,-3.6639559872840795,17,3,0,0,32,0.045,MEDIO
PN_1889,40.363129295559936,-3.743956515006848,17,3,0,0,34,0.045,MEDIO
PN_1890,40.50306714238983,-3.6630102895017886,17,3,0,0,43,0.045,MEDIO
PN_1891,40.41511461356619,-3.646899070558962,17,3,0,0,10,0.045,MEDIO
PN_1892,40.46907784608764,-3.6420686988090543,18,1,0,3,27,0.0449,MEDIO
PN_1893,40.437664665146,-3.6801030506743513,18,1,0,3,89,0.0449,MEDIO
PN_1894,40.44223613060867,-3.6661107807061817,18,1,0,3,52,0.0449,MEDIO
PN_1895,40.42466916175305,-3.670945652010235,23,2,0,0,45,0.0448,MEDIO
PN_1896,40.37595942671162,-3.695867795822813,23,2,0,0,29,0.0448,MEDIO
PN_1897,40.43692226557649,-3.6598464809500455,23,2,0,0,94,0.0448,MEDIO
PN_1898,40.43318836060573,-3.6218041143669963,23,2,0,0,51,0.0448,MEDIO
PN_1899,40.4283380128084,-3.6489505261419706,23,2,0,0,78,0.0448,MEDIO
PN_1900,40.44825601437361,-3.6825773284054564,23,2,0,0,33,0.0448,MEDIO
PN_1901,40.43980161303623,-3.7179534500211573,23,2,0,0,33,0.0448,MEDIO
PN_1902,40.449071105816984,-3.6540592371687386,23,2,0,0,56,0.0448,MEDIO
PN_1903,40.50480036603553,-3.6650084765875524,24,0,0,3,39,0.0447,MEDIO
PN_1904,40.43030909276915,-3.6379340928325083,13,3,0,1,79,0.0446,MEDIO
PN_1905,40.47885514527583,-3.581061160716061,14,1,0,4,12,0.0446,MEDIO
PN_1906,40.40292847961459,-3.710095264481858,13,3,0,1,63,0.0446,MEDIO
PN_1907,40.41610265854301,-3.713331873768011,13,3,0,1,33,0.0446,MEDIO
PN_1908,40.398991698618495,-3.7639912748242983,13,3,0,1,44,0.0446,MEDIO
PN_1909,40.38883290695252,-3.6432768359472685,13,3,0,1,48,0.0446,MEDIO
PN_1910,40.49125672996752,-3.7130351337393064,13,3,0,1,10,0.0446,MEDIO
PN_1911,40.433736366419915,-3.6241541004016153,13,3,0,1,63,0.0446,MEDIO
PN_1912,40.41636402366628,-3.6981014417969167,13,3,0,1,62,0.0446,MEDIO
PN_1913,40.3750359333486,-3.773057369064647,13,3,0,1,31,0.0446,MEDIO
PN_1914,40.446815693758026,-3.6128302567971664,13,3,0,1,46,0.0446,MEDIO
PN_1915,40.46756369030165,-3.5828804056836945,29,1,0,0,18,0.0445,ALTO
PN_1916,40.39188526956957,-3.6551087952731858,19,2,0,1,38,0.0444,MEDIO
PN_1917,40.45294809391029,-3.7040694487001575,19,2,0,1,80,0.0444,MEDIO
PN_1918,40.4839017071622,-3.648100527248982,19,2,0,1,21,0.0444,MEDIO
PN_1919,40.46191679369146,-3.700944950517355,19,2,0,1,59,0.0444,MEDIO
PN_1920,40.38321107346419,-3.648183020068332,19,2,0,1,16,0.0444,MEDIO
PN_1921,40.42280238321856,-3.695948270157125,19,2,0,1,71,0.0444,MEDIO
PN_1922,40.41495604288096,-3.708008422269552,9,3,0,2,37,0.0443,BAJO
PN_1923,40.41171945129463,-3.73074781000627,9,3,0,2,72,0.0443,BAJO
PN_1924,40.38682525304209,-3.67133305509338,9,3,0,2,20,0.0443,BAJO
PN_1925,40.39385338393146,-3.633172568898847,25,1,0,1,4,0.0442,ALTO
PN_1926,40.44114144098169,-3.6747948021360575,25,1,0,1,65,0.0442,ALTO
PN_1927,40.40694636613752,-3.711229746423982,25,1,0,1,51,0.0442,ALTO
PN_1928,40.367782982858756,-3.6631661498507064,25,1,0,1,0,0.0442,ALTO
PN_1929,40.44406095963655,-3.5830339898859243,15,2,0,2,23,0.0441,MEDIO
PN_1930,40.40516898820502,-3.6589368006677954,15,2,0,2,33,0.0441,MEDIO
PN_1931,40.484998537156976,-3.683939213568877,15,2,0,2,38,0.0441,MEDIO
PN_1932,40.47901096668188,-3.716782624600198,15,2,0,2,61,0.0441,MEDIO
PN_1933,40.43609677148415,-3.6450367655911964,15,2,0,2,77,0.0441,MEDIO
PN_1934,40.409912964518966,-3.7100021013652467,15,2,0,2,40,0.0441,MEDIO
PN_1935,40.406874882372875,-3.6137239696615238,15,2,0,2,45,0.0441,MEDIO
PN_1936,40.45861095111817,-3.6802549336261667,16,0,0,5,95,0.044,MEDIO
PN_1937,40.45795918597374,-3.664212081041524,21,1,0,2,77,0.0438,MEDIO
PN_1938,40.425889336722385,-3.6459475569393076,21,1,0,2,71,0.0438,MEDIO
PN_1939,40.401868098038825,-3.760902712709754,21,1,0,2,31,0.0438,MEDIO
PN_1940,40.434880845085125,-3.638911786133628,21,1,0,2,86,0.0438,MEDIO
PN_1941,40.44190482547255,-3.675299626843125,21,1,0,2,61,0.0438,MEDIO
PN_1942,40.43198576903013,-3.6481976895267674,11,2,0,3,105,0.0437,MEDIO
PN_1943,40.449967181683604,-3.6967572387951777,10,4,0,0,98,0.0437,MEDIO
PN_1944,40.47679835963565,-3.7178487838849223,10,4,0,0,45,0.0437,MEDIO
PN_1945,40.46906874522018,-3.7913857977437546,10,4,0,0,0,0.0437,MEDIO
PN_1946,40.382867101763864,-3.7428950302212405,10,4,0,0,47,0.0437,MEDIO
PN_1947,40.36881696142922,-3.663244599507627,10,4,0,0,0,0.0437,MEDIO
PN_1948,40.409327032958906,-3.648954168904537,11,2,0,3,27,0.0437,MEDIO
PN_1949,40.34313382557962,-3.7170407747933227,11,2,0,3,19,0.0437,MEDIO
PN_1950,40.39377877383147,-3.6660965835708534,16,3,0,0,48,0.0435,MEDIO
PN_1951,40.3811095921032,-3.624917853395926,17,1,0,3,46,0.0435,MEDIO
PN_1952,40.3896776722512,-3.6795947134432465,16,3,0,0,44,0.0435,MEDIO
PN_1953,40.440964554648815,-3.718147080260219,16,3,0,0,28,0.0435,MEDIO
PN_1954,40.4181920611201,-3.7069928742704406,16,3,0,0,37,0.0435,MEDIO
PN_1955,40.381069845197615,-3.7011701277675932,17,1,0,3,33,0.0435,MEDIO
PN_1956,40.395873170231056,-3.590819447540791,16,3,0,0,0,0.0435,MEDIO
PN_1957,40.428251436075676,-3.7357424206783394,16,3,0,0,14,0.0435,MEDIO
PN_1958,40.38087927156499,-3.72578772970682,17,1,0,3,31,0.0435,MEDIO
PN_1959,40.43306254260538,-3.714601225161598,16,3,0,0,92,0.0435,MEDIO
PN_1960,40.44110761869168,-3.6629996138979957,16,3,0,0,77,0.0435,MEDIO
PN_1961,40.457850683289294,-3.7130688828746043,16,3,0,0,59,0.0435,MEDIO
PN_1962,40.46820367188041,-3.6282570354626524,16,3,0,0,5,0.0435,MEDIO
PN_1963,40.40181095008602,-3.6999327781709934,16,3,0,0,84,0.0435,MEDIO
PN_1964,40.37526283149175,-3.7122459227896334,17,1,0,3,23,0.0435,MEDIO
PN_1965,40.43584870712865,-3.675922180466097,22,2,0,0,70,0.0433,MEDIO
PN_1966,40.39598413878009,-3.6417334021503365,8,0,0,7,39,0.0433,BAJO
PN_1967,40.44294554436977,-3.5831722476261563,22,2,0,0,21,0.0433,MEDIO
PN_1968,40.479662033835545,-3.7042877252904556,22,2,0,0,74,0.0433,MEDIO
PN_1969,40.45719543740838,-3.70990263251476,12,3,0,1,64,0.0432,MEDIO
PN_1970,40.438177337991974,-3.6939717925422233,12,3,0,1,52,0.0432,MEDIO
PN_1971,40.43593565234514,-3.702415168068462,12,3,0,1,35,0.0432,MEDIO
PN_1972,40.482202022083065,-3.6888168024976573,12,3,0,1,47,0.0432,MEDIO
PN_1973,40.41091366941436,-3.6749627968260348,12,3,0,1,37,0.0432,MEDIO
PN_1974,40.34067354976758,-3.7230093211838935,12,3,0,1,2,0.0432,MEDIO
PN_1975,40.389726166435366,-3.777026898319178,12,3,0,1,0,0.0432,MEDIO
PN_1976,40.38911543198508,-3.7371806260492932,12,3,0,1,58,0.0432,MEDIO
PN_1977,40.35079808566606,-3.6958868310803195,13,1,0,4,27,0.0431,MEDIO
PN_1978,40.438110130940814,-3.6929641203612897,28,1,0,0,51,0.043,ALTO
PN_1979,40.404802729742194,-3.7127514979450726,18,2,0,1,60,0.0429,MEDIO
PN_1980,40.38818119734941,-3.6700256274781773,18,2,0,1,28,0.0429,MEDIO
PN_1981,40.40906507526062,-3.741238402923292,18,2,0,1,33,0.0429,MEDIO
PN_1982,40.434916578195015,-3.6808404087999986,18,2,0,1,78,0.0429,MEDIO
PN_1983,40.38201578366913,-3.6340189868873534,18,2,0,1,32,0.0429,MEDIO
PN_1984,40.39905281753756,-3.7648619045406275,18,2,0,1,36,0.0429,MEDIO
PN_1985,40.407760541959526,-3.631868071841535,18,2,0,1,39,0.0429,MEDIO
PN_1986,40.413001009520386,-3.6768478548431727,18,2,0,1,28,0.0429,MEDIO
PN_1987,40.43728194088438,-3.7230442799723216,18,2,0,1,30,0.0429,MEDIO
PN_1988,40.429004223154394,-3.6798081803286635,18,2,0,1,50,0.0429,MEDIO
PN_1989,40.392247744575585,-3.668998287535338,18,2,0,1,17,0.0429,MEDIO
PN_1990,40.42956758842016,-3.6657375405755115,18,2,0,1,51,0.0429,MEDIO
PN_1991,40.44220560819193,-3.7128503100310297,18,2,0,1,51,0.0429,MEDIO
PN_1992,40.36278516827907,-3.7480437692522526,18,2,0,1,45,0.0429,MEDIO
PN_1993,40.44319525575886,-3.6672103155671274,18,2,0,1,57,0.0429,MEDIO
PN_1994,40.40321432396497,-3.5987880078957724,18,2,0,1,11,0.0429,MEDIO
PN_1995,40.45230925886853,-3.6992992709540697,8,3,0,2,90,0.0428,BAJO
PN_1996,40.42690746886932,-3.628048704634485,8,3,0,2,61,0.0428,BAJO
PN_1997,40.38708117708925,-3.7567760630508555,8,3,0,2,31,0.0428,BAJO
PN_1998,40.41687105836685,-3.6890012009274464,24,1,0,1,53,0.0427,MEDIO
PN_1999,40.37321013806876,-3.6500843563078145,24,1,0,1,8,0.0427,MEDIO
PN_2000,40.47462313684137,-3.69715192482781,14,2,0,2,36,0.0426,MEDIO
PN_2001,40.40636477397818,-3.71115331758402,14,2,0,2,53,0.0426,MEDIO
PN_2002,40.45405027767305,-3.6772744659711654,14,2,0,2,76,0.0426,MEDIO
PN_2003,40.44094554160586,-3.640208681085543,14,2,0,2,48,0.0426,MEDIO
PN_2004,40.44030954567139,-3.7159434964199707,14,2,0,2,44,0.0426,MEDIO
PN_2005,40.45816526792806,-3.667126438164311,14,2,0,2,64,0.0426,MEDIO
PN_2006,40.387086172594614,-3.731144467968465,14,2,0,2,67,0.0426,MEDIO
PN_2007,40.381104324518176,-3.668148751367735,14,2,0,2,38,0.0426,MEDIO
PN_2008,40.46327288571732,-3.7070443795566925,14,2,0,2,37,0.0426,MEDIO
PN_2009,40.39174168430937,-3.768979850999743,14,2,0,2,49,0.0426,MEDIO
PN_2010,40.402889235329816,-3.6431240472421824,15,0,0,5,6,0.0425,MEDIO
PN_2011,40.384955294342035,-3.7461307569905813,20,1,0,2,52,0.0423,MEDIO
PN_2012,40.37811946596331,-3.712081214980986,20,1,0,2,13,0.0423,MEDIO
PN_2013,40.44005080534052,-3.7387815406068388,9,4,0,0,8,0.0423,BAJO
PN_2014,40.38903948684852,-3.666887451027608,20,1,0,2,27,0.0423,MEDIO
PN_2015,40.46624078515422,-3.6719157352385556,20,1,0,2,44,0.0423,MEDIO
PN_2016,40.4117490115614,-3.646095196385465,9,4,0,0,21,0.0423,BAJO
PN_2017,40.441043440606066,-3.7149584824755326,9,4,0,0,41,0.0423,BAJO
PN_2018,40.43410920153832,-3.6311039845201103,9,4,0,0,69,0.0423,BAJO
PN_2019,40.46875573165844,-3.624121184103369,9,4,0,0,1,0.0423,BAJO
PN_2020,40.44970292160977,-3.602763803975146,9,4,0,0,19,0.0423,BAJO
PN_2021,40.39712806842311,-3.6641097445258017,20,1,0,2,51,0.0423,MEDIO
PN_2022,40.42592069395817,-3.6988523391112276,9,4,0,0,26,0.0423,BAJO
PN_2023,40.39625841238677,-3.7299874012275014,20,1,0,2,8,0.0423,MEDIO
PN_2024,40.45394931707709,-3.743861895245865,20,1,0,2,17,0.0423,MEDIO
PN_2025,40.386179114050314,-3.720064485351307,20,1,0,2,93,0.0423,MEDIO
PN_2026,40.40477231748396,-3.6809248275976025,9,4,0,0,21,0.0423,BAJO
PN_2027,40.42762072246,-3.669786485197289,20,1,0,2,43,0.0423,MEDIO
PN_2028,40.38387999395047,-3.6409148818708323,10,2,0,3,19,0.0422,MEDIO
PN_2029,40.38873889945885,-3.740978982686129,10,2,0,3,71,0.0422,MEDIO
PN_2030,40.49438623135279,-3.66738592631224,10,2,0,3,47,0.0422,MEDIO
PN_2031,40.38315070854317,-3.691954351211649,10,2,0,3,63,0.0422,MEDIO
PN_2032,40.41067610047097,-3.713892424178818,26,0,0,2,55,0.0421,ALTO
PN_2033,40.42397802233871,-3.68676643243088,26,0,0,2,61,0.0421,ALTO
PN_2034,40.34825133391883,-3.7061665170336395,26,0,0,2,34,0.0421,ALTO
PN_2035,40.36184206385224,-3.6898913002404683,15,3,0,0,43,0.042,MEDIO
PN_2036,40.381282435496,-3.661959426233077,15,3,0,0,24,0.042,MEDIO
PN_2037,40.44707290250884,-3.6371056456500446,15,3,0,0,2,0.042,MEDIO
PN_2038,40.376043400394146,-3.654137359514616,15,3,0,0,17,0.042,MEDIO
PN_2039,40.45234644675033,-3.698102649394729,15,3,0,0,98,0.042,MEDIO
PN_2040,40.402035874166614,-3.724839932917969,15,3,0,0,43,0.042,MEDIO
PN_2041,40.38221199418245,-3.7669750843466994,15,3,0,0,18,0.042,MEDIO
PN_2042,40.42126730410507,-3.6741939736193987,15,3,0,0,71,0.042,MEDIO
PN_2043,40.38372077328921,-3.703819581464948,16,1,0,3,24,0.042,MEDIO
PN_2044,40.476229041316294,-3.7192902545434396,15,3,0,0,39,0.042,MEDIO
PN_2045,40.431949567607,-3.6278070603078323,15,3,0,0,59,0.042,MEDIO
PN_2046,40.46601605809846,-3.6857644502818725,15,3,0,0,54,0.042,MEDIO
PN_2047,40.42806267731067,-3.702018487739568,15,3,0,0,44,0.042,MEDIO
PN_2048,40.3664046185327,-3.6141984902753603,15,3,0,0,3,0.042,MEDIO
PN_2049,40.429905648396826,-3.6738322407914565,21,2,0,0,68,0.0418,MEDIO
PN_2050,40.44196876858679,-3.6690244480961782,21,2,0,0,53,0.0418,MEDIO
PN_2051,40.39684780716669,-3.6200363011655745,21,2,0,0,13,0.0418,MEDIO
PN_2052,40.378748788526124,-3.6857875774962574,21,2,0,0,18,0.0418,MEDIO
PN_2053,40.40319345667017,-3.69719167751346,21,2,0,0,100,0.0418,MEDIO
PN_2054,40.40386226663976,-3.6797337341292664,22,0,0,3,21,0.0418,MEDIO
PN_2055,40.3819146127606,-3.7186572059946146,22,0,0,3,51,0.0418,MEDIO
PN_2056,40.38223585007241,-3.6977649882976653,11,3,0,1,49,0.0417,MEDIO
PN_2057,40.39908488514868,-3.709941326384944,11,3,0,1,88,0.0417,MEDIO
PN_2058,40.40021905453094,-3.754958708280338,11,3,0,1,24,0.0417,MEDIO
PN_2059,40.42716950290932,-3.7182711350355393,11,3,0,1,71,0.0417,MEDIO
PN_2060,40.439953781869,-3.6629401092360365,11,3,0,1,71,0.0417,MEDIO
PN_2061,40.37487131950421,-3.776770023744045,11,3,0,1,25,0.0417,MEDIO
PN_2062,40.373062247610726,-3.7518445683430888,11,3,0,1,43,0.0417,MEDIO
PN_2063,40.41207171887374,-3.7138204250470337,11,3,0,1,57,0.0417,MEDIO
PN_2064,40.38637877247066,-3.751675589511997,11,3,0,1,14,0.0417,MEDIO
PN_2065,40.40503356030596,-3.712329457479361,27,1,0,0,59,0.0416,ALTO
PN_2066,40.413810005016884,-3.7020254861675874,27,1,0,0,35,0.0416,ALTO
PN_2067,40.423945607331916,-3.7007442071728542,27,1,0,0,22,0.0416,ALTO
PN_2068,40.44017540617298,-3.727696403232274,17,2,0,1,17,0.0414,MEDIO
PN_2069,40.383849520511184,-3.6958010709943205,17,2,0,1,53,0.0414,MEDIO
PN_2070,40.42097571764912,-3.700742511844151,17,2,0,1,60,0.0414,MEDIO
PN_2071,40.44499815123033,-3.6460416675889946,17,2,0,1,34,0.0414,MEDIO
PN_2072,40.47100571983613,-3.7503443152599294,18,0,0,4,10,0.0414,MEDIO
PN_2073,40.39783900652265,-3.7141466610669536,17,2,0,1,109,0.0414,MEDIO
PN_2074,40.3769012681414,-3.69599637170342,17,2,0,1,28,0.0414,MEDIO
PN_2075,40.446942989352024,-3.6490777188078627,17,2,0,1,51,0.0414,MEDIO
PN_2076,40.41696731701857,-3.6761638548726765,17,2,0,1,34,0.0414,MEDIO
PN_2077,40.44610805717572,-3.6709377907221072,17,2,0,1,62,0.0414,MEDIO
PN_2078,40.423257488744866,-3.675846149780965,17,2,0,1,66,0.0414,MEDIO
PN_2079,40.368222920171725,-3.5908212076351185,17,2,0,1,0,0.0414,MEDIO
PN_2080,40.41465153562609,-3.729839684994983,17,2,0,1,66,0.0414,MEDIO
PN_2081,40.41321298599379,-3.7009365304692317,17,2,0,1,35,0.0414,MEDIO
PN_2082,40.42925502782821,-3.6937993370366233,17,2,0,1,33,0.0414,MEDIO
PN_2083,40.40881192218819,-3.613917674820609,7,3,0,2,43,0.0413,BAJO
PN_2084,40.381058564783714,-3.6720477264367912,7,3,0,2,27,0.0413,BAJO
PN_2085,40.42035381018619,-3.6862502994823814,7,3,0,2,38,0.0413,BAJO
PN_2086,40.42486969169201,-3.659855795847198,23,1,0,1,50,0.0412,MEDIO
PN_2087,40.385334214530666,-3.708984335140315,23,1,0,1,20,0.0412,MEDIO
PN_2088,40.43290941081028,-3.7117325423728844,23,1,0,1,72,0.0412,MEDIO
PN_2089,40.45506530124915,-3.7448643802266,23,1,0,1,15,0.0412,MEDIO
PN_2090,40.43512499404735,-3.6901306893172428,23,1,0,1,57,0.0412,MEDIO
PN_2091,40.40476310057653,-3.751795009459692,23,1,0,1,37,0.0412,MEDIO
PN_2092,40.44667756894371,-3.6122003454473774,23,1,0,1,46,0.0412,MEDIO
PN_2093,40.38377334247099,-3.625113854791958,23,1,0,1,36,0.0412,MEDIO
PN_2094,40.4688104146036,-3.6311226945756685,23,1,0,1,8,0.0412,MEDIO
PN_2095,40.42695039946971,-3.701068296738702,13,2,0,2,34,0.0411,MEDIO
PN_2096,40.39117440936812,-3.650984942816698,13,2,0,2,22,0.0411,MEDIO
PN_2097,40.446968683146075,-3.705922401944681,13,2,0,2,52,0.0411,MEDIO
PN_2098,40.455222712931764,-3.7061956649468972,13,2,0,2,68,0.0411,MEDIO
PN_2099,40.43805239060395,-3.653866674096455,13,2,0,2,45,0.0411,MEDIO
PN_2100,40.46927830544142,-3.701837661642909,13,2,0,2,19,0.0411,MEDIO
PN_2101,40.390166214857075,-3.6999589168056977,13,2,0,2,56,0.0411,MEDIO
PN_2102,40.34897118857835,-3.7061966695322894,13,2,0,2,36,0.0411,MEDIO
PN_2103,40.422342611944835,-3.656085727208163,13,2,0,2,54,0.0411,MEDIO
PN_2104,40.45386193463066,-3.6040464388636906,13,2,0,2,6,0.0411,MEDIO
PN_2105,40.4710561419684,-3.6451769061415047,13,2,0,2,32,0.0411,MEDIO
PN_2106,40.387173391514,-3.7257699379503233,13,2,0,2,88,0.0411,MEDIO
PN_2107,40.48694689628068,-3.718979894972361,13,2,0,2,30,0.0411,MEDIO
PN_2108,40.4712133783191,-3.6818872758447725,13,2,0,2,52,0.0411,MEDIO
PN_2109,40.40587899829854,-3.616961188522967,29,0,0,1,24,0.041,ALTO
PN_2110,40.390186933112886,-3.6430935695627853,19,1,0,2,55,0.0409,MEDIO
PN_2111,40.397794276871984,-3.711978799374623,19,1,0,2,105,0.0409,MEDIO
PN_2112,40.37594328031138,-3.651018654318671,8,4,0,0,12,0.0408,BAJO
PN_2113,40.43120159521883,-3.653036716780418,9,2,0,3,77,0.0408,BAJO
PN_2114,40.38693266330107,-3.712542793291607,14,3,0,0,58,0.0406,MEDIO
PN_2115,40.43730308600761,-3.6807959856296795,14,3,0,0,90,0.0406,MEDIO
PN_2116,40.50303522550233,-3.7131022601682746,14,3,0,0,9,0.0406,MEDIO
PN_2117,40.43885488323173,-3.675115287513303,25,0,0,2,74,0.0406,ALTO
PN_2118,40.36858886717298,-3.6910127019945813,14,3,0,0,58,0.0406,MEDIO
PN_2119,40.41803025363465,-3.669989835777056,14,3,0,0,64,0.0406,MEDIO
PN_2120,40.39635530420155,-3.7182973047860446,14,3,0,0,78,0.0406,MEDIO
PN_2121,40.38975401636383,-3.7342793406432695,15,1,0,3,53,0.0405,MEDIO
PN_2122,40.46297740453599,-3.7028992588374976,15,1,0,3,40,0.0405,MEDIO
PN_2123,40.40187517322684,-3.698648652991246,15,1,0,3,91,0.0405,MEDIO
PN_2124,40.430958420346784,-3.6409690329223943,15,1,0,3,68,0.0405,MEDIO
PN_2125,40.43742386477772,-3.6798748996312196,15,1,0,3,88,0.0405,MEDIO
PN_2126,40.45522671008809,-3.70388148529892,15,1,0,3,74,0.0405,MEDIO
PN_2127,40.42184988332305,-3.678916111906889,20,2,0,0,67,0.0403,MEDIO
PN_2128,40.41501150647913,-3.7134135102873684,20,2,0,0,37,0.0403,MEDIO
PN_2129,40.47173196358634,-3.6240721915658165,20,2,0,0,0,0.0403,MEDIO
PN_2130,40.36683247764928,-3.715572448969098,20,2,0,0,12,0.0403,MEDIO
PN_2131,40.38892467155998,-3.7587330839318525,10,3,0,1,45,0.0402,MEDIO
PN_2132,40.417847369253764,-3.6602132644485024,10,3,0,1,67,0.0402,MEDIO
PN_2133,40.3888348112271,-3.755946795402066,10,3,0,1,30,0.0402,MEDIO
PN_2134,40.428006811589725,-3.6549969664991115,10,3,0,1,58,0.0402,MEDIO
PN_2135,40.38316811035063,-3.732996333814056,10,3,0,1,25,0.0402,MEDIO
PN_2136,40.38411552411344,-3.755032824703499,10,3,0,1,17,0.0402,MEDIO
PN_2137,40.446897434121354,-3.6089287592561647,10,3,0,1,45,0.0402,MEDIO
PN_2138,40.43469110971189,-3.6760375989180583,10,3,0,1,74,0.0402,MEDIO
PN_2139,40.36813537132623,-3.601247260513894,26,1,0,0,38,0.0401,ALTO
PN_2140,40.43882560701089,-3.708976296212797,26,1,0,0,32,0.0401,ALTO
PN_2141,40.45599253465105,-3.6881805078555274,16,2,0,1,94,0.04,MEDIO
PN_2142,40.45084948339015,-3.6868625112140663,16,2,0,1,47,0.04,MEDIO
PN_2143,40.38791677523775,-3.7280979362205806,16,2,0,1,75,0.04,MEDIO
PN_2144,40.39102745163264,-3.709114541262374,16,2,0,1,44,0.04,MEDIO
PN_2145,40.474604146255295,-3.6979128505131422,16,2,0,1,46,0.04,MEDIO
PN_2146,40.435064580123075,-3.739084022702255,16,2,0,1,25,0.04,MEDIO
PN_2147,40.39414379536958,-3.739269746315711,16,2,0,1,27,0.04,MEDIO
PN_2148,40.42491435564811,-3.714069235587187,16,2,0,1,75,0.04,MEDIO
PN_2149,40.37328155984671,-3.727015707778308,16,2,0,1,22,0.04,MEDIO
PN_2150,40.410188636561436,-3.709293527292967,16,2,0,1,45,0.04,MEDIO
PN_2151,40.398189920920245,-3.735218428097211,16,2,0,1,14,0.04,MEDIO
PN_2152,40.37386330647304,-3.7123212648643737,17,0,0,4,22,0.0399,MEDIO
PN_2153,40.39696468970602,-3.7091059935718267,22,1,0,1,101,0.0397,MEDIO
PN_2154,40.44179518215552,-3.694964183543298,22,1,0,1,50,0.0397,MEDIO
PN_2155,40.3952495390192,-3.7041047755172642,22,1,0,1,86,0.0397,MEDIO
PN_2156,40.474139063107515,-3.6739428436741917,22,1,0,1,44,0.0397,MEDIO
PN_2157,40.4204067591292,-3.715271592428785,22,1,0,1,54,0.0397,MEDIO
PN_2158,40.391011002593004,-3.7278103213543456,22,1,0,1,53,0.0397,MEDIO
PN_2159,40.406154734576255,-3.691941533167791,22,1,0,1,72,0.0397,MEDIO
PN_2160,40.38524458958196,-3.667997484107399,22,1,0,1,38,0.0397,MEDIO
PN_2161,40.3919620414632,-3.701004905928414,22,1,0,1,70,0.0397,MEDIO
PN_2162,40.39090128001455,-3.695672523678562,22,1,0,1,67,0.0397,MEDIO
PN_2163,40.39516741750082,-3.765239512529458,12,2,0,2,59,0.0396,MEDIO
PN_2164,40.41815253364273,-3.6568287962212147,12,2,0,2,62,0.0396,MEDIO
PN_2165,40.37919849354902,-3.7328404131687596,12,2,0,2,33,0.0396,MEDIO
PN_2166,40.435136765224236,-3.649130969837619,12,2,0,2,73,0.0396,MEDIO
PN_2167,40.46310868349689,-3.651719863829055,12,2,0,2,29,0.0396,MEDIO
PN_2168,40.39936417084854,-3.7258796863353383,12,2,0,2,12,0.0396,MEDIO
PN_2169,40.40314969650506,-3.6168224870144465,28,0,0,1,10,0.0395,ALTO
PN_2170,40.456273043303696,-3.7050328702373565,18,1,0,2,66,0.0394,MEDIO
PN_2171,40.45700751849072,-3.692240135705589,18,1,0,2,124,0.0394,MEDIO
PN_2172,40.4680376423033,-3.68827854029082,18,1,0,2,57,0.0394,MEDIO
PN_2173,40.46773952391172,-3.6790249089166096,18,1,0,2,53,0.0394,MEDIO
PN_2174,40.36223631918597,-3.7560934673776365,18,1,0,2,45,0.0394,MEDIO
PN_2175,40.415746285029414,-3.709894077754173,18,1,0,2,33,0.0394,MEDIO
PN_2176,40.380838726028955,-3.6662231360821558,8,2,0,3,41,0.0393,BAJO
PN_2177,40.38522038806747,-3.7617559656129433,24,0,0,2,42,0.0392,MEDIO
PN_2178,40.385361468809755,-3.6478984101605585,13,3,0,0,22,0.0391,MEDIO
PN_2179,40.40604228568574,-3.7230444385005645,13,3,0,0,53,0.0391,MEDIO
PN_2180,40.40111330411537,-3.713167283642846,13,3,0,0,98,0.0391,MEDIO
PN_2181,40.46038846021265,-3.6979581664438634,13,3,0,0,103,0.0391,MEDIO
PN_2182,40.41808702440813,-3.6748422573392605,13,3,0,0,59,0.0391,MEDIO
PN_2183,40.4449838051047,-3.6972654378218217,13,3,0,0,67,0.0391,MEDIO
PN_2184,40.42790968644392,-3.70967236876048,13,3,0,0,76,0.0391,MEDIO
PN_2185,40.352074035820046,-3.6782518068201906,13,3,0,0,11,0.0391,MEDIO
PN_2186,40.454930424417746,-3.706736925317548,13,3,0,0,74,0.0391,MEDIO
PN_2187,40.44114029876727,-3.671892733466326,13,3,0,0,60,0.0391,MEDIO
PN_2188,40.39133296586363,-3.703087927433328,13,3,0,0,62,0.0391,MEDIO
PN_2189,40.471934817843284,-3.664631589880036,13,3,0,0,68,0.0391,MEDIO
PN_2190,40.43264088159587,-3.6450825811341336,13,3,0,0,116,0.0391,MEDIO
PN_2191,40.446957055682375,-3.7020281220807982,13,3,0,0,61,0.0391,MEDIO
PN_2192,40.45994264313409,-3.66688953098614,13,3,0,0,76,0.0391,MEDIO
PN_2193,40.43684828760592,-3.659298584671208,13,3,0,0,92,0.0391,MEDIO
PN_2194,40.371195983782286,-3.7049526156522674,13,3,0,0,22,0.0391,MEDIO
PN_2195,40.42883495613159,-3.660321372978612,14,1,0,3,57,0.039,MEDIO
PN_2196,40.37387313531791,-3.695022904425936,14,1,0,3,46,0.039,MEDIO
PN_2197,40.38736222104027,-3.690745882126536,14,1,0,3,63,0.039,MEDIO
PN_2198,40.40521760787817,-3.6560449093073055,14,1,0,3,29,0.039,MEDIO
PN_2199,40.38501556479435,-3.704893279693167,14,1,0,3,19,0.039,MEDIO
PN_2200,40.42497719574072,-3.697862412688061,19,2,0,0,29,0.0388,MEDIO
PN_2201,40.38367046563514,-3.6851252124723564,19,2,0,0,40,0.0388,MEDIO
PN_2202,40.366984587915915,-3.6067786621365574,19,2,0,0,48,0.0388,MEDIO
PN_2203,40.47428869751253,-3.6890002744215744,19,2,0,0,42,0.0388,MEDIO
PN_2204,40.392057994089086,-3.6701580492470898,20,0,0,3,22,0.0388,MEDIO
PN_2205,40.425143435159015,-3.682083770535255,19,2,0,0,63,0.0388,MEDIO
PN_2206,40.39996944153475,-3.667021217029584,20,0,0,3,63,0.0388,MEDIO
PN_2207,40.50873462784028,-3.669798743769352,19,2,0,0,42,0.0388,MEDIO
PN_2208,40.36640700664971,-3.605883297116815,19,2,0,0,56,0.0388,MEDIO
PN_2209,40.43192151953073,-3.7132799187567476,19,2,0,0,91,0.0388,MEDIO
PN_2210,40.46572128370835,-3.6958938034278095,9,3,0,1,57,0.0387,BAJO
PN_2211,40.384081031881934,-3.691957062850882,9,3,0,1,63,0.0387,BAJO
PN_2212,40.392118782600086,-3.70175033901631,10,1,0,4,70,0.0387,MEDIO
PN_2213,40.38000314692016,-3.7048661430788155,25,1,0,0,19,0.0386,ALTO
PN_2214,40.391743810519436,-3.6418662933802812,25,1,0,0,56,0.0386,ALTO
PN_2215,40.46286899066419,-3.6667825558176474,25,1,0,0,68,0.0386,ALTO
PN_2216,40.4370545261126,-3.6900066156987545,25,1,0,0,57,0.0386,ALTO
PN_2217,40.330958249154925,-3.714829402703412,25,1,0,0,16,0.0386,ALTO
PN_2218,40.44336941825493,-3.663863610324529,25,1,0,0,90,0.0386,ALTO
PN_2219,40.395792542305,-3.6397776131981074,25,1,0,0,41,0.0386,ALTO
PN_2220,40.38622188362647,-3.6376880924541504,15,2,0,1,33,0.0385,MEDIO
PN_2221,40.452125292922496,-3.6941355075660334,15,2,0,1,88,0.0385,MEDIO
PN_2222,40.386247746807825,-3.650085784499575,15,2,0,1,20,0.0385,MEDIO
PN_2223,40.38345965415927,-3.6862711401034165,15,2,0,1,46,0.0385,MEDIO
PN_2224,40.45016662161973,-3.688934385158183,15,2,0,1,43,0.0385,MEDIO
PN_2225,40.43212226555217,-3.61183916219302,15,2,0,1,38,0.0385,MEDIO
PN_2226,40.39282023737843,-3.6583635132856687,16,0,0,4,46,0.0385,MEDIO
PN_2227,40.39390237882277,-3.6530878602240455,15,2,0,1,24,0.0385,MEDIO
PN_2228,40.37064005726821,-3.7376259297828955,15,2,0,1,49,0.0385,MEDIO
PN_2229,40.45210485857539,-3.691933911616848,15,2,0,1,91,0.0385,MEDIO
PN_2230,40.39595591613215,-3.7518181718907573,16,0,0,4,20,0.0385,MEDIO
PN_2231,40.47188480501191,-3.687936527251255,15,2,0,1,51,0.0385,MEDIO
PN_2232,40.407215885668705,-3.74387765930694,15,2,0,1,31,0.0385,MEDIO
PN_2233,40.43430956266959,-3.73326411666204,15,2,0,1,39,0.0385,MEDIO
PN_2234,40.3989358584184,-3.6283015914446834,15,2,0,1,9,0.0385,MEDIO
PN_2235,40.41835541272332,-3.649355095166135,15,2,0,1,18,0.0385,MEDIO
PN_2236,40.389844375297756,-3.702824051186182,15,2,0,1,42,0.0385,MEDIO
PN_2237,40.404027586223286,-3.7222309468661705,15,2,0,1,52,0.0385,MEDIO
PN_2238,40.44172172211321,-3.678143995713578,15,2,0,1,64,0.0385,MEDIO
PN_2239,40.38395943925029,-3.705224375000282,15,2,0,1,21,0.0385,MEDIO
PN_2240,40.38603631792422,-3.643106675134148,5,3,0,2,40,0.0384,BAJO
PN_2241,40.44898871128104,-3.6889280827367665,21,1,0,1,34,0.0383,MEDIO
PN_2242,40.384216822520294,-3.692922462238486,21,1,0,1,66,0.0383,MEDIO
PN_2243,40.436010265264436,-3.738121782839006,21,1,0,1,29,0.0383,MEDIO
PN_2244,40.47509432195962,-3.68897181698242,21,1,0,1,50,0.0383,MEDIO
PN_2245,40.40201838758625,-3.6700591738139545,21,1,0,1,85,0.0383,MEDIO
PN_2246,40.38683280643619,-3.668226674839874,21,1,0,1,32,0.0383,MEDIO
PN_2247,40.44818507649254,-3.727937709089874,21,1,0,1,24,0.0383,MEDIO
PN_2248,40.37523900270392,-3.6218366591325046,11,2,0,2,4,0.0381,MEDIO
PN_2249,40.44987493653867,-3.606135336561972,11,2,0,2,27,0.0381,MEDIO
PN_2250,40.38232744858065,-3.7431386428029083,11,2,0,2,43,0.0381,MEDIO
PN_2251,40.385259089494134,-3.635042672273648,11,2,0,2,34,0.0381,MEDIO
PN_2252,40.40424803153077,-3.754160575550893,11,2,0,2,29,0.0381,MEDIO
PN_2253,40.44659689508465,-3.681775314936319,11,2,0,2,21,0.0381,MEDIO
PN_2254,40.44398949820175,-3.6489969063500443,11,2,0,2,42,0.0381,MEDIO
PN_2255,40.426211001507,-3.6451179291229994,11,2,0,2,71,0.0381,MEDIO
PN_2256,40.37310304098279,-3.757088873154224,12,0,0,5,22,0.0381,MEDIO
PN_2257,40.447894831962294,-3.7850704168866263,11,2,0,2,0,0.0381,MEDIO
PN_2258,40.37338168906396,-3.7410549965294213,11,2,0,2,44,0.0381,MEDIO
PN_2259,40.436062614850094,-3.6851000731475803,17,1,0,2,71,0.0379,MEDIO
PN_2260,40.40474511782468,-3.715967270248766,17,1,0,2,56,0.0379,MEDIO
PN_2261,40.40405060327387,-3.6480957006993466,17,1,0,2,28,0.0379,MEDIO
PN_2262,40.429765485858624,-3.672068697301524,17,1,0,2,71,0.0379,MEDIO
PN_2263,40.495046298744896,-3.687718268840408,17,1,0,2,26,0.0379,MEDIO
PN_2264,40.38685596993505,-3.6901310293117144,17,1,0,2,65,0.0379,MEDIO
PN_2265,40.41600556627401,-3.72325785808578,17,1,0,2,93,0.0379,MEDIO
PN_2266,40.4619159932848,-3.676246625590196,17,1,0,2,73,0.0379,MEDIO
PN_2267,40.41291156152834,-3.7270067386721646,17,1,0,2,89,0.0379,MEDIO
PN_2268,40.33140049051363,-3.714227626356684,17,1,0,2,17,0.0379,MEDIO
PN_2269,40.37198629228626,-3.640267759499153,17,1,0,2,4,0.0379,MEDIO
PN_2270,40.34020517336494,-3.715317271422674,7,2,0,3,26,0.0378,BAJO
PN_2271,40.407964223598455,-3.73924441265857,6,4,0,0,37,0.0378,BAJO
PN_2272,40.388989375805075,-3.6890658805116905,7,2,0,3,61,0.0378,BAJO
PN_2273,40.451115202963194,-3.6675520178446797,6,4,0,0,55,0.0378,BAJO
PN_2274,40.466266610380174,-3.688115351547601,23,0,0,2,62,0.0377,MEDIO
PN_2275,40.47412634687124,-3.6438941011775148,13,1,0,3,23,0.0376,MEDIO
PN_2276,40.42610864395025,-3.716067260705205,12,3,0,0,72,0.0376,MEDIO
PN_2277,40.393749748259545,-3.682786118236564,12,3,0,0,41,0.0376,MEDIO
PN_2278,40.418773129385265,-3.7220884260173484,12,3,0,0,73,0.0376,MEDIO
PN_2279,40.39001639047715,-3.692856642970763,12,3,0,0,68,0.0376,MEDIO
PN_2280,40.4098369824903,-3.6880990531443487,12,3,0,0,37,0.0376,MEDIO
PN_2281,40.469184468485714,-3.643011111673408,12,3,0,0,20,0.0376,MEDIO
PN_2282,40.39089897253826,-3.642730332834313,12,3,0,0,56,0.0376,MEDIO
PN_2283,40.43767893315158,-3.71002842854803,12,3,0,0,43,0.0376,MEDIO
PN_2284,40.409321848978735,-3.739907477749899,12,3,0,0,41,0.0376,MEDIO
PN_2285,40.44192562885987,-3.6769138485597246,12,3,0,0,61,0.0376,MEDIO
PN_2286,40.43208808128323,-3.6689947256154363,12,3,0,0,68,0.0376,MEDIO
PN_2287,40.411790916032146,-3.7336888823124,12,3,0,0,55,0.0376,MEDIO
PN_2288,40.43905706144776,-3.6928715154958414,12,3,0,0,52,0.0376,MEDIO
PN_2289,40.39629096455166,-3.7683463471027685,12,3,0,0,71,0.0376,MEDIO
PN_2290,40.37084173387377,-3.731309905378446,12,3,0,0,17,0.0376,MEDIO
PN_2291,40.44125617537253,-3.685962153636263,18,2,0,0,48,0.0374,MEDIO
PN_2292,40.4302902072291,-3.684947523061042,18,2,0,0,48,0.0374,MEDIO
PN_2293,40.439292787801925,-3.6720597189332924,18,2,0,0,46,0.0374,MEDIO
PN_2294,40.422075052196185,-3.68197026120996,18,2,0,0,55,0.0374,MEDIO
PN_2295,40.40813076360442,-3.7109323611304017,18,2,0,0,41,0.0374,MEDIO
PN_2296,40.45588774742359,-3.745695124576867,18,2,0,0,15,0.0374,MEDIO
PN_2297,40.39083120879907,-3.6788069031841175,18,2,0,0,64,0.0374,MEDIO
PN_2298,40.44307054326256,-3.7040184037665793,18,2,0,0,26,0.0374,MEDIO
PN_2299,40.39602479380691,-3.7070618402701845,18,2,0,0,97,0.0374,MEDIO
PN_2300,40.48688216431003,-3.716639026857289,18,2,0,0,36,0.0374,MEDIO
PN_2301,40.4252872978706,-3.712669045179697,18,2,0,0,85,0.0374,MEDIO
PN_2302,40.43391799522173,-3.7029319244308976,18,2,0,0,42,0.0374,MEDIO
PN_2303,40.456617824050305,-3.704961124456165,18,2,0,0,62,0.0374,MEDIO
PN_2304,40.39137342125352,-3.676071804051734,19,0,0,3,52,0.0373,MEDIO
PN_2305,40.36995345078273,-3.7488693394418484,8,3,0,1,19,0.0373,BAJO
PN_2306,40.38703637369139,-3.6468943145140478,8,3,0,1,37,0.0373,BAJO
PN_2307,40.47673410839826,-3.641976628948532,8,3,0,1,26,0.0373,BAJO
PN_2308,40.375164338602005,-3.7780007502614685,8,3,0,1,22,0.0373,BAJO
PN_2309,40.466228116284235,-3.670800923037317,8,3,0,1,52,0.0373,BAJO
PN_2310,40.43560444345046,-3.625372169233666,8,3,0,1,71,0.0373,BAJO
PN_2311,40.371858551844504,-3.627839193826223,8,3,0,1,0,0.0373,BAJO
PN_2312,40.43616001692561,-3.61268055374812,8,3,0,1,34,0.0373,BAJO
PN_2313,40.37590068586181,-3.6831949015972643,24,1,0,0,6,0.0371,MEDIO
PN_2314,40.42180148060266,-3.7138978111811514,24,1,0,0,77,0.0371,MEDIO
PN_2315,40.41286937547549,-3.7281664520422653,24,1,0,0,83,0.0371,MEDIO
PN_2316,40.41181301017725,-3.6698099579161334,24,1,0,0,42,0.0371,MEDIO
PN_2317,40.45078221803623,-3.703834660832477,14,2,0,1,67,0.037,MEDIO
PN_2318,40.40703147442128,-3.7227713361629156,14,2,0,1,62,0.037,MEDIO
PN_2319,40.4201359494723,-3.7070278531720704,14,2,0,1,47,0.037,MEDIO
PN_2320,40.420303826294095,-3.719039463062466,14,2,0,1,64,0.037,MEDIO
PN_2321,40.376904215154866,-3.6307830746489387,14,2,0,1,8,0.037,MEDIO
PN_2322,40.46174062128141,-3.6397952570587497,14,2,0,1,47,0.037,MEDIO
PN_2323,40.39814558860588,-3.71100033287701,14,2,0,1,91,0.037,MEDIO
PN_2324,40.41284682879707,-3.730957658631175,14,2,0,1,67,0.037,MEDIO
PN_2325,40.40916293314425,-3.609970142044627,14,2,0,1,36,0.037,MEDIO
PN_2326,40.4489700433076,-3.6968805895778556,15,0,0,4,98,0.037,MEDIO
PN_2327,40.406842353122286,-3.6276632785897256,14,2,0,1,23,0.037,MEDIO
PN_2328,40.49119610138223,-3.6900133236086923,14,2,0,1,32,0.037,MEDIO
PN_2329,40.4121165821284,-3.7249068363554265,14,2,0,1,80,0.037,MEDIO
PN_2330,40.40510940133777,-3.6739637027170744,14,2,0,1,52,0.037,MEDIO
PN_2331,40.44103518234798,-3.7288524420497837,14,2,0,1,17,0.037,MEDIO
PN_2332,40.42793809988391,-3.6427880764175966,15,0,0,4,81,0.037,MEDIO
PN_2333,40.4888593737086,-3.6971230723382384,14,2,0,1,47,0.037,MEDIO
PN_2334,40.39603509983999,-3.6981881554976552,14,2,0,1,92,0.037,MEDIO
PN_2335,40.40589050119907,-3.7357353136667206,14,2,0,1,11,0.037,MEDIO
PN_2336,40.38904763743883,-3.6679503633981367,14,2,0,1,29,0.037,MEDIO
PN_2337,40.432808664872105,-3.694997746019061,14,2,0,1,40,0.037,MEDIO
PN_2338,40.44001570768361,-3.7081734691151014,14,2,0,1,34,0.037,MEDIO
PN_2339,40.387836955482236,-3.7149137541026414,14,2,0,1,63,0.037,MEDIO
PN_2340,40.475951192145885,-3.6741692748085777,30,0,0,0,41,0.0369,ALTO
PN_2341,40.44300754250399,-3.6600218982535333,20,1,0,1,84,0.0368,MEDIO
PN_2342,40.468959548949144,-3.6868837592040435,20,1,0,1,49,0.0368,MEDIO
PN_2343,40.43758008525681,-3.6819034744342822,20,1,0,1,91,0.0368,MEDIO
PN_2344,40.43422481741001,-3.7012317255826117,20,1,0,1,45,0.0368,MEDIO
PN_2345,40.398918059878525,-3.6980082697370364,20,1,0,1,83,0.0368,MEDIO
PN_2346,40.40406781907903,-3.6080936324039796,20,1,0,1,26,0.0368,MEDIO
PN_2347,40.37403720866813,-3.751136748351351,20,1,0,1,46,0.0368,MEDIO
PN_2348,40.42209458944651,-3.6129445769259783,20,1,0,1,47,0.0368,MEDIO
PN_2349,40.43226427923416,-3.67384281606635,20,1,0,1,71,0.0368,MEDIO
PN_2350,40.445354302576774,-3.646728179345869,20,1,0,1,34,0.0368,MEDIO
PN_2351,40.40454249121592,-3.747990980720818,10,2,0,2,42,0.0367,MEDIO
PN_2352,40.39533757934949,-3.7470713542409215,10,2,0,2,14,0.0367,MEDIO
PN_2353,40.406851153475905,-3.6440366163470386,10,2,0,2,31,0.0367,MEDIO
PN_2354,40.35418074987842,-3.6807593840976196,10,2,0,2,15,0.0367,MEDIO
PN_2355,40.389159965296,-3.666148130686578,10,2,0,2,22,0.0367,MEDIO
PN_2356,40.37192641992081,-3.747793954700645,10,2,0,2,31,0.0367,MEDIO
PN_2357,40.34195129343827,-3.710930753833293,10,2,0,2,22,0.0367,MEDIO
PN_2358,40.41587357537641,-3.677944917655064,10,2,0,2,35,0.0367,MEDIO
PN_2359,40.437951972887895,-3.6596490283293046,26,0,0,1,90,0.0366,ALTO
PN_2360,40.474092065420486,-3.687681038544243,26,0,0,1,51,0.0366,ALTO
PN_2361,40.44921248321697,-3.6663060184326706,16,1,0,2,59,0.0364,MEDIO
PN_2362,40.40906619730449,-3.6632308971384506,16,1,0,2,68,0.0364,MEDIO
PN_2363,40.424836004020904,-3.657806914284575,16,1,0,2,56,0.0364,MEDIO
PN_2364,40.35435164468085,-3.7127340586829556,16,1,0,2,0,0.0364,MEDIO
PN_2365,40.38187861421751,-3.6881627642190336,16,1,0,2,44,0.0364,MEDIO
PN_2366,40.37331464097277,-3.7313243687555793,16,1,0,2,39,0.0364,MEDIO
PN_2367,40.37702400523157,-3.7391385489105615,16,1,0,2,34,0.0364,MEDIO
PN_2368,40.41899539066555,-3.615143822696494,16,1,0,2,28,0.0364,MEDIO
PN_2369,40.42076732111366,-3.6868496745203343,16,1,0,2,48,0.0364,MEDIO
PN_2370,40.375835680830725,-3.7508022950936963,16,1,0,2,46,0.0364,MEDIO
PN_2371,40.38779716305974,-3.7030232880590916,16,1,0,2,32,0.0364,MEDIO
PN_2372,40.503782619665905,-3.7068610282474515,16,1,0,2,63,0.0364,MEDIO
PN_2373,40.45842708104166,-3.6712548041139725,16,1,0,2,90,0.0364,MEDIO
PN_2374,40.463266364168206,-3.6470050649699823,16,1,0,2,18,0.0364,MEDIO
PN_2375,40.38611954415013,-3.669865124760881,6,2,0,3,23,0.0363,BAJO
PN_2376,40.39118434528501,-3.751436422003518,6,2,0,3,14,0.0363,BAJO
PN_2377,40.42392564771634,-3.6571256251172044,6,2,0,3,60,0.0363,BAJO
PN_2378,40.37382960930943,-3.7369660063558157,22,0,0,2,57,0.0362,MEDIO
PN_2379,40.34709640287535,-3.7138323529358006,22,0,0,2,5,0.0362,MEDIO
PN_2380,40.43070411245116,-3.6573211066878737,22,0,0,2,81,0.0362,MEDIO
PN_2381,40.42812342079326,-3.719162773104534,22,0,0,2,66,0.0362,MEDIO
PN_2382,40.395226453442014,-3.6639103990965394,22,0,0,2,53,0.0362,MEDIO
PN_2383,40.406682768758344,-3.666891585510049,11,3,0,0,82,0.0361,MEDIO
PN_2384,40.4016104064091,-3.66379259977467,12,1,0,3,45,0.0361,MEDIO
PN_2385,40.443137647295394,-3.700642249758108,11,3,0,0,38,0.0361,MEDIO
PN_2386,40.44003574414891,-3.6430655050997247,11,3,0,0,57,0.0361,MEDIO
PN_2387,40.38877041050565,-3.735221219746713,11,3,0,0,59,0.0361,MEDIO
PN_2388,40.45419314496012,-3.699048086851073,11,3,0,0,105,0.0361,MEDIO
PN_2389,40.37325174885765,-3.729038002056166,12,1,0,3,18,0.0361,MEDIO
PN_2390,40.38891557655908,-3.7138724851168328,12,1,0,3,54,0.0361,MEDIO
PN_2391,40.39477659622489,-3.705979792599509,11,3,0,0,87,0.0361,MEDIO
PN_2392,40.471231041481474,-3.714801448013887,11,3,0,0,66,0.0361,MEDIO
PN_2393,40.432399525996225,-3.67815180033216,11,3,0,0,68,0.0361,MEDIO
PN_2394,40.40493438594054,-3.723131147606154,11,3,0,0,45,0.0361,MEDIO
PN_2395,40.34495071960789,-3.708215265993864,11,3,0,0,18,0.0361,MEDIO
PN_2396,40.414664736451265,-3.705002527051977,11,3,0,0,40,0.0361,MEDIO
PN_2397,40.40568506598136,-3.675103409833301,11,3,0,0,53,0.0361,MEDIO
PN_2398,40.48414442012834,-3.6689222480647143,11,3,0,0,48,0.0361,MEDIO
PN_2399,40.37316893037882,-3.6948529756837627,11,3,0,0,55,0.0361,MEDIO
PN_2400,40.48537810636962,-3.6461281541410613,11,3,0,0,23,0.0361,MEDIO
PN_2401,40.48584408708832,-3.70889666885827,12,1,0,3,37,0.0361,MEDIO
PN_2402,40.46890513120862,-3.6700085986476996,17,2,0,0,54,0.0359,MEDIO
PN_2403,40.41795206367851,-3.720369353898383,17,2,0,0,86,0.0359,MEDIO
PN_2404,40.425322446024275,-3.6859632889201954,17,2,0,0,53,0.0359,MEDIO
PN_2405,40.44088018590133,-3.666355916898774,17,2,0,0,60,0.0359,MEDIO
PN_2406,40.442825511563875,-3.694903667562067,17,2,0,0,70,0.0359,MEDIO
PN_2407,40.4468708344271,-3.710721236674027,17,2,0,0,54,0.0359,MEDIO
PN_2408,40.442699166744944,-3.712696415682828,17,2,0,0,46,0.0359,MEDIO
PN_2409,40.40739317063884,-3.631102785921431,17,2,0,0,39,0.0359,MEDIO
PN_2410,40.421190670917014,-3.681809476945809,17,2,0,0,52,0.0359,MEDIO
PN_2411,40.372035002148586,-3.7520767334024643,17,2,0,0,32,0.0359,MEDIO
PN_2412,40.43926396465752,-3.696193122300908,17,2,0,0,42,0.0359,MEDIO
PN_2413,40.39584272950453,-3.70802389527513,17,2,0,0,100,0.0359,MEDIO
PN_2414,40.42995238072315,-3.6770033284022596,17,2,0,0,53,0.0359,MEDIO
PN_2415,40.39721008215814,-3.7709274270195876,7,3,0,1,47,0.0358,BAJO
PN_2416,40.47689805864694,-3.7199041203985703,7,3,0,1,39,0.0358,BAJO
PN_2417,40.458772509321456,-3.70899969913365,7,3,0,1,56,0.0358,BAJO
PN_2418,40.418794091471796,-3.6180026300972163,7,3,0,1,24,0.0358,BAJO
PN_2419,40.42300194198174,-3.623162218172795,7,3,0,1,46,0.0358,BAJO
PN_2420,40.394830544952114,-3.7707134408180543,7,3,0,1,46,0.0358,BAJO
PN_2421,40.40374178650835,-3.7296512284750203,7,3,0,1,33,0.0358,BAJO
PN_2422,40.4709865583216,-3.6717972440060267,23,1,0,0,44,0.0357,MEDIO
PN_2423,40.3828611044636,-3.7099925758626804,23,1,0,0,25,0.0357,MEDIO
PN_2424,40.41632517958096,-3.705177466837512,23,1,0,0,42,0.0357,MEDIO
PN_2425,40.41183060210908,-3.698116793289767,23,1,0,0,30,0.0357,MEDIO
PN_2426,40.43104444673408,-3.7372493274531,23,1,0,0,29,0.0357,MEDIO
PN_2427,40.38996006266534,-3.7421054966259697,8,1,0,4,60,0.0357,BAJO
PN_2428,40.43826009822019,-3.676016444428663,23,1,0,0,81,0.0357,MEDIO
PN_2429,40.39186595576747,-3.7080738912933384,13,2,0,1,60,0.0355,MEDIO
PN_2430,40.396030900884284,-3.7020536318619772,13,2,0,1,85,0.0355,MEDIO
PN_2431,40.38210443814456,-3.787764585435065,13,2,0,1,3,0.0355,MEDIO
PN_2432,40.38366755337037,-3.7267500216221197,13,2,0,1,67,0.0355,MEDIO
PN_2433,40.420918460040596,-3.692798723428849,13,2,0,1,72,0.0355,MEDIO
PN_2434,40.45033659058955,-3.6649113351271603,13,2,0,1,67,0.0355,MEDIO
PN_2435,40.44732343206101,-3.6832123292629175,13,2,0,1,25,0.0355,MEDIO
PN_2436,40.36019566800216,-3.754037066528383,14,0,0,4,38,0.0355,MEDIO
PN_2437,40.42416280618616,-3.714256701781982,13,2,0,1,74,0.0355,MEDIO
PN_2438,40.3930791536845,-3.7219244228753428,14,0,0,4,20,0.0355,MEDIO
PN_2439,40.40811076977304,-3.657724390847011,13,2,0,1,50,0.0355,MEDIO
PN_2440,40.425087187597896,-3.70079504719528,13,2,0,1,20,0.0355,MEDIO
PN_2441,40.45022355331765,-3.682170367710877,13,2,0,1,53,0.0355,MEDIO
PN_2442,40.40099679775532,-3.660324729571014,13,2,0,1,10,0.0355,MEDIO
PN_2443,40.46484001716757,-3.6330062842242934,13,2,0,1,60,0.0355,MEDIO
PN_2444,40.463120672923395,-3.657952165532543,13,2,0,1,39,0.0355,MEDIO
PN_2445,40.39517576678523,-3.738320647889696,13,2,0,1,21,0.0355,MEDIO
PN_2446,40.42209687992785,-3.7028381571283204,19,1,0,1,44,0.0353,MEDIO
PN_2447,40.38389987516805,-3.720176689569095,19,1,0,1,84,0.0353,MEDIO
PN_2448,40.454962074496414,-3.583753602164619,19,1,0,1,0,0.0353,MEDIO
PN_2449,40.42714527987677,-3.7016634343717407,19,1,0,1,36,0.0353,MEDIO
PN_2450,40.36295283899802,-3.7402898571349907,19,1,0,1,29,0.0353,MEDIO
PN_2451,40.43222800858421,-3.7378050083746315,19,1,0,1,27,0.0353,MEDIO
PN_2452,40.381933808385654,-3.624725523484372,19,1,0,1,46,0.0353,MEDIO
PN_2453,40.448976508908565,-3.690080470655417,19,1,0,1,49,0.0353,MEDIO
PN_2454,40.44716557961804,-3.6112540765849874,19,1,0,1,48,0.0353,MEDIO
PN_2455,40.44136287104737,-3.6408379766225694,19,1,0,1,42,0.0353,MEDIO
PN_2456,40.48200392695535,-3.717022028320463,19,1,0,1,63,0.0353,MEDIO
PN_2457,40.353003453248796,-3.6792497182879473,19,1,0,1,17,0.0353,MEDIO
PN_2458,40.46821399492742,-3.6938837985765653,19,1,0,1,39,0.0353,MEDIO
PN_2459,40.431110060667514,-3.6292918028945675,9,2,0,2,68,0.0352,BAJO
PN_2460,40.388919339765515,-3.6480003774326297,9,2,0,2,39,0.0352,BAJO
PN_2461,40.43494860566481,-3.650861658113383,9,2,0,2,77,0.0352,BAJO
PN_2462,40.457883610053976,-3.6948929824468246,25,0,0,1,131,0.0351,ALTO
PN_2463,40.42917652334711,-3.631787227501034,15,1,0,2,75,0.035,MEDIO
PN_2464,40.34889000837447,-3.714995769643628,15,1,0,2,3,0.035,MEDIO
PN_2465,40.462741411884295,-3.637096391267152,15,1,0,2,56,0.035,MEDIO
PN_2466,40.4721695889115,-3.636992024593651,15,1,0,2,23,0.035,MEDIO
PN_2467,40.38504205579967,-3.7219126622518526,15,1,0,2,93,0.035,MEDIO
PN_2468,40.42265805398026,-3.6117070373843423,15,1,0,2,50,0.035,MEDIO
PN_2469,40.42732711380931,-3.706426924553593,15,1,0,2,47,0.035,MEDIO
PN_2470,40.42623753915094,-3.6849822486467243,15,1,0,2,57,0.035,MEDIO
PN_2471,40.480008624954046,-3.6891221709965,15,1,0,2,49,0.035,MEDIO
PN_2472,40.39099543980259,-3.733810528985604,5,2,0,3,45,0.0348,BAJO
PN_2473,40.430725205249765,-3.6927989634672373,10,3,0,0,31,0.0347,MEDIO
PN_2474,40.47097504388316,-3.717257109098823,10,3,0,0,68,0.0347,MEDIO
PN_2475,40.45927153098299,-3.6931829436662382,10,3,0,0,141,0.0347,MEDIO
PN_2476,40.39870998263698,-3.6377996213308856,10,3,0,0,29,0.0347,MEDIO
PN_2477,40.46871722725492,-3.6248004119462123,10,3,0,0,1,0.0347,MEDIO
PN_2478,40.416773531514295,-3.7031426960838383,10,3,0,0,56,0.0347,MEDIO
PN_2479,40.422854014945145,-3.7187720855195368,10,3,0,0,73,0.0347,MEDIO
PN_2480,40.39330607641517,-3.651739635170563,10,3,0,0,22,0.0347,MEDIO
PN_2481,40.36920853248195,-3.5903312287070905,10,3,0,0,0,0.0347,MEDIO
PN_2482,40.47480687890928,-3.6896935589358915,21,0,0,2,45,0.0347,MEDIO
PN_2483,40.38578607827431,-3.718930898333944,21,0,0,2,91,0.0347,MEDIO
PN_2484,40.44993758378073,-3.596215266601031,10,3,0,0,2,0.0347,MEDIO
PN_2485,40.406968290307,-3.6580973913624772,21,0,0,2,47,0.0347,MEDIO
PN_2486,40.434232761223946,-3.7168288083540055,10,3,0,0,68,0.0347,MEDIO
PN_2487,40.38515880443962,-3.714941438039257,11,1,0,3,73,0.0346,MEDIO
PN_2488,40.42809711879206,-3.6259070788691896,11,1,0,3,43,0.0346,MEDIO
PN_2489,40.395863412789566,-3.749066613712304,11,1,0,3,11,0.0346,MEDIO
PN_2490,40.432978988884976,-3.641927543626523,11,1,0,3,91,0.0346,MEDIO
PN_2491,40.467181601000455,-3.7049862581047224,11,1,0,3,27,0.0346,MEDIO
PN_2492,40.40609283276194,-3.660837321599761,16,2,0,0,50,0.0344,MEDIO
PN_2493,40.422036753300546,-3.6869915145886236,16,2,0,0,65,0.0344,MEDIO
PN_2494,40.39674386647832,-3.7177587635791864,16,2,0,0,76,0.0344,MEDIO
PN_2495,40.392962680927525,-3.6409270499722455,16,2,0,0,50,0.0344,MEDIO
PN_2496,40.40868883495081,-3.643990975924075,17,0,0,3,31,0.0344,MEDIO
PN_2497,40.43903452635255,-3.7141235506383863,16,2,0,0,53,0.0344,MEDIO
PN_2498,40.464675919351734,-3.662769069011712,16,2,0,0,54,0.0344,MEDIO
PN_2499,40.468552549759686,-3.62860826931826,16,2,0,0,5,0.0344,MEDIO
PN_2500,40.4389445945808,-3.634148252741542,16,2,0,0,49,0.0344,MEDIO
PN_2501,40.3454028760269,-3.7141742244516953,16,2,0,0,20,0.0344,MEDIO
PN_2502,40.427234162040236,-3.660560860309803,16,2,0,0,31,0.0344,MEDIO
PN_2503,40.44618040679555,-3.648079367807925,16,2,0,0,41,0.0344,MEDIO
PN_2504,40.4292412433988,-3.724158602169527,16,2,0,0,28,0.0344,MEDIO
PN_2505,40.48595547572044,-3.69491325502619,16,2,0,0,44,0.0344,MEDIO
PN_2506,40.490998550336954,-3.686189803817818,16,2,0,0,26,0.0344,MEDIO
PN_2507,40.41436723517611,-3.7011553351155837,16,2,0,0,46,0.0344,MEDIO
PN_2508,40.380969452791355,-3.725081637674509,16,2,0,0,31,0.0344,MEDIO
PN_2509,40.406304232125706,-3.6129526030484143,16,2,0,0,45,0.0344,MEDIO
PN_2510,40.42288906865029,-3.7021087583319647,16,2,0,0,38,0.0344,MEDIO
PN_2511,40.41118915303429,-3.7049748932616384,16,2,0,0,30,0.0344,MEDIO
PN_2512,40.439277359157224,-3.6915630226465,6,3,0,1,51,0.0343,BAJO
PN_2513,40.39167894260013,-3.647050181968367,6,3,0,1,41,0.0343,BAJO
PN_2514,40.395952527920635,-3.652878678687424,6,3,0,1,5,0.0343,BAJO
PN_2515,40.45705288809652,-3.6542894440201477,6,3,0,1,44,0.0343,BAJO
PN_2516,40.38797958295937,-3.6971262947730796,6,3,0,1,60,0.0343,BAJO
PN_2517,40.50125166371339,-3.6719413821260916,6,3,0,1,25,0.0343,BAJO
PN_2518,40.38017150227994,-3.652893200522809,6,3,0,1,10,0.0343,BAJO
PN_2519,40.444209812720224,-3.660850292206912,22,1,0,0,67,0.0342,MEDIO
PN_2520,40.399912990359915,-3.69400785262085,22,1,0,0,77,0.0342,MEDIO
PN_2521,40.40609244769294,-3.670612532136413,22,1,0,0,80,0.0342,MEDIO
PN_2522,40.479141910491066,-3.6519528235549275,22,1,0,0,13,0.0342,MEDIO
PN_2523,40.410931242262436,-3.6637813154318355,22,1,0,0,56,0.0342,MEDIO
PN_2524,40.438087925802854,-3.6370422587276012,22,1,0,0,64,0.0342,MEDIO
PN_2525,40.394746741658594,-3.67917234113621,22,1,0,0,66,0.0342,MEDIO
PN_2526,40.449653885354614,-3.711047742400261,12,2,0,1,55,0.0341,MEDIO
PN_2527,40.47613339405755,-3.713987315973519,12,2,0,1,66,0.0341,MEDIO
PN_2528,40.37188696133067,-3.765845793020373,12,2,0,1,24,0.0341,MEDIO
PN_2529,40.46111057684527,-3.708068487841686,12,2,0,1,39,0.0341,MEDIO
PN_2530,40.39719285295756,-3.765027756013209,12,2,0,1,42,0.0341,MEDIO
PN_2531,40.3969077931548,-3.77289588578479,12,2,0,1,37,0.0341,MEDIO
PN_2532,40.3741864039305,-3.623097927779538,12,2,0,1,0,0.0341,MEDIO
PN_2533,40.48423983724768,-3.6679184229693518,12,2,0,1,40,0.0341,MEDIO
PN_2534,40.43663291849066,-3.609854643668091,12,2,0,1,40,0.0341,MEDIO
PN_2535,40.390942333755824,-3.735126837929911,12,2,0,1,42,0.0341,MEDIO
PN_2536,40.42138243256783,-3.6612796464821513,12,2,0,1,50,0.0341,MEDIO
PN_2537,40.45112518566916,-3.699632923646602,12,2,0,1,96,0.0341,MEDIO
PN_2538,40.434091377270526,-3.658219852700175,12,2,0,1,102,0.0341,MEDIO
PN_2539,40.345749425719056,-3.6939665566122724,12,2,0,1,6,0.0341,MEDIO
PN_2540,40.47229115616839,-3.6752486343351785,12,2,0,1,45,0.0341,MEDIO
PN_2541,40.462339468737845,-3.783923611167857,12,2,0,1,35,0.0341,MEDIO
PN_2542,40.41401715365405,-3.7151965168975885,12,2,0,1,44,0.0341,MEDIO
PN_2543,40.44897205854761,-3.716179173786148,12,2,0,1,33,0.0341,MEDIO
PN_2544,40.38068314471347,-3.6258454414331305,13,0,0,4,49,0.034,MEDIO
PN_2545,40.40674068284286,-3.665577109586828,28,0,0,0,78,0.0339,ALTO
PN_2546,40.42412382609501,-3.702208641047139,28,0,0,0,33,0.0339,ALTO
PN_2547,40.41770880211047,-3.6548498075683264,18,1,0,1,52,0.0338,MEDIO
PN_2548,40.45212734886617,-3.6967055162801623,18,1,0,1,82,0.0338,MEDIO
PN_2549,40.39386166310339,-3.7397742277693684,18,1,0,1,31,0.0338,MEDIO
PN_2550,40.46985355120046,-3.6428913391391777,18,1,0,1,19,0.0338,MEDIO
PN_2551,40.4851953937598,-3.6929360601474053,18,1,0,1,39,0.0338,MEDIO
PN_2552,40.419419065594724,-3.69213105392408,18,1,0,1,74,0.0338,MEDIO
PN_2553,40.395929915486285,-3.7159736211534113,18,1,0,1,83,0.0338,MEDIO
PN_2554,40.43234851350121,-3.6531663638878533,18,1,0,1,78,0.0338,MEDIO
PN_2555,40.39634407121126,-3.7738920076473628,18,1,0,1,38,0.0338,MEDIO
PN_2556,40.39302381901615,-3.6627767765160124,18,1,0,1,58,0.0338,MEDIO
PN_2557,40.388247703487814,-3.714269621239826,18,1,0,1,60,0.0338,MEDIO
PN_2558,40.46732149329404,-3.6829519779234072,18,1,0,1,53,0.0338,MEDIO
PN_2559,40.36217927657515,-3.744208099676614,18,1,0,1,31,0.0338,MEDIO
PN_2560,40.43177982773689,-3.7118520555079764,18,1,0,1,86,0.0338,MEDIO
PN_2561,40.403979164623316,-3.6340744331157637,18,1,0,1,30,0.0338,MEDIO
PN_2562,40.39220730109239,-3.7258547384847285,18,1,0,1,26,0.0338,MEDIO
PN_2563,40.43394789890525,-3.7379680443734884,18,1,0,1,29,0.0338,MEDIO
PN_2564,40.48313828864019,-3.7141588728854296,18,1,0,1,69,0.0338,MEDIO
PN_2565,40.444163851249115,-3.7027490966733114,18,1,0,1,39,0.0338,MEDIO
PN_2566,40.36416662821051,-3.588727267034756,8,2,0,2,0,0.0337,BAJO
PN_2567,40.465887854335,-3.6929731754815807,8,2,0,2,71,0.0337,BAJO
PN_2568,40.35569435362144,-3.702368847351958,8,2,0,2,21,0.0337,BAJO
PN_2569,40.42288057373514,-3.6652688527641732,8,2,0,2,38,0.0337,BAJO
PN_2570,40.428922532450756,-3.6768625409571776,8,2,0,2,46,0.0337,BAJO
PN_2571,40.398807527519224,-3.7161206324310574,8,2,0,2,105,0.0337,BAJO
PN_2572,40.391886120169914,-3.7514643512818857,8,2,0,2,17,0.0337,BAJO
PN_2573,40.40423742644061,-3.726998063614179,8,2,0,2,44,0.0337,BAJO
PN_2574,40.40422377796566,-3.7488984135421,8,2,0,2,44,0.0337,BAJO
PN_2575,40.47485692593203,-3.6988503894217457,8,2,0,2,46,0.0337,BAJO
PN_2576,40.37911805733494,-3.707726210467255,8,2,0,2,11,0.0337,BAJO
PN_2577,40.37729149891295,-3.5999663412943104,8,2,0,2,0,0.0337,BAJO
PN_2578,40.388792769984626,-3.693964383852285,8,2,0,2,77,0.0337,BAJO
PN_2579,40.43580270604381,-3.6069786565025734,24,0,0,1,44,0.0336,MEDIO
PN_2580,40.421727793337595,-3.6808086008650105,24,0,0,1,62,0.0336,MEDIO
PN_2581,40.435395741315446,-3.7153254437477634,14,1,0,2,63,0.0335,MEDIO
PN_2582,40.393977475737266,-3.657180598133202,14,1,0,2,42,0.0335,MEDIO
PN_2583,40.40302438736536,-3.6519764540177833,14,1,0,2,32,0.0335,MEDIO
PN_2584,40.38621205134243,-3.7128373133504646,14,1,0,2,63,0.0335,MEDIO
PN_2585,40.38696296314923,-3.706134677166284,14,1,0,2,6,0.0335,MEDIO
PN_2586,40.49312436821192,-3.71680882776512,14,1,0,2,32,0.0335,MEDIO
PN_2587,40.39203466235208,-3.6678620510300486,14,1,0,2,26,0.0335,MEDIO
PN_2588,40.44530690257999,-3.703903884010245,14,1,0,2,34,0.0335,MEDIO
PN_2589,40.3768315734864,-3.7531547256393334,14,1,0,2,30,0.0335,MEDIO
PN_2590,40.44643532005616,-3.65535473686739,14,1,0,2,48,0.0335,MEDIO
PN_2591,40.39193728257987,-3.7152407402479874,14,1,0,2,33,0.0335,MEDIO
PN_2592,40.43386917648548,-3.6882176540167912,14,1,0,2,63,0.0335,MEDIO
PN_2593,40.409877445149526,-3.64109275416338,14,1,0,2,29,0.0335,MEDIO
PN_2594,40.43122198650558,-3.659144718565204,14,1,0,2,95,0.0335,MEDIO
PN_2595,40.482025859360995,-3.6858692016833285,14,1,0,2,56,0.0335,MEDIO
PN_2596,40.45826087100718,-3.6740514337994092,14,1,0,2,95,0.0335,MEDIO
PN_2597,40.37323950190779,-3.742760428177572,20,0,0,2,45,0.0333,MEDIO
PN_2598,40.40420120941888,-3.653017883272021,20,0,0,2,24,0.0333,MEDIO
PN_2599,40.470787232616196,-3.6442843568388903,9,3,0,0,27,0.0332,BAJO
PN_2600,40.462759307538896,-3.6297390877042677,9,3,0,0,48,0.0332,BAJO
PN_2601,40.47092285354361,-3.702118336317707,9,3,0,0,22,0.0332,BAJO
PN_2602,40.41896460429496,-3.6610870201241053,9,3,0,0,60,0.0332,BAJO
PN_2603,40.394990670994666,-3.7269311695450704,9,3,0,0,17,0.0332,BAJO
PN_2604,40.3855997641094,-3.724929448789862,9,3,0,0,94,0.0332,BAJO
PN_2605,40.47611997575612,-3.723549236324125,9,3,0,0,30,0.0332,BAJO
PN_2606,40.47613598808303,-3.6181794149924795,9,3,0,0,0,0.0332,BAJO
PN_2607,40.44021199723616,-3.6928663418335526,9,3,0,0,49,0.0332,BAJO
PN_2608,40.39716535378506,-3.6980979873057342,9,3,0,0,82,0.0332,BAJO
PN_2609,40.439711095130114,-3.7169003571685075,9,3,0,0,32,0.0332,BAJO
PN_2610,40.40496321077895,-3.690763221279736,9,3,0,0,65,0.0332,BAJO
PN_2611,40.40694174214937,-3.636789930868344,9,3,0,0,33,0.0332,BAJO
PN_2612,40.44413480021078,-3.6440892870152473,10,1,0,3,34,0.0331,MEDIO
PN_2613,40.40583162329077,-3.63272383081301,10,1,0,3,34,0.0331,MEDIO
PN_2614,40.42966867991826,-3.655208791315979,10,1,0,3,60,0.0331,MEDIO
PN_2615,40.39005005839316,-3.6950777556729704,10,1,0,3,75,0.0331,MEDIO
PN_2616,40.39003915369842,-3.723872394563488,10,1,0,3,45,0.0331,MEDIO
PN_2617,40.35406801399234,-3.6870266379702192,10,1,0,3,11,0.0331,MEDIO
PN_2618,40.44009460690511,-3.612020305099277,10,1,0,3,17,0.0331,MEDIO
PN_2619,40.50805678982346,-3.67011571147363,10,1,0,3,43,0.0331,MEDIO
PN_2620,40.38197551215994,-3.7871070717105484,10,1,0,3,9,0.0331,MEDIO
PN_2621,40.4230455572977,-3.7071907926280043,15,2,0,0,58,0.0329,MEDIO
PN_2622,40.44788474843865,-3.7307300497917355,15,2,0,0,20,0.0329,MEDIO
PN_2623,40.386729017047585,-3.701819282660317,16,0,0,3,45,0.0329,MEDIO
PN_2624,40.445990194140286,-3.7139522329175607,15,2,0,0,46,0.0329,MEDIO
PN_2625,40.405143671720914,-3.6511074190663773,15,2,0,0,26,0.0329,MEDIO
PN_2626,40.48902826887329,-3.6722127701292937,15,2,0,0,23,0.0329,MEDIO
PN_2627,40.467020951688234,-3.7494048017623984,15,2,0,0,8,0.0329,MEDIO
PN_2628,40.4480685689949,-3.6970132787550454,16,0,0,3,87,0.0329,MEDIO
PN_2629,40.465976233415255,-3.710358576048405,15,2,0,0,46,0.0329,MEDIO
PN_2630,40.36574764763737,-3.6032255425574418,15,2,0,0,51,0.0329,MEDIO
PN_2631,40.399822751178824,-3.662868456754247,15,2,0,0,36,0.0329,MEDIO
PN_2632,40.371177064027265,-3.6921451879841376,15,2,0,0,67,0.0329,MEDIO
PN_2633,40.458882307252416,-3.6720348616833465,15,2,0,0,96,0.0329,MEDIO
PN_2634,40.446730494224525,-3.7171926995106874,5,3,0,1,23,0.0328,BAJO
PN_2635,40.48770069041702,-3.719054015642257,5,3,0,1,28,0.0328,BAJO
PN_2636,40.44688532995887,-3.6917288783936306,21,1,0,0,67,0.0327,MEDIO
PN_2637,40.40495674708649,-3.6937535270977624,21,1,0,0,78,0.0327,MEDIO
PN_2638,40.43616823344659,-3.659244391506204,21,1,0,0,87,0.0327,MEDIO
PN_2639,40.4342976768772,-3.6451965361037795,21,1,0,0,78,0.0327,MEDIO
PN_2640,40.36983974027175,-3.7399903749207,11,2,0,1,48,0.0326,MEDIO
PN_2641,40.38590813348543,-3.7122974361909944,11,2,0,1,59,0.0326,MEDIO
PN_2642,40.39202182941021,-3.7429152909132855,11,2,0,1,43,0.0326,MEDIO
PN_2643,40.35021054660817,-3.7040365080622304,11,2,0,1,42,0.0326,MEDIO
PN_2644,40.49182207329641,-3.723246699778595,11,2,0,1,53,0.0326,MEDIO
PN_2645,40.50085270844074,-3.6952879070259823,11,2,0,1,31,0.0326,MEDIO
PN_2646,40.46876496749807,-3.6889183650591133,11,2,0,1,50,0.0326,MEDIO
PN_2647,40.38119230129107,-3.669101260620103,11,2,0,1,36,0.0326,MEDIO
PN_2648,40.40983341305344,-3.727871093074074,11,2,0,1,66,0.0326,MEDIO
PN_2649,40.41019328958997,-3.7272974671670496,11,2,0,1,66,0.0326,MEDIO
PN_2650,40.44934646377233,-3.6882397478872404,11,2,0,1,40,0.0326,MEDIO
PN_2651,40.38810588632901,-3.7189891761932183,11,2,0,1,78,0.0326,MEDIO
PN_2652,40.38823437456279,-3.7420799935123608,11,2,0,1,72,0.0326,MEDIO
PN_2653,40.38991027504876,-3.699068474877147,11,2,0,1,53,0.0326,MEDIO
PN_2654,40.40207152506164,-3.6741352689283073,11,2,0,1,37,0.0326,MEDIO
PN_2655,40.421750988273374,-3.6099067792453057,11,2,0,1,59,0.0326,MEDIO
PN_2656,40.39402468546074,-3.6710535592648186,11,2,0,1,46,0.0326,MEDIO
PN_2657,40.37382080270283,-3.7709774674595056,11,2,0,1,34,0.0326,MEDIO
PN_2658,40.43916483197118,-3.6489837374368865,11,2,0,1,23,0.0326,MEDIO
PN_2659,40.43019543383947,-3.597607071994048,27,0,0,0,31,0.0325,ALTO
PN_2660,40.42889964750713,-3.6478230860777137,17,1,0,1,95,0.0324,MEDIO
PN_2661,40.3682763973804,-3.7560119227396846,17,1,0,1,14,0.0324,MEDIO
PN_2662,40.447842935410435,-3.6260953328683865,17,1,0,1,31,0.0324,MEDIO
PN_2663,40.49429561144609,-3.649103431833445,17,1,0,1,17,0.0324,MEDIO
PN_2664,40.472602174172515,-3.6999333889304147,17,1,0,1,48,0.0324,MEDIO
PN_2665,40.368878676047366,-3.629844049108863,17,1,0,1,0,0.0324,MEDIO
PN_2666,40.451761406751935,-3.683880386945641,17,1,0,1,46,0.0324,MEDIO
PN_2667,40.440724382155224,-3.6801867904969803,17,1,0,1,72,0.0324,MEDIO
PN_2668,40.45896075361633,-3.664048697403659,17,1,0,1,72,0.0324,MEDIO
PN_2669,40.43807513054949,-3.65701703822582,17,1,0,1,73,0.0324,MEDIO
PN_2670,40.389014451307645,-3.664894255997018,17,1,0,1,22,0.0324,MEDIO
PN_2671,40.37633909241588,-3.659911460220402,17,1,0,1,18,0.0324,MEDIO
PN_2672,40.42619757785336,-3.7190711189282153,17,1,0,1,54,0.0324,MEDIO
PN_2673,40.451677981497234,-3.682752956520049,17,1,0,1,53,0.0324,MEDIO
PN_2674,40.39503400968916,-3.7099291492494455,17,1,0,1,89,0.0324,MEDIO
PN_2675,40.439928327681166,-3.6448785326191135,17,1,0,1,31,0.0324,MEDIO
PN_2676,40.387122038475255,-3.695168037549428,17,1,0,1,79,0.0324,MEDIO
PN_2677,40.38661407150105,-3.6459582187372686,17,1,0,1,34,0.0324,MEDIO
PN_2678,40.4333010059916,-3.6471288050828456,17,1,0,1,99,0.0324,MEDIO
PN_2679,40.39505770116882,-3.6611504996335915,17,1,0,1,52,0.0324,MEDIO
PN_2680,40.389679586939614,-3.7058609208767486,7,2,0,2,43,0.0322,BAJO
PN_2681,40.3399831955014,-3.7179084779150466,7,2,0,2,24,0.0322,BAJO
PN_2682,40.4271275210755,-3.636028187048752,7,2,0,2,49,0.0322,BAJO
PN_2683,40.39140132509296,-3.7272978530695537,7,2,0,2,45,0.0322,BAJO
PN_2684,40.44821332630001,-3.698324368618807,7,2,0,2,100,0.0322,BAJO
PN_2685,40.377316660625844,-3.772102456100636,7,2,0,2,29,0.0322,BAJO
PN_2686,40.380322150476196,-3.695873244248902,23,0,0,1,43,0.0321,MEDIO
PN_2687,40.42993403873408,-3.662920783853857,23,0,0,1,62,0.0321,MEDIO
PN_2688,40.36283350643584,-3.753733257460106,13,1,0,2,42,0.032,MEDIO
PN_2689,40.44505055533201,-3.6618622813857695,13,1,0,2,71,0.032,MEDIO
PN_2690,40.41275531506165,-3.734057552666049,13,1,0,2,56,0.032,MEDIO
PN_2691,40.458291462974586,-3.6256977080935076,13,1,0,2,33,0.032,MEDIO
PN_2692,40.38294919921005,-3.6682194100234584,13,1,0,2,39,0.032,MEDIO
PN_2693,40.393228559475766,-3.6980183564093583,13,1,0,2,80,0.032,MEDIO
PN_2694,40.50017171267676,-3.6701373732906486,13,1,0,2,28,0.032,MEDIO
PN_2695,40.45004393314922,-3.7093645054782405,13,1,0,2,61,0.032,MEDIO
PN_2696,40.40381715570109,-3.7241347341875803,13,1,0,2,47,0.032,MEDIO
PN_2697,40.43109934498702,-3.7221310800339698,13,1,0,2,46,0.032,MEDIO
PN_2698,40.42309103578512,-3.6596212621556217,13,1,0,2,64,0.032,MEDIO
PN_2699,40.39590292853308,-3.7121016603587935,13,1,0,2,97,0.032,MEDIO
PN_2700,40.38434630731362,-3.739925176372746,13,1,0,2,59,0.032,MEDIO
PN_2701,40.41010458056461,-3.7399279879790317,13,1,0,2,41,0.032,MEDIO
PN_2702,40.39093924025384,-3.7431097080178435,13,1,0,2,47,0.032,MEDIO
PN_2703,40.38607247773751,-3.6970001354075626,13,1,0,2,55,0.032,MEDIO
PN_2704,40.426197169772955,-3.6258227735415614,13,1,0,2,48,0.032,MEDIO
PN_2705,40.423998729111105,-3.6397923297992225,13,1,0,2,13,0.032,MEDIO
PN_2706,40.37084416420396,-3.7006958410265254,13,1,0,2,42,0.032,MEDIO
PN_2707,40.3750372285694,-3.746213351820161,19,0,0,2,46,0.0318,MEDIO
PN_2708,40.39406378926495,-3.6086696648706758,8,3,0,0,0,0.0317,BAJO
PN_2709,40.39327725596998,-3.770911188154064,8,3,0,0,48,0.0317,BAJO
PN_2710,40.477192230952966,-3.6369485194346,9,1,0,3,21,0.0317,BAJO
PN_2711,40.43668202054733,-3.7250733390846067,8,3,0,0,19,0.0317,BAJO
PN_2712,40.43823002218666,-3.6090235805806237,8,3,0,0,27,0.0317,BAJO
PN_2713,40.39906542677946,-3.6850165622775624,9,1,0,3,27,0.0317,BAJO
PN_2714,40.389016975584816,-3.7388833750171933,9,1,0,3,75,0.0317,BAJO
PN_2715,40.441117263276226,-3.6232094483804183,8,3,0,0,58,0.0317,BAJO
PN_2716,40.40034128094102,-3.704024313405449,8,3,0,0,62,0.0317,BAJO
PN_2717,40.45514277897423,-3.6792484509289807,8,3,0,0,89,0.0317,BAJO
PN_2718,40.37782525129205,-3.7662158768575975,8,3,0,0,17,0.0317,BAJO
PN_2719,40.37221925650391,-3.7592291720922937,8,3,0,0,12,0.0317,BAJO
PN_2720,40.37498172844153,-3.627768054153035,8,3,0,0,6,0.0317,BAJO
PN_2721,40.39791119024668,-3.744110583002106,8,3,0,0,24,0.0317,BAJO
PN_2722,40.39709281447181,-3.6599958253563805,9,1,0,3,31,0.0317,BAJO
PN_2723,40.45899867986907,-3.5820191505897196,8,3,0,0,0,0.0317,BAJO
PN_2724,40.39096251688047,-3.7558106405708633,8,3,0,0,26,0.0317,BAJO
PN_2725,40.43108665074882,-3.6751257129861474,14,2,0,0,67,0.0315,MEDIO
PN_2726,40.345859050182135,-3.7138605956305635,14,2,0,0,17,0.0315,MEDIO
PN_2727,40.44404951936737,-3.7040069996713036,14,2,0,0,35,0.0315,MEDIO
PN_2728,40.49791695044686,-3.7180787238995103,14,2,0,0,28,0.0315,MEDIO
PN_2729,40.408920682014376,-3.653028393008689,14,2,0,0,46,0.0315,MEDIO
PN_2730,40.41977518477771,-3.691023405347841,14,2,0,0,75,0.0315,MEDIO
PN_2731,40.353664644616295,-3.6859236778794604,14,2,0,0,8,0.0315,MEDIO
PN_2732,40.43294088956892,-3.6617165206226767,14,2,0,0,89,0.0315,MEDIO
PN_2733,40.34890858036274,-3.677825497582874,14,2,0,0,13,0.0315,MEDIO
PN_2734,40.35282437357879,-3.6950599309840335,14,2,0,0,40,0.0315,MEDIO
PN_2735,40.43324340443214,-3.621229736905344,14,2,0,0,51,0.0315,MEDIO
PN_2736,40.435207155594064,-3.69668148841259,14,2,0,0,44,0.0315,MEDIO
PN_2737,40.47774704132163,-3.6743128549195494,14,2,0,0,44,0.0315,MEDIO
PN_2738,40.46694542867134,-3.6668577502718374,14,2,0,0,55,0.0315,MEDIO
PN_2739,40.43603159565959,-3.6818762922470034,14,2,0,0,88,0.0315,MEDIO
PN_2740,40.409077252934445,-3.7213158116153946,14,2,0,0,44,0.0315,MEDIO
PN_2741,40.459109973003144,-3.667118090596593,14,2,0,0,76,0.0315,MEDIO
PN_2742,40.484265427864045,-3.690805340128444,14,2,0,0,23,0.0315,MEDIO
PN_2743,40.38095931885427,-3.6669599895821676,14,2,0,0,42,0.0315,MEDIO
PN_2744,40.41786460263025,-3.6996935154596566,14,2,0,0,64,0.0315,MEDIO
PN_2745,40.430154301482126,-3.7369621919382334,14,2,0,0,25,0.0315,MEDIO
PN_2746,40.39164636096813,-3.703290130532449,14,2,0,0,61,0.0315,MEDIO
PN_2747,40.440639437361575,-3.7281364893316526,14,2,0,0,17,0.0315,MEDIO
PN_2748,40.45284015722039,-3.699908758395821,14,2,0,0,95,0.0315,MEDIO
PN_2749,40.42708214875632,-3.7149417941956484,14,2,0,0,79,0.0315,MEDIO
PN_2750,40.36697197403937,-3.6258664125220217,14,2,0,0,0,0.0315,MEDIO
PN_2751,40.37285169791206,-3.7108356600628123,15,0,0,3,23,0.0314,MEDIO
PN_2752,40.37579698753597,-3.78114331496015,15,0,0,3,17,0.0314,MEDIO
PN_2753,40.4397147448579,-3.7109931235853764,15,0,0,3,43,0.0314,MEDIO
PN_2754,40.420936183642084,-3.699127533914132,20,1,0,0,65,0.0312,MEDIO
PN_2755,40.41825248552338,-3.6787773999357753,20,1,0,0,45,0.0312,MEDIO
PN_2756,40.45497460039338,-3.7430818500876475,20,1,0,0,15,0.0312,MEDIO
PN_2757,40.41205555510129,-3.699865951613538,20,1,0,0,22,0.0312,MEDIO
PN_2758,40.42517091132655,-3.6851272320923045,20,1,0,0,63,0.0312,MEDIO
PN_2759,40.4248673024372,-3.6593305741989197,20,1,0,0,53,0.0312,MEDIO
PN_2760,40.37498117671392,-3.6156373076530626,10,2,0,1,0,0.0311,MEDIO
PN_2761,40.38401746987196,-3.665909716837326,11,0,0,4,36,0.0311,MEDIO
PN_2762,40.41299714283549,-3.723983990529083,10,2,0,1,83,0.0311,MEDIO
PN_2763,40.44697121234431,-3.661098389052337,10,2,0,1,58,0.0311,MEDIO
PN_2764,40.46092213220874,-3.7240182094934853,10,2,0,1,14,0.0311,MEDIO
PN_2765,40.418319467189804,-3.6770335613160627,10,2,0,1,53,0.0311,MEDIO
PN_2766,40.38401177034412,-3.6551501540142812,11,0,0,4,16,0.0311,MEDIO
PN_2767,40.44994822948333,-3.702122747020975,10,2,0,1,80,0.0311,MEDIO
PN_2768,40.3960218306775,-3.705990441598876,10,2,0,1,89,0.0311,MEDIO
PN_2769,40.40559521999309,-3.7060798531879664,10,2,0,1,44,0.0311,MEDIO
PN_2770,40.44593470009658,-3.7276202009063555,10,2,0,1,24,0.0311,MEDIO
PN_2771,40.50369822028476,-3.6981260968313023,10,2,0,1,76,0.0311,MEDIO
PN_2772,40.43502599917297,-3.6201579097640226,10,2,0,1,59,0.0311,MEDIO
PN_2773,40.45812362491846,-3.6944107146179754,10,2,0,1,136,0.0311,MEDIO
PN_2774,40.445276605225956,-3.732112903323614,10,2,0,1,12,0.0311,MEDIO
PN_2775,40.44942058782865,-3.615783041856038,10,2,0,1,29,0.0311,MEDIO
PN_2776,40.43197510739174,-3.723048610630137,10,2,0,1,34,0.0311,MEDIO
PN_2777,40.438071085200896,-3.6251698216846484,10,2,0,1,74,0.0311,MEDIO
PN_2778,40.463971633856886,-3.6652600800693036,10,2,0,1,69,0.0311,MEDIO
PN_2779,40.39009636258479,-3.752865695500218,10,2,0,1,16,0.0311,MEDIO
PN_2780,40.46991658659194,-3.6910676130728546,10,2,0,1,33,0.0311,MEDIO
PN_2781,40.44337186222504,-3.727012418338609,10,2,0,1,15,0.0311,MEDIO
PN_2782,40.457161621620436,-3.586054851567257,10,2,0,1,0,0.0311,MEDIO
PN_2783,40.41813554408314,-3.708087309260885,26,0,0,0,37,0.031,ALTO
PN_2784,40.46411406944998,-3.691681060199498,16,1,0,1,85,0.0309,MEDIO
PN_2785,40.461001973765065,-3.6899949326882124,16,1,0,1,103,0.0309,MEDIO
PN_2786,40.37505259148042,-3.6152107955576365,16,1,0,1,0,0.0309,MEDIO
PN_2787,40.3859171432304,-3.744748054262327,16,1,0,1,69,0.0309,MEDIO
PN_2788,40.452652674099895,-3.698096973864795,16,1,0,1,98,0.0309,MEDIO
PN_2789,40.33364255811401,-3.712803076895179,16,1,0,1,26,0.0309,MEDIO
PN_2790,40.43000275298089,-3.6327777438791826,16,1,0,1,77,0.0309,MEDIO
PN_2791,40.452804101950086,-3.663102029595946,16,1,0,1,68,0.0309,MEDIO
PN_2792,40.44300478375014,-3.674932147280899,16,1,0,1,50,0.0309,MEDIO
PN_2793,40.39133838234967,-3.6277608515893163,16,1,0,1,3,0.0309,MEDIO
PN_2794,40.45837742113309,-3.6730168116851227,16,1,0,1,93,0.0309,MEDIO
PN_2795,40.372275096241175,-3.6487754840708235,16,1,0,1,8,0.0309,MEDIO
PN_2796,40.4599620268428,-3.664132185886822,16,1,0,1,77,0.0309,MEDIO
PN_2797,40.38284745756146,-3.747777313001201,16,1,0,1,28,0.0309,MEDIO
PN_2798,40.424885814164064,-3.627990851282619,16,1,0,1,59,0.0309,MEDIO
PN_2799,40.480900812559085,-3.6852139067986274,16,1,0,1,52,0.0309,MEDIO
PN_2800,40.41596423102444,-3.6696937205117717,16,1,0,1,53,0.0309,MEDIO
PN_2801,40.445022461067936,-3.7088557578221777,6,2,0,2,44,0.0308,BAJO
PN_2802,40.40372908732232,-3.644812539481395,6,2,0,2,19,0.0308,BAJO
PN_2803,40.459935847411586,-3.719224559633172,6,2,0,2,20,0.0308,BAJO
PN_2804,40.47239661819684,-3.7100164921915124,6,2,0,2,56,0.0308,BAJO
PN_2805,40.42809723333646,-3.690798133545124,6,2,0,2,43,0.0308,BAJO
PN_2806,40.37342846931974,-3.731844383625368,6,2,0,2,41,0.0308,BAJO
PN_2807,40.441222026837615,-3.70696121826156,22,0,0,1,37,0.0306,MEDIO
PN_2808,40.39132709034829,-3.627172154638942,22,0,0,1,6,0.0306,MEDIO
PN_2809,40.4642637322844,-3.6798047620980348,12,1,0,2,60,0.0305,MEDIO
PN_2810,40.43392591083799,-3.710275838751768,12,1,0,2,51,0.0305,MEDIO
PN_2811,40.42414228432366,-3.6218975013991463,12,1,0,2,28,0.0305,MEDIO
PN_2812,40.46782296257961,-3.6770017717234666,12,1,0,2,51,0.0305,MEDIO
PN_2813,40.39597472511471,-3.7750091552179335,12,1,0,2,35,0.0305,MEDIO
PN_2814,40.44585962262166,-3.7072500265080763,12,1,0,2,44,0.0305,MEDIO
PN_2815,40.34406900537542,-3.7139842779462295,12,1,0,2,21,0.0305,MEDIO
PN_2816,40.4020573556547,-3.721886211631286,12,1,0,2,53,0.0305,MEDIO
PN_2817,40.38199595720827,-3.704181316522165,12,1,0,2,22,0.0305,MEDIO
PN_2818,40.42784277353079,-3.6477345835419683,12,1,0,2,78,0.0305,MEDIO
PN_2819,40.391259997220324,-3.626051655417464,12,1,0,2,7,0.0305,MEDIO
PN_2820,40.462988306800604,-3.62498617844318,12,1,0,2,21,0.0305,MEDIO
PN_2821,40.423921169813454,-3.7090890221233406,12,1,0,2,80,0.0305,MEDIO
PN_2822,40.41859722379477,-3.656785972129377,12,1,0,2,64,0.0305,MEDIO
PN_2823,40.382211853387275,-3.6637445019860877,12,1,0,2,36,0.0305,MEDIO
PN_2824,40.48588510801231,-3.7167306798667905,12,1,0,2,38,0.0305,MEDIO
PN_2825,40.38819423172357,-3.6508744530120065,12,1,0,2,28,0.0305,MEDIO
PN_2826,40.3690909772402,-3.6788504790929086,12,1,0,2,4,0.0305,MEDIO
PN_2827,40.38680402832583,-3.716973985825086,18,0,0,2,80,0.0303,MEDIO
PN_2828,40.390661101069014,-3.7676988032662373,18,0,0,2,43,0.0303,MEDIO
PN_2829,40.41702553539181,-3.722903999077146,18,0,0,2,85,0.0303,MEDIO
PN_2830,40.43239336623757,-3.6523140093708304,18,0,0,2,79,0.0303,MEDIO
PN_2831,40.386904026928114,-3.6531205333813426,18,0,0,2,14,0.0303,MEDIO
PN_2832,40.39718434077535,-3.6450183140911743,7,3,0,0,35,0.0302,BAJO
PN_2833,40.48034243412349,-3.667967015287705,7,3,0,0,34,0.0302,BAJO
PN_2834,40.45766224403677,-3.7118641030459893,7,3,0,0,68,0.0302,BAJO
PN_2835,40.50393640664742,-3.708871441609521,7,3,0,0,51,0.0302,BAJO
PN_2836,40.41290416935403,-3.581899427900023,7,3,0,0,0,0.0302,BAJO
PN_2837,40.4138335475961,-3.7312267964264807,7,3,0,0,64,0.0302,BAJO
PN_2838,40.4988874432421,-3.6691725768472527,7,3,0,0,40,0.0302,BAJO
PN_2839,40.49287929207167,-3.663003711164483,7,3,0,0,39,0.0302,BAJO
PN_2840,40.45018040032975,-3.5966721099287975,7,3,0,0,2,0.0302,BAJO
PN_2841,40.49712568527756,-3.6599738718180213,7,3,0,0,31,0.0302,BAJO
PN_2842,40.38491690212278,-3.6559045006331483,8,1,0,3,12,0.0302,BAJO
PN_2843,40.42786262039908,-3.6459988560075813,8,1,0,3,83,0.0302,BAJO
PN_2844,40.476090807624004,-3.6468752498801855,8,1,0,3,17,0.0302,BAJO
PN_2845,40.38183132931266,-3.658076547857037,7,3,0,0,16,0.0302,BAJO
PN_2846,40.45610548752726,-3.6599413013859237,7,3,0,0,64,0.0302,BAJO
PN_2847,40.44985395598527,-3.594960954610981,8,1,0,3,4,0.0302,BAJO
PN_2848,40.467928152531385,-3.64828974157311,7,3,0,0,31,0.0302,BAJO
PN_2849,40.47959480966707,-3.6962949117331054,7,3,0,0,13,0.0302,BAJO
PN_2850,40.374923237348995,-3.642402934758832,7,3,0,0,10,0.0302,BAJO
PN_2851,40.33770105923577,-3.7178523324000636,13,2,0,0,11,0.03,MEDIO
PN_2852,40.37327808697037,-3.773632590408795,13,2,0,0,25,0.03,MEDIO
PN_2853,40.49600111804079,-3.7197183213718352,13,2,0,0,41,0.03,MEDIO
PN_2854,40.41198099837387,-3.7287263492454814,13,2,0,0,74,0.03,MEDIO
PN_2855,40.397608761363045,-3.7667728848873767,13,2,0,0,42,0.03,MEDIO
PN_2856,40.46993974376697,-3.692015546312622,13,2,0,0,25,0.03,MEDIO
PN_2857,40.469780114140455,-3.6867110472431914,13,2,0,0,51,0.03,MEDIO
PN_2858,40.40578312254316,-3.657087096582195,13,2,0,0,32,0.03,MEDIO
PN_2859,40.46073758091999,-3.6649530876211753,13,2,0,0,79,0.03,MEDIO
PN_2860,40.45393276096019,-3.7126776289449053,13,2,0,0,73,0.03,MEDIO
PN_2861,40.40584244418427,-3.6579887778093347,13,2,0,0,35,0.03,MEDIO
PN_2862,40.368965129800245,-3.7533249833568623,13,2,0,0,11,0.03,MEDIO
PN_2863,40.430054755614044,-3.682118878473979,13,2,0,0,48,0.03,MEDIO
PN_2864,40.39596237027945,-3.585125798670523,13,2,0,0,0,0.03,MEDIO
PN_2865,40.407918775205985,-3.7150477225926313,13,2,0,0,54,0.03,MEDIO
PN_2866,40.36636527690018,-3.7110233088975892,13,2,0,0,12,0.03,MEDIO
PN_2867,40.435840447466106,-3.6963302357826953,13,2,0,0,42,0.03,MEDIO
PN_2868,40.46270503851196,-3.637894781924568,13,2,0,0,55,0.03,MEDIO
PN_2869,40.38303711206204,-3.6877395994869926,14,0,0,3,56,0.03,MEDIO
PN_2870,40.36020054031145,-3.6827007366269604,14,0,0,3,24,0.03,MEDIO
PN_2871,40.40404642979095,-3.747027664112576,13,2,0,0,34,0.03,MEDIO
PN_2872,40.348747747181,-3.7040847830098462,13,2,0,0,42,0.03,MEDIO
PN_2873,40.45713519760875,-3.6448718644946134,14,0,0,3,19,0.03,MEDIO
PN_2874,40.34689917217985,-3.7110461954359417,13,2,0,0,12,0.03,MEDIO
PN_2875,40.423231517705865,-3.6391043941703596,14,0,0,3,11,0.03,MEDIO
PN_2876,40.43898763104328,-3.729987448955458,13,2,0,0,27,0.03,MEDIO
PN_2877,40.399064273045205,-3.6611524103614492,14,0,0,3,19,0.03,MEDIO
PN_2878,40.38383933957114,-3.6691317364043883,14,0,0,3,39,0.03,MEDIO
PN_2879,40.373929524495615,-3.6921659203863966,13,2,0,0,33,0.03,MEDIO
PN_2880,40.43988632651346,-3.656999991187426,13,2,0,0,61,0.03,MEDIO
PN_2881,40.41235611957104,-3.7039739687986346,13,2,0,0,28,0.03,MEDIO
PN_2882,40.450963882517755,-3.69815365658035,13,2,0,0,95,0.03,MEDIO
PN_2883,40.446109300475236,-3.592265634846819,13,2,0,0,8,0.03,MEDIO
PN_2884,40.43010126365163,-3.70281590492968,13,2,0,0,52,0.03,MEDIO
PN_2885,40.38607219209969,-3.6661427870715246,14,0,0,3,29,0.03,MEDIO
PN_2886,40.39000029430546,-3.6630876629271376,13,2,0,0,42,0.03,MEDIO
PN_2887,40.36373704452607,-3.743801133549105,13,2,0,0,40,0.03,MEDIO
PN_2888,40.46403217736491,-3.7093111251032926,19,1,0,0,40,0.0298,MEDIO
PN_2889,40.42924154753823,-3.686098734794048,19,1,0,0,42,0.0298,MEDIO
PN_2890,40.39003976968989,-3.74385069137992,19,1,0,0,49,0.0298,MEDIO
PN_2891,40.423127993907976,-3.6728227985503885,19,1,0,0,44,0.0298,MEDIO
PN_2892,40.42885840168637,-3.7359824518841647,19,1,0,0,16,0.0298,MEDIO
PN_2893,40.41395389118833,-3.6932175479781333,19,1,0,0,51,0.0298,MEDIO
PN_2894,40.43498245437557,-3.6949457083174586,19,1,0,0,52,0.0298,MEDIO
PN_2895,40.39384896227341,-3.7020221924075893,19,1,0,0,73,0.0298,MEDIO
PN_2896,40.374940514724415,-3.7389746200908256,19,1,0,0,51,0.0298,MEDIO
PN_2897,40.39571855028348,-3.705066813662304,19,1,0,0,87,0.0298,MEDIO
PN_2898,40.45099974475667,-3.648984105524102,19,1,0,0,45,0.0298,MEDIO
PN_2899,40.402789810507144,-3.677289411952509,19,1,0,0,40,0.0298,MEDIO
PN_2900,40.41209368351608,-3.70296793234155,19,1,0,0,32,0.0298,MEDIO
PN_2901,40.40897153215709,-3.608014149064647,9,2,0,1,25,0.0296,BAJO
PN_2902,40.42725487623117,-3.6271574598222003,10,0,0,4,52,0.0296,MEDIO
PN_2903,40.45692926742031,-3.6907631192914803,9,2,0,1,112,0.0296,BAJO
PN_2904,40.42522993659473,-3.692006975842587,10,0,0,4,58,0.0296,MEDIO
PN_2905,40.40420449068689,-3.7189983132963493,9,2,0,1,74,0.0296,BAJO
PN_2906,40.39487042913431,-3.649947967753794,9,2,0,1,17,0.0296,BAJO
PN_2907,40.44801284489525,-3.609328893948996,9,2,0,1,47,0.0296,BAJO
PN_2908,40.411058122307566,-3.7267242654648354,9,2,0,1,81,0.0296,BAJO
PN_2909,40.40331929739411,-3.729910604597414,9,2,0,1,31,0.0296,BAJO
PN_2910,40.447647229651146,-3.6107039909341205,9,2,0,1,47,0.0296,BAJO
PN_2911,40.47500639845343,-3.7189731029036732,9,2,0,1,50,0.0296,BAJO
PN_2912,40.43920797831322,-3.718933524963925,9,2,0,1,33,0.0296,BAJO
PN_2913,40.36123018444209,-3.664061783218904,10,0,0,4,0,0.0296,MEDIO
PN_2914,40.444786068795366,-3.6782665074664944,9,2,0,1,45,0.0296,BAJO
PN_2915,40.446164605764814,-3.7130054702341337,9,2,0,1,50,0.0296,BAJO
PN_2916,40.445877101164506,-3.7201457866899434,9,2,0,1,23,0.0296,BAJO
PN_2917,40.44525380428785,-3.787924294802055,9,2,0,1,0,0.0296,BAJO
PN_2918,40.4626244749264,-3.7021380801843673,9,2,0,1,50,0.0296,BAJO
PN_2919,40.349171400516234,-3.7132599401058095,9,2,0,1,3,0.0296,BAJO
PN_2920,40.40322556701147,-3.655319615109763,9,2,0,1,32,0.0296,BAJO
PN_2921,40.4121937982566,-3.6766597002692274,9,2,0,1,20,0.0296,BAJO
PN_2922,40.39303300709838,-3.6791347115411366,9,2,0,1,63,0.0296,BAJO
PN_2923,40.43414370381228,-3.612971248395999,9,2,0,1,31,0.0296,BAJO
PN_2924,40.39272064266965,-3.700949337191292,9,2,0,1,78,0.0296,BAJO
PN_2925,40.42195898554232,-3.6971505579654838,9,2,0,1,72,0.0296,BAJO
PN_2926,40.39015983516694,-3.638781457566426,9,2,0,1,41,0.0296,BAJO
PN_2927,40.39781237264965,-3.670809785071654,9,2,0,1,50,0.0296,BAJO
PN_2928,40.39029252301054,-3.7233263128519263,9,2,0,1,39,0.0296,BAJO
PN_2929,40.38475909973748,-3.7481598302082517,9,2,0,1,26,0.0296,BAJO
PN_2930,40.46717082284882,-3.6633615939305986,9,2,0,1,42,0.0296,BAJO
PN_2931,40.48100704867927,-3.581095073149241,9,2,0,1,2,0.0296,BAJO
PN_2932,40.431166984131686,-3.6768066115814872,9,2,0,1,61,0.0296,BAJO
PN_2933,40.41525614891029,-3.690161269052776,9,2,0,1,50,0.0296,BAJO
PN_2934,40.48710450135829,-3.6968959927868403,9,2,0,1,54,0.0296,BAJO
PN_2935,40.39482115407056,-3.7432044515048872,9,2,0,1,34,0.0296,BAJO
PN_2936,40.435066776975255,-3.6640533813747354,9,2,0,1,72,0.0296,BAJO
PN_2937,40.416131628065536,-3.7002165417736332,9,2,0,1,57,0.0296,BAJO
PN_2938,40.40014027971416,-3.6471757026990823,9,2,0,1,14,0.0296,BAJO
PN_2939,40.43761549361862,-3.6407528112913403,10,0,0,4,69,0.0296,MEDIO
PN_2940,40.412550329458675,-3.609939336802065,25,0,0,0,13,0.0295,ALTO
PN_2941,40.477970071400726,-3.6860139556983373,25,0,0,0,63,0.0295,ALTO
PN_2942,40.48363089631158,-3.6797998915280123,25,0,0,0,35,0.0295,ALTO
PN_2943,40.50977651663819,-3.6787724094815597,15,1,0,1,9,0.0294,MEDIO
PN_2944,40.38894249873366,-3.701994640635644,15,1,0,1,39,0.0294,MEDIO
PN_2945,40.43381519994678,-3.6429674387789097,15,1,0,1,89,0.0294,MEDIO
PN_2946,40.340065717779325,-3.7072011005043595,15,1,0,1,17,0.0294,MEDIO
PN_2947,40.480238299359506,-3.685242170773958,15,1,0,1,49,0.0294,MEDIO
PN_2948,40.406014055234664,-3.6518346968473048,15,1,0,1,33,0.0294,MEDIO
PN_2949,40.484973845199825,-3.6970192111071913,15,1,0,1,45,0.0294,MEDIO
PN_2950,40.44091434682507,-3.6667117929789503,15,1,0,1,58,0.0294,MEDIO
PN_2951,40.356943177975594,-3.700138768856438,15,1,0,1,28,0.0294,MEDIO
PN_2952,40.45675025159464,-3.7079427074951763,15,1,0,1,67,0.0294,MEDIO
PN_2953,40.469739755495375,-3.714810801694685,15,1,0,1,60,0.0294,MEDIO
PN_2954,40.36810327458519,-3.6016046189587594,15,1,0,1,41,0.0294,MEDIO
PN_2955,40.416034366808276,-3.626775093613818,15,1,0,1,45,0.0294,MEDIO
PN_2956,40.43484820627036,-3.652938374086177,15,1,0,1,83,0.0294,MEDIO
PN_2957,40.37073773983443,-3.6137980790802526,15,1,0,1,9,0.0294,MEDIO
PN_2958,40.40380565998455,-3.696733564153938,15,1,0,1,102,0.0294,MEDIO
PN_2959,40.41379614458893,-3.711812451999195,15,1,0,1,46,0.0294,MEDIO
PN_2960,40.40220203892723,-3.6981288038532063,15,1,0,1,95,0.0294,MEDIO
PN_2961,40.48498335583635,-3.695939318818313,15,1,0,1,47,0.0294,MEDIO
PN_2962,40.45890321127242,-3.6778150789810335,15,1,0,1,110,0.0294,MEDIO
PN_2963,40.455094386409904,-3.5833172631006787,15,1,0,1,0,0.0294,MEDIO
PN_2964,40.46107745180937,-3.6763673112959574,15,1,0,1,92,0.0294,MEDIO
PN_2965,40.48574064907803,-3.6463038959405156,15,1,0,1,27,0.0294,MEDIO
PN_2966,40.44489719115036,-3.6590203836427007,15,1,0,1,70,0.0294,MEDIO
PN_2967,40.41912153112679,-3.6169376874094823,5,2,0,2,22,0.0293,BAJO
PN_2968,40.35992636837733,-3.715162600581239,5,2,0,2,0,0.0293,BAJO
PN_2969,40.42684848225015,-3.715889829484989,5,2,0,2,82,0.0293,BAJO
PN_2970,40.38409936136123,-3.7307644565540663,5,2,0,2,55,0.0293,BAJO
PN_2971,40.393998484007064,-3.6402449705028928,21,0,0,1,45,0.0292,MEDIO
PN_2972,40.4050788217055,-3.6933563378265264,21,0,0,1,76,0.0292,MEDIO
PN_2973,40.454093997657864,-3.683838824219533,21,0,0,1,60,0.0292,MEDIO
PN_2974,40.38366323054649,-3.7279481122747957,11,1,0,2,64,0.0291,MEDIO
PN_2975,40.39721867433187,-3.668957801385039,11,1,0,2,52,0.0291,MEDIO
PN_2976,40.406728381963894,-3.6021675273953675,11,1,0,2,9,0.0291,MEDIO
PN_2977,40.45000208771223,-3.700034916546466,11,1,0,2,113,0.0291,MEDIO
PN_2978,40.39984869480932,-3.763714356001974,11,1,0,2,42,0.0291,MEDIO
PN_2979,40.4382142018673,-3.624253721926948,11,1,0,2,78,0.0291,MEDIO
PN_2980,40.39675971990426,-3.768118595591267,11,1,0,2,71,0.0291,MEDIO
PN_2981,40.469243942557576,-3.6519487838052522,11,1,0,2,33,0.0291,MEDIO
PN_2982,40.33336893164135,-3.7128983906329536,11,1,0,2,23,0.0291,MEDIO
PN_2983,40.47190181749764,-3.5809620013998753,11,1,0,2,17,0.0291,MEDIO
PN_2984,40.416793120130315,-3.7008607299933787,11,1,0,2,63,0.0291,MEDIO
PN_2985,40.48602332281809,-3.696083067709371,11,1,0,2,49,0.0291,MEDIO
PN_2986,40.387143768152264,-3.699051653169604,11,1,0,2,49,0.0291,MEDIO
PN_2987,40.37968235301633,-3.6573379421682883,11,1,0,2,24,0.0291,MEDIO
PN_2988,40.35899443981105,-3.689630517204287,11,1,0,2,22,0.0291,MEDIO
PN_2989,40.47720399143957,-3.6746030493477644,11,1,0,2,39,0.0291,MEDIO
PN_2990,40.423117931765546,-3.6551125408916336,11,1,0,2,54,0.0291,MEDIO
PN_2991,40.413821819226456,-3.6989590684605336,11,1,0,2,41,0.0291,MEDIO
PN_2992,40.38486411709345,-3.728173105852287,11,1,0,2,70,0.0291,MEDIO
PN_2993,40.43186793243901,-3.6369814144245045,11,1,0,2,84,0.0291,MEDIO
PN_2994,40.38005263555371,-3.70420677609301,11,1,0,2,21,0.0291,MEDIO
PN_2995,40.40885999264521,-3.716931096078071,11,1,0,2,46,0.0291,MEDIO
PN_2996,40.43211358849753,-3.6671909827816123,11,1,0,2,70,0.0291,MEDIO
PN_2997,40.37387050558623,-3.6621014188721546,11,1,0,2,12,0.0291,MEDIO
PN_2998,40.427872200275026,-3.644777990540547,11,1,0,2,79,0.0291,MEDIO
PN_2999,40.41087385097526,-3.707235505793974,11,1,0,2,29,0.0291,MEDIO
PN_3000,40.39414492135702,-3.6558835675086674,17,0,0,2,38,0.0288,MEDIO
PN_3001,40.42685367273026,-3.6999838500745503,17,0,0,2,24,0.0288,MEDIO
PN_3002,40.38598672337982,-3.637054334246812,17,0,0,2,35,0.0288,MEDIO
PN_3003,40.40772781859968,-3.6609967025809453,6,3,0,0,79,0.0287,BAJO
PN_3004,40.411676544716784,-3.654782537103958,7,1,0,3,68,0.0287,BAJO
PN_3005,40.41607182122549,-3.746106634539828,6,3,0,0,0,0.0287,BAJO
PN_3006,40.43125632000427,-3.713311051155337,6,3,0,0,92,0.0287,BAJO
PN_3007,40.38705173112438,-3.729873347177147,7,1,0,3,70,0.0287,BAJO
PN_3008,40.44779601592529,-3.6288813742646124,6,3,0,0,25,0.0287,BAJO
PN_3009,40.37087237742709,-3.661910841465178,7,1,0,3,0,0.0287,BAJO
PN_3010,40.505012130934084,-3.7099865722828587,6,3,0,0,33,0.0287,BAJO
PN_3011,40.39919506804849,-3.77573936797228,6,3,0,0,20,0.0287,BAJO
PN_3012,40.402969432439654,-3.650155487720644,6,3,0,0,32,0.0287,BAJO
PN_3013,40.3827504861043,-3.7227953366565267,12,2,0,0,81,0.0285,MEDIO
PN_3014,40.502169273617596,-3.6738408100390276,12,2,0,0,20,0.0285,MEDIO
PN_3015,40.45007059219062,-3.691990092525147,12,2,0,0,77,0.0285,MEDIO
PN_3016,40.39924676030057,-3.6630535107364186,12,2,0,0,45,0.0285,MEDIO
PN_3017,40.45697100377138,-3.7089174383767873,12,2,0,0,65,0.0285,MEDIO
PN_3018,40.41931133879398,-3.6162588937236753,12,2,0,0,23,0.0285,MEDIO
PN_3019,40.420107216868495,-3.709721847848447,12,2,0,0,64,0.0285,MEDIO
PN_3020,40.45500339265139,-3.6637614908905007,12,2,0,0,54,0.0285,MEDIO
PN_3021,40.4826319692313,-3.705285972282288,12,2,0,0,76,0.0285,MEDIO
PN_3022,40.486852954630805,-3.684636296736404,12,2,0,0,18,0.0285,MEDIO
PN_3023,40.49081631432074,-3.6921685366042127,12,2,0,0,31,0.0285,MEDIO
PN_3024,40.491084490570834,-3.5937663613773014,12,2,0,0,0,0.0285,MEDIO
PN_3025,40.44891670246583,-3.6621223783161,12,2,0,0,59,0.0285,MEDIO
PN_3026,40.4111882103159,-3.662280857671048,12,2,0,0,62,0.0285,MEDIO
PN_3027,40.435000928936866,-3.65907368343786,12,2,0,0,104,0.0285,MEDIO
PN_3028,40.42907294867363,-3.63479700672304,12,2,0,0,69,0.0285,MEDIO
PN_3029,40.49001799234415,-3.6989511023829205,12,2,0,0,33,0.0285,MEDIO
PN_3030,40.400993075316315,-3.715922839369972,12,2,0,0,104,0.0285,MEDIO
PN_3031,40.38200809254145,-3.633276061925518,12,2,0,0,36,0.0285,MEDIO
PN_3032,40.390907786988265,-3.6941922865173726,12,2,0,0,65,0.0285,MEDIO
PN_3033,40.40896897056176,-3.7072820821625716,12,2,0,0,27,0.0285,MEDIO
PN_3034,40.44389129834521,-3.66719361456582,12,2,0,0,62,0.0285,MEDIO
PN_3035,40.41799542012401,-3.697123723761424,12,2,0,0,76,0.0285,MEDIO
PN_3036,40.46007418687546,-3.669967164586574,12,2,0,0,75,0.0285,MEDIO
PN_3037,40.383961341933,-3.6128351984984373,12,2,0,0,4,0.0285,MEDIO
PN_3038,40.401835408234966,-3.696005403492325,12,2,0,0,98,0.0285,MEDIO
PN_3039,40.417099969913934,-3.6899568122046884,12,2,0,0,55,0.0285,MEDIO
PN_3040,40.45879396482043,-3.7069325514342606,12,2,0,0,58,0.0285,MEDIO
PN_3041,40.42812443717092,-3.6470407533273654,12,2,0,0,79,0.0285,MEDIO
PN_3042,40.431066616277676,-3.667022260157606,13,0,0,3,60,0.0285,MEDIO
PN_3043,40.38386098671378,-3.667295890467054,13,0,0,3,38,0.0285,MEDIO
PN_3044,40.45807221967225,-3.681859406525461,12,2,0,0,83,0.0285,MEDIO
PN_3045,40.431961378603866,-3.6701311687684512,12,2,0,0,73,0.0285,MEDIO
PN_3046,40.41174697361662,-3.723266570329678,12,2,0,0,79,0.0285,MEDIO
PN_3047,40.3519033812512,-3.688834607217754,13,0,0,3,21,0.0285,MEDIO
PN_3048,40.34486968160935,-3.7069584788994505,12,2,0,0,24,0.0285,MEDIO
PN_3049,40.39673799326776,-3.616932867132226,18,1,0,0,7,0.0283,MEDIO
PN_3050,40.39283764031032,-3.6639093732564043,18,1,0,0,62,0.0283,MEDIO
PN_3051,40.40811483618429,-3.6999252394399895,18,1,0,0,35,0.0283,MEDIO
PN_3052,40.40815556140416,-3.6700724260244715,18,1,0,0,77,0.0283,MEDIO
PN_3053,40.43008647569624,-3.6579800573723236,18,1,0,0,71,0.0283,MEDIO
PN_3054,40.36572965323302,-3.6879840201954863,18,1,0,0,33,0.0283,MEDIO
PN_3055,40.39807387291157,-3.647859010591896,18,1,0,0,14,0.0283,MEDIO
PN_3056,40.396139302791084,-3.7137592589733677,18,1,0,0,101,0.0283,MEDIO
PN_3057,40.442941113023444,-3.685835162972401,18,1,0,0,34,0.0283,MEDIO
PN_3058,40.4630996300313,-3.6478549225878885,18,1,0,0,21,0.0283,MEDIO
PN_3059,40.43688174596671,-3.6962684219539526,18,1,0,0,32,0.0283,MEDIO
PN_3060,40.39073762637721,-3.712823780749343,18,1,0,0,34,0.0283,MEDIO
PN_3061,40.41334388579372,-3.6094501899515694,18,1,0,0,5,0.0283,MEDIO
PN_3062,40.36090371305917,-3.6129754174064397,18,1,0,0,0,0.0283,MEDIO
PN_3063,40.41902900346758,-3.69972597347075,18,1,0,0,62,0.0283,MEDIO
PN_3064,40.399873168585195,-3.7169777554463135,18,1,0,0,100,0.0283,MEDIO
PN_3065,40.449386337282775,-3.6072140279181863,18,1,0,0,39,0.0283,MEDIO
PN_3066,40.38173793771963,-3.7269117354617074,18,1,0,0,46,0.0283,MEDIO
PN_3067,40.36395459179719,-3.762795219102886,18,1,0,0,28,0.0283,MEDIO
PN_3068,40.45490866666772,-3.68708246978119,18,1,0,0,85,0.0283,MEDIO
PN_3069,40.35659981203297,-3.6911464284006383,8,2,0,1,28,0.0282,BAJO
PN_3070,40.40291308357073,-3.7457433131843447,8,2,0,1,34,0.0282,BAJO
PN_3071,40.39592779338764,-3.7110453881147656,8,2,0,1,100,0.0282,BAJO
PN_3072,40.47118123874835,-3.6571987257732914,8,2,0,1,30,0.0282,BAJO
PN_3073,40.403779685229736,-3.755881803661531,8,2,0,1,35,0.0282,BAJO
PN_3074,40.4339861958543,-3.705764846310977,8,2,0,1,51,0.0282,BAJO
PN_3075,40.41057707736066,-3.6539083523586404,8,2,0,1,67,0.0282,BAJO
PN_3076,40.36882071964642,-3.686415523959291,8,2,0,1,9,0.0282,BAJO
PN_3077,40.426793713885694,-3.6288802270882314,8,2,0,1,64,0.0282,BAJO
PN_3078,40.392827247305405,-3.758241063933494,8,2,0,1,28,0.0282,BAJO
PN_3079,40.41470243064783,-3.729164498963754,8,2,0,1,66,0.0282,BAJO
PN_3080,40.34034529560333,-3.6748947646893595,8,2,0,1,0,0.0282,BAJO
PN_3081,40.4637716449703,-3.6298397915058125,8,2,0,1,42,0.0282,BAJO
PN_3082,40.41391011870988,-3.70622834465843,8,2,0,1,33,0.0282,BAJO
PN_3083,40.4138498965588,-3.7181983251987405,8,2,0,1,61,0.0282,BAJO
PN_3084,40.3721815191581,-3.7685225061104117,8,2,0,1,33,0.0282,BAJO
PN_3085,40.46309223215132,-3.7179779715271564,8,2,0,1,19,0.0282,BAJO
PN_3086,40.37818620801869,-3.690867779412786,8,2,0,1,30,0.0282,BAJO
PN_3087,40.45576986959027,-3.6817624191235865,8,2,0,1,90,0.0282,BAJO
PN_3088,40.476068900108785,-3.6843138985460206,8,2,0,1,44,0.0282,BAJO
PN_3089,40.41319431003861,-3.653046760112027,8,2,0,1,56,0.0282,BAJO
PN_3090,40.45912048152112,-3.6431815044976577,8,2,0,1,21,0.0282,BAJO
PN_3091,40.38706405765008,-3.739932374841483,8,2,0,1,73,0.0282,BAJO
PN_3092,40.4931007397687,-3.7109195913158968,8,2,0,1,2,0.0282,BAJO
PN_3093,40.36996301126477,-3.6000971704671514,8,2,0,1,14,0.0282,BAJO
PN_3094,40.35466245878808,-3.704832600567135,8,2,0,1,23,0.0282,BAJO
PN_3095,40.488179644803246,-3.612365752010011,8,2,0,1,18,0.0282,BAJO
PN_3096,40.42405329275368,-3.611558373913695,8,2,0,1,61,0.0282,BAJO
PN_3097,40.41808572449506,-3.6145675401694937,8,2,0,1,20,0.0282,BAJO
PN_3098,40.39395856397949,-3.7648065513599662,8,2,0,1,52,0.0282,BAJO
PN_3099,40.38384490832571,-3.7451010026654217,9,0,0,4,57,0.0281,BAJO
PN_3100,40.370177588713474,-3.6610677443361124,9,0,0,4,0,0.0281,BAJO
PN_3101,40.483433912144314,-3.6801475759823354,24,0,0,0,37,0.028,MEDIO
PN_3102,40.393865648617165,-3.6781086065117594,14,1,0,1,67,0.0279,MEDIO
PN_3103,40.452923518799196,-3.7011251732082266,14,1,0,1,89,0.0279,MEDIO
PN_3104,40.47707300304147,-3.645051637337166,14,1,0,1,13,0.0279,MEDIO
PN_3105,40.376600473525755,-3.750891246285884,14,1,0,1,38,0.0279,MEDIO
PN_3106,40.38608603205153,-3.7109383053619522,14,1,0,1,40,0.0279,MEDIO
PN_3107,40.37095200928387,-3.6070475675759277,14,1,0,1,32,0.0279,MEDIO
PN_3108,40.4209837639401,-3.616226723339469,14,1,0,1,32,0.0279,MEDIO
PN_3109,40.47216376366642,-3.712232931027661,14,1,0,1,59,0.0279,MEDIO
PN_3110,40.439968568154974,-3.6128054560055025,14,1,0,1,19,0.0279,MEDIO
PN_3111,40.5041711682585,-3.702885115902702,14,1,0,1,91,0.0279,MEDIO
PN_3112,40.45103633410645,-3.6819453836561995,14,1,0,1,54,0.0279,MEDIO
PN_3113,40.371135941845566,-3.6078039171851373,14,1,0,1,29,0.0279,MEDIO
PN_3114,40.38501543348447,-3.7628132105412293,14,1,0,1,39,0.0279,MEDIO
PN_3115,40.439858890367546,-3.6309213668788884,14,1,0,1,30,0.0279,MEDIO
PN_3116,40.408044403517245,-3.7172859532210856,14,1,0,1,51,0.0279,MEDIO
PN_3117,40.45204825079567,-3.685261902537096,14,1,0,1,47,0.0279,MEDIO
PN_3118,40.43155317883246,-3.6836685396740103,14,1,0,1,53,0.0279,MEDIO
PN_3119,40.44274197129641,-3.6532469279140085,14,1,0,1,38,0.0279,MEDIO
PN_3120,40.38281987107204,-3.7421329513903037,14,1,0,1,47,0.0279,MEDIO
PN_3121,40.43381665941272,-3.6779379706075046,14,1,0,1,68,0.0279,MEDIO
PN_3122,40.391154393214904,-3.700800590515983,14,1,0,1,62,0.0279,MEDIO
PN_3123,40.4049674925188,-3.677105490365744,14,1,0,1,54,0.0279,MEDIO
PN_3124,40.392884262882994,-3.660775510209195,14,1,0,1,49,0.0279,MEDIO
PN_3125,40.44307618813326,-3.7021615740569405,14,1,0,1,18,0.0279,MEDIO
PN_3126,40.42322656921646,-3.623869892130078,14,1,0,1,41,0.0279,MEDIO
PN_3127,40.43107496117675,-3.649992964737771,14,1,0,1,95,0.0279,MEDIO
PN_3128,40.3809815782563,-3.70528964210488,14,1,0,1,20,0.0279,MEDIO
PN_3129,40.34692854021987,-3.713029974786972,14,1,0,1,7,0.0279,MEDIO
PN_3130,40.378085853966034,-3.7420927856693664,14,1,0,1,17,0.0279,MEDIO
PN_3131,40.39412001624969,-3.678910889200574,20,0,0,1,69,0.0277,MEDIO
PN_3132,40.39415895477042,-3.6722462097700244,20,0,0,1,43,0.0277,MEDIO
PN_3133,40.46035547351949,-3.6760435820079898,20,0,0,1,95,0.0277,MEDIO
PN_3134,40.47692989453501,-3.6540959982107806,20,0,0,1,23,0.0277,MEDIO
PN_3135,40.449564752684886,-3.6959641514909394,20,0,0,1,107,0.0277,MEDIO
PN_3136,40.48702629082377,-3.696037705344055,20,0,0,1,49,0.0277,MEDIO
PN_3137,40.36480354277251,-3.714055199392264,10,1,0,2,12,0.0276,MEDIO
PN_3138,40.439367834332835,-3.679547436816628,10,1,0,2,88,0.0276,MEDIO
PN_3139,40.39288752240336,-3.6687158092767724,10,1,0,2,30,0.0276,MEDIO
PN_3140,40.393039460883216,-3.7130973250825554,10,1,0,2,57,0.0276,MEDIO
PN_3141,40.33582734067127,-3.715820493679039,10,1,0,2,29,0.0276,MEDIO
PN_3142,40.39277301695675,-3.760839436078771,10,1,0,2,36,0.0276,MEDIO
PN_3143,40.421839671625875,-3.6550762427274712,10,1,0,2,60,0.0276,MEDIO
PN_3144,40.401707135526465,-3.6563434837078255,10,1,0,2,30,0.0276,MEDIO
PN_3145,40.41577803941571,-3.693145386036689,10,1,0,2,70,0.0276,MEDIO
PN_3146,40.464769684878874,-3.6420263631376373,10,1,0,2,33,0.0276,MEDIO
PN_3147,40.416031104734714,-3.6969068052125187,10,1,0,2,65,0.0276,MEDIO
PN_3148,40.3912171527824,-3.6460697757558487,10,1,0,2,47,0.0276,MEDIO
PN_3149,40.38307551873307,-3.627935077109144,10,1,0,2,53,0.0276,MEDIO
PN_3150,40.41897538594186,-3.6790204126180206,10,1,0,2,58,0.0276,MEDIO
PN_3151,40.39605818371115,-3.6609748709580905,10,1,0,2,45,0.0276,MEDIO
PN_3152,40.38400754859492,-3.7790523459938905,5,3,0,0,7,0.0273,BAJO
PN_3153,40.39497780648416,-3.6690748117004097,16,0,0,2,46,0.0273,MEDIO
PN_3154,40.37784558919857,-3.62028122015478,5,3,0,0,18,0.0273,BAJO
PN_3155,40.42669634477337,-3.71335718334215,16,0,0,2,85,0.0273,MEDIO
PN_3156,40.47006473612045,-3.7161598088206227,5,3,0,0,64,0.0273,BAJO
PN_3157,40.40016578858928,-3.7120857296592047,16,0,0,2,102,0.0273,MEDIO
PN_3158,40.387770755970585,-3.640191534225909,16,0,0,2,50,0.0273,MEDIO
PN_3159,40.45361596052835,-3.779414646071287,5,3,0,0,40,0.0273,BAJO
PN_3160,40.41721233210266,-3.6528977560191898,16,0,0,2,36,0.0273,MEDIO
PN_3161,40.44361204174582,-3.687762973539948,5,3,0,0,36,0.0273,BAJO
PN_3162,40.42910518287921,-3.645012352719216,16,0,0,2,85,0.0273,MEDIO
PN_3163,40.388872324596605,-3.6719526981280346,5,3,0,0,21,0.0273,BAJO
PN_3164,40.41889970769882,-3.6290129944344285,5,3,0,0,44,0.0273,BAJO
PN_3165,40.48307398340819,-3.708260883494576,6,1,0,3,75,0.0272,BAJO
PN_3166,40.40506014752095,-3.7319531399816754,6,1,0,3,19,0.0272,BAJO
PN_3167,40.439451630968286,-3.6711664999738542,6,1,0,3,45,0.0272,BAJO
PN_3168,40.422616461724715,-3.618733103238427,6,1,0,3,7,0.0272,BAJO
PN_3169,40.45693443689141,-3.667155541880257,11,2,0,0,63,0.027,MEDIO
PN_3170,40.3639783664162,-3.6197063193613612,11,2,0,0,0,0.027,MEDIO
PN_3171,40.46501976388385,-3.69601523913248,11,2,0,0,62,0.027,MEDIO
PN_3172,40.36982407661008,-3.710891296147663,11,2,0,0,18,0.027,MEDIO
PN_3173,40.47280123871099,-3.6879129202279586,11,2,0,0,48,0.027,MEDIO
PN_3174,40.43374492745917,-3.6570581114595013,11,2,0,0,102,0.027,MEDIO
PN_3175,40.37686074790154,-3.6259167521615026,11,2,0,0,12,0.027,MEDIO
PN_3176,40.44935771933019,-3.5820279394768093,11,2,0,0,8,0.027,MEDIO
PN_3177,40.38918587295005,-3.652903838671149,11,2,0,0,26,0.027,MEDIO
PN_3178,40.43832452144557,-3.7007541341048165,11,2,0,0,29,0.027,MEDIO
PN_3179,40.43292393881382,-3.654375980014024,11,2,0,0,80,0.027,MEDIO
PN_3180,40.4297504566083,-3.7242650091158227,11,2,0,0,28,0.027,MEDIO
PN_3181,40.40601158010464,-3.6759905544123495,11,2,0,0,49,0.027,MEDIO
PN_3182,40.39767684360234,-3.769251674645685,11,2,0,0,57,0.027,MEDIO
PN_3183,40.34917588284319,-3.7000296787869966,11,2,0,0,34,0.027,MEDIO
PN_3184,40.381059286171435,-3.780000464985486,11,2,0,0,6,0.027,MEDIO
PN_3185,40.374883672758784,-3.732971340826396,11,2,0,0,41,0.027,MEDIO
PN_3186,40.3902016533817,-3.729072492398233,11,2,0,0,59,0.027,MEDIO
PN_3187,40.47622192063496,-3.7030645342522095,11,2,0,0,69,0.027,MEDIO
PN_3188,40.44678369220609,-3.7402204140933666,11,2,0,0,8,0.027,MEDIO
PN_3189,40.44617812045932,-3.5851228422367227,11,2,0,0,21,0.027,MEDIO
PN_3190,40.4699179599229,-3.688669557447634,11,2,0,0,50,0.027,MEDIO
PN_3191,40.460201720617476,-3.701684795520013,11,2,0,0,70,0.027,MEDIO
PN_3192,40.41882756264151,-3.6102918645289437,11,2,0,0,34,0.027,MEDIO
PN_3193,40.48280638709809,-3.6850248426157375,12,0,0,3,51,0.027,MEDIO
PN_3194,40.41493514899347,-3.698773431045245,11,2,0,0,52,0.027,MEDIO
PN_3195,40.416237285154175,-3.6912936679038393,11,2,0,0,66,0.027,MEDIO
PN_3196,40.41284605731087,-3.7137589613615605,11,2,0,0,58,0.027,MEDIO
PN_3197,40.40519867084735,-3.6159680315828777,11,2,0,0,26,0.027,MEDIO
PN_3198,40.45280813823944,-3.680950376959426,11,2,0,0,64,0.027,MEDIO
PN_3199,40.43180179257099,-3.6428638061122003,11,2,0,0,104,0.027,MEDIO
PN_3200,40.42895100029518,-3.709223210951242,11,2,0,0,75,0.027,MEDIO
PN_3201,40.361005216019635,-3.660139353060325,11,2,0,0,0,0.027,MEDIO
PN_3202,40.408151371614636,-3.7072530768664227,11,2,0,0,35,0.027,MEDIO
PN_3203,40.426314174746445,-3.6862291204953808,11,2,0,0,51,0.027,MEDIO
PN_3204,40.51771889218713,-3.664832319423077,11,2,0,0,4,0.027,MEDIO
PN_3205,40.443053751190476,-3.66492796301804,11,2,0,0,80,0.027,MEDIO
PN_3206,40.50275009993802,-3.6973621192345005,11,2,0,0,72,0.027,MEDIO
PN_3207,40.437104800191435,-3.702815528987389,11,2,0,0,29,0.027,MEDIO
PN_3208,40.43695055637725,-3.686367264489934,11,2,0,0,71,0.027,MEDIO
PN_3209,40.3809205821642,-3.7280449637737734,11,2,0,0,29,0.027,MEDIO
PN_3210,40.423186267928116,-3.671184664688317,11,2,0,0,47,0.027,MEDIO
PN_3211,40.4587851292473,-3.6741560827069044,17,1,0,0,100,0.0268,MEDIO
PN_3212,40.410926129183004,-3.718145229157402,17,1,0,0,60,0.0268,MEDIO
PN_3213,40.43801660418995,-3.7178355521366946,17,1,0,0,47,0.0268,MEDIO
PN_3214,40.40677856061704,-3.670894404466621,17,1,0,0,71,0.0268,MEDIO
PN_3215,40.400915401503305,-3.649047882234543,17,1,0,0,22,0.0268,MEDIO
PN_3216,40.42109046749115,-3.6798371424295526,17,1,0,0,66,0.0268,MEDIO
PN_3217,40.44186199754087,-3.6973810258015183,17,1,0,0,38,0.0268,MEDIO
PN_3218,40.439896373566995,-3.678875191655963,17,1,0,0,87,0.0268,MEDIO
PN_3219,40.3831841940022,-3.6629172976196425,17,1,0,0,20,0.0268,MEDIO
PN_3220,40.37787063418356,-3.783701334228084,17,1,0,0,14,0.0268,MEDIO
PN_3221,40.46082130698136,-3.6961249204310436,17,1,0,0,119,0.0268,MEDIO
PN_3222,40.40508156063127,-3.7330624235232888,17,1,0,0,19,0.0268,MEDIO
PN_3223,40.44989857377274,-3.7033257847280883,17,1,0,0,65,0.0268,MEDIO
PN_3224,40.426043206933954,-3.703854583878039,17,1,0,0,36,0.0268,MEDIO
PN_3225,40.48057062204343,-3.7122029014641797,17,1,0,0,91,0.0268,MEDIO
PN_3226,40.43414879363734,-3.674953728941472,17,1,0,0,80,0.0268,MEDIO
PN_3227,40.47285077454616,-3.6872065660906674,17,1,0,0,50,0.0268,MEDIO
PN_3228,40.36592727438842,-3.6941167633926506,17,1,0,0,58,0.0268,MEDIO
PN_3229,40.39977846373589,-3.754218436387911,7,2,0,1,22,0.0267,BAJO
PN_3230,40.4690548321663,-3.6573060690997896,7,2,0,1,29,0.0267,BAJO
PN_3231,40.47828262330594,-3.664949976122762,7,2,0,1,53,0.0267,BAJO
PN_3232,40.36505405638177,-3.7428155215426933,7,2,0,1,48,0.0267,BAJO
PN_3233,40.483276448849736,-3.7008400152090486,7,2,0,1,53,0.0267,BAJO
PN_3234,40.37930477067692,-3.6172579363521344,7,2,0,1,16,0.0267,BAJO
PN_3235,40.46216753589254,-3.635312184088803,7,2,0,1,58,0.0267,BAJO
PN_3236,40.37801102069841,-3.6088165289921785,7,2,0,1,2,0.0267,BAJO
PN_3237,40.38872012911686,-3.7419393509386025,7,2,0,1,58,0.0267,BAJO
PN_3238,40.39189049079945,-3.733800384083255,7,2,0,1,35,0.0267,BAJO
PN_3239,40.468091564651445,-3.7121528357403286,7,2,0,1,52,0.0267,BAJO
PN_3240,40.49725541161886,-3.6678599314302467,7,2,0,1,45,0.0267,BAJO
PN_3241,40.459166152313564,-3.696966842030026,7,2,0,1,119,0.0267,BAJO
PN_3242,40.38010036903935,-3.7678646331619845,7,2,0,1,21,0.0267,BAJO
PN_3243,40.42586117452464,-3.6686335399086305,7,2,0,1,38,0.0267,BAJO
PN_3244,40.36795474727499,-3.7533974765703717,7,2,0,1,9,0.0267,BAJO
PN_3245,40.40458736482946,-3.6758642733277127,7,2,0,1,51,0.0267,BAJO
PN_3246,40.40755281332904,-3.693868292865195,7,2,0,1,61,0.0267,BAJO
PN_3247,40.435748700610574,-3.6061721479757547,7,2,0,1,37,0.0267,BAJO
PN_3248,40.43738515598549,-3.7083707298093063,7,2,0,1,46,0.0267,BAJO
PN_3249,40.444157381554184,-3.7394001779597024,7,2,0,1,4,0.0267,BAJO
PN_3250,40.38199739158133,-3.695669352967935,7,2,0,1,56,0.0267,BAJO
PN_3251,40.389957872577725,-3.656886521161137,7,2,0,1,38,0.0267,BAJO
PN_3252,40.47445686274161,-3.6909786647452982,7,2,0,1,41,0.0267,BAJO
PN_3253,40.36621067043585,-3.7077899431272847,7,2,0,1,0,0.0267,BAJO
PN_3254,40.44093857615986,-3.6688009189267428,23,0,0,0,56,0.0266,MEDIO
PN_3255,40.41786954312985,-3.708756267836191,13,1,0,1,41,0.0265,MEDIO
PN_3256,40.409037905461744,-3.6777816703430597,13,1,0,1,29,0.0265,MEDIO
PN_3257,40.41815338342532,-3.698097268111684,13,1,0,1,75,0.0265,MEDIO
PN_3258,40.420750581478316,-3.6169759629529272,13,1,0,1,25,0.0265,MEDIO
PN_3259,40.39295480223572,-3.7022564337081034,13,1,0,1,76,0.0265,MEDIO
PN_3260,40.44408651224512,-3.658964753927314,13,1,0,1,77,0.0265,MEDIO
PN_3261,40.44391490700331,-3.6750143253018583,13,1,0,1,44,0.0265,MEDIO
PN_3262,40.3738505054025,-3.740066786459029,13,1,0,1,50,0.0265,MEDIO
PN_3263,40.458951250994765,-3.787972913963139,13,1,0,1,50,0.0265,MEDIO
PN_3264,40.46611518053052,-3.7107303610006492,13,1,0,1,45,0.0265,MEDIO
PN_3265,40.42611305239091,-3.710973806328176,13,1,0,1,90,0.0265,MEDIO
PN_3266,40.42214646022808,-3.672851675565053,13,1,0,1,56,0.0265,MEDIO
PN_3267,40.45719920465402,-3.711834849322009,13,1,0,1,71,0.0265,MEDIO
PN_3268,40.41928030730746,-3.624666977520363,13,1,0,1,62,0.0265,MEDIO
PN_3269,40.38189441138392,-3.6629266173589623,13,1,0,1,27,0.0265,MEDIO
PN_3270,40.44209904932474,-3.671000690246689,13,1,0,1,65,0.0265,MEDIO
PN_3271,40.445894639688376,-3.6611340113183766,13,1,0,1,60,0.0265,MEDIO
PN_3272,40.395085402237775,-3.704713153615358,13,1,0,1,84,0.0265,MEDIO
PN_3273,40.4679307615309,-3.6739517190063093,13,1,0,1,57,0.0265,MEDIO
PN_3274,40.39008906520996,-3.7399535856365245,13,1,0,1,59,0.0265,MEDIO
PN_3275,40.474610590176745,-3.6918919860984327,13,1,0,1,40,0.0265,MEDIO
PN_3276,40.468996843943195,-3.641014040844971,13,1,0,1,39,0.0265,MEDIO
PN_3277,40.42983309971693,-3.6092653420150507,13,1,0,1,37,0.0265,MEDIO
PN_3278,40.41942256079457,-3.698737841327279,13,1,0,1,75,0.0265,MEDIO
PN_3279,40.48506547038694,-3.700234966864395,13,1,0,1,51,0.0265,MEDIO
PN_3280,40.38102546827452,-3.7041796697472553,13,1,0,1,23,0.0265,MEDIO
PN_3281,40.40378863403497,-3.620073651855667,13,1,0,1,7,0.0265,MEDIO
PN_3282,40.413787905566146,-3.610589374439553,13,1,0,1,3,0.0265,MEDIO
PN_3283,40.36509068804373,-3.6879015702568236,13,1,0,1,34,0.0265,MEDIO
PN_3284,40.479974626317365,-3.723097423363668,13,1,0,1,26,0.0265,MEDIO
PN_3285,40.37973280003311,-3.748885863036956,13,1,0,1,24,0.0265,MEDIO
PN_3286,40.40671720433598,-3.6969864181440837,13,1,0,1,64,0.0265,MEDIO
PN_3287,40.42613955858653,-3.6828954586361373,13,1,0,1,60,0.0265,MEDIO
PN_3288,40.42787450064513,-3.6828350174178492,13,1,0,1,55,0.0265,MEDIO
PN_3289,40.43703598595623,-3.6460605722153536,13,1,0,1,67,0.0265,MEDIO
PN_3290,40.49316753313026,-3.6688359129887407,13,1,0,1,43,0.0265,MEDIO
PN_3291,40.408178699627655,-3.700754330313723,19,0,0,1,34,0.0262,MEDIO
PN_3292,40.427902495692436,-3.73508848501522,19,0,0,1,14,0.0262,MEDIO
PN_3293,40.37603292652354,-3.6208338747401996,19,0,0,1,16,0.0262,MEDIO
PN_3294,40.465212066721584,-3.635860313085643,19,0,0,1,53,0.0262,MEDIO
PN_3295,40.43998740404336,-3.674009845736711,19,0,0,1,67,0.0262,MEDIO
PN_3296,40.48306492243588,-3.684037117478091,19,0,0,1,47,0.0262,MEDIO
PN_3297,40.42986851575033,-3.6703155690660645,19,0,0,1,63,0.0262,MEDIO
PN_3298,40.37615264723209,-3.6559512115128507,9,1,0,2,22,0.0261,BAJO
PN_3299,40.44993257643419,-3.704810021518391,9,1,0,2,64,0.0261,BAJO
PN_3300,40.40097753678384,-3.643154825089759,9,1,0,2,17,0.0261,BAJO
PN_3301,40.380810817969945,-3.6188190705341237,9,1,0,2,20,0.0261,BAJO
PN_3302,40.38723431351608,-3.654102924567955,9,1,0,2,10,0.0261,BAJO
PN_3303,40.39707737724252,-3.743989950874676,9,1,0,2,25,0.0261,BAJO
PN_3304,40.39395369264307,-3.6589348174577854,9,1,0,2,47,0.0261,BAJO
PN_3305,40.39587086936064,-3.6618718457431516,9,1,0,2,47,0.0261,BAJO
PN_3306,40.37208497506734,-3.7540688890645666,9,1,0,2,25,0.0261,BAJO
PN_3307,40.3900218908902,-3.640013368351588,9,1,0,2,53,0.0261,BAJO
PN_3308,40.394721803318674,-3.7000994466484136,9,1,0,2,94,0.0261,BAJO
PN_3309,40.373015279698684,-3.757993917211225,9,1,0,2,18,0.0261,BAJO
PN_3310,40.431774409556255,-3.650152496108492,9,1,0,2,93,0.0261,BAJO
PN_3311,40.37601636218664,-3.695048570771544,9,1,0,2,29,0.0261,BAJO
PN_3312,40.39501561065047,-3.7669247478064967,9,1,0,2,70,0.0261,BAJO
PN_3313,40.377772622193305,-3.663088693829043,9,1,0,2,29,0.0261,BAJO
PN_3314,40.40227554349802,-3.7300224118120955,9,1,0,2,20,0.0261,BAJO
PN_3315,40.430817726731405,-3.6557747013726307,9,1,0,2,75,0.0261,BAJO
PN_3316,40.37782347553982,-3.7667480908138042,9,1,0,2,23,0.0261,BAJO
PN_3317,40.38330272899599,-3.664742534287244,9,1,0,2,32,0.0261,BAJO
PN_3318,40.39897395059869,-3.6541405887638967,9,1,0,2,14,0.0261,BAJO
PN_3319,40.38912297793437,-3.738116077514514,9,1,0,2,77,0.0261,BAJO
PN_3320,40.37330282386366,-3.722935201993923,9,1,0,2,29,0.0261,BAJO
PN_3321,40.3840406732412,-3.709845828507572,9,1,0,2,22,0.0261,BAJO
PN_3322,40.44413386835846,-3.6108634813869886,9,1,0,2,42,0.0261,BAJO
PN_3323,40.388815323617315,-3.7611149746759525,15,0,0,2,46,0.0259,MEDIO
PN_3324,40.35288750399051,-3.6939200060077098,15,0,0,2,37,0.0259,MEDIO
PN_3325,40.37320459037288,-3.7346156055675914,15,0,0,2,44,0.0259,MEDIO
PN_3326,40.4201799707444,-3.6780352965460876,15,0,0,2,72,0.0259,MEDIO
PN_3327,40.438776839690846,-3.725073246007475,15,0,0,2,19,0.0259,MEDIO
PN_3328,40.424899005222535,-3.7111090120027446,15,0,0,2,77,0.0259,MEDIO
PN_3329,40.38796682981979,-3.7068724434840523,15,0,0,2,19,0.0259,MEDIO
PN_3330,40.3809015558685,-3.748168463208584,15,0,0,2,22,0.0259,MEDIO
PN_3331,40.42210304339968,-3.611262713441168,15,0,0,2,50,0.0259,MEDIO
PN_3332,40.380947734414825,-3.6858969394968586,15,0,0,2,38,0.0259,MEDIO
PN_3333,40.43221299489355,-3.697327706099033,15,0,0,2,46,0.0259,MEDIO
PN_3334,40.431786191015895,-3.7103130585727393,15,0,0,2,70,0.0259,MEDIO
PN_3335,40.403957800436665,-3.678011551749232,15,0,0,2,43,0.0259,MEDIO
PN_3336,40.402265020976216,-3.6767257772249433,15,0,0,2,35,0.0259,MEDIO
PN_3337,40.39523317065751,-3.723826680170255,5,1,0,3,21,0.0258,BAJO
PN_3338,40.39113552773191,-3.6408246002216282,5,1,0,3,57,0.0258,BAJO
PN_3339,40.405964241068844,-3.731354430766752,5,1,0,3,20,0.0258,BAJO
PN_3340,40.43964634574185,-3.7000582587841464,5,1,0,3,18,0.0258,BAJO
PN_3341,40.43324793667484,-3.6438297699100297,10,2,0,0,103,0.0256,MEDIO
PN_3342,40.465075742818385,-3.630285749628675,10,2,0,0,35,0.0256,MEDIO
PN_3343,40.400994920224306,-3.698112798555376,10,2,0,0,90,0.0256,MEDIO
PN_3344,40.454701046722676,-3.652198031449468,10,2,0,0,57,0.0256,MEDIO
PN_3345,40.439610466634974,-3.63201105791263,10,2,0,0,31,0.0256,MEDIO
PN_3346,40.43104956422464,-3.7238191592712275,10,2,0,0,22,0.0256,MEDIO
PN_3347,40.36983238877142,-3.7649230308040154,10,2,0,0,20,0.0256,MEDIO
PN_3348,40.456289038818646,-3.6931192675437203,10,2,0,0,108,0.0256,MEDIO
PN_3349,40.46405792489584,-3.6769311376897234,10,2,0,0,64,0.0256,MEDIO
PN_3350,40.43400524875001,-3.6889030282392574,10,2,0,0,57,0.0256,MEDIO
PN_3351,40.44978055104076,-3.6825875233465544,10,2,0,0,52,0.0256,MEDIO
PN_3352,40.458836214442,-3.6496314723147214,10,2,0,0,26,0.0256,MEDIO
PN_3353,40.36777122946582,-3.6161323533786742,10,2,0,0,1,0.0256,MEDIO
PN_3354,40.44611879084548,-3.6050326903646477,10,2,0,0,19,0.0256,MEDIO
PN_3355,40.39068306653381,-3.720881845785459,10,2,0,0,34,0.0256,MEDIO
PN_3356,40.434071236057605,-3.614045446962605,10,2,0,0,29,0.0256,MEDIO
PN_3357,40.42308049088619,-3.703038616026862,10,2,0,0,44,0.0256,MEDIO
PN_3358,40.49782711526533,-3.668256723540196,10,2,0,0,44,0.0256,MEDIO
PN_3359,40.39084215149468,-3.7249767583649613,10,2,0,0,42,0.0256,MEDIO
PN_3360,40.48112771895828,-3.7286996944187485,10,2,0,0,12,0.0256,MEDIO
PN_3361,40.4440078596659,-3.6557713283328033,10,2,0,0,62,0.0256,MEDIO
PN_3362,40.4661214892069,-3.7492764551772018,10,2,0,0,4,0.0256,MEDIO
PN_3363,40.3692089107539,-3.6960414618804593,10,2,0,0,74,0.0256,MEDIO
PN_3364,40.409847333483086,-3.552311611508442,10,2,0,0,7,0.0256,MEDIO
PN_3365,40.45510251971804,-3.6606638753276095,10,2,0,0,61,0.0256,MEDIO
PN_3366,40.39803314136489,-3.7047293866746407,10,2,0,0,65,0.0256,MEDIO
PN_3367,40.43307056299799,-3.7142144574234566,10,2,0,0,93,0.0256,MEDIO
PN_3368,40.37111889647228,-3.747005260283001,10,2,0,0,33,0.0256,MEDIO
PN_3369,40.47992186471169,-3.7046565001040195,10,2,0,0,79,0.0256,MEDIO
PN_3370,40.44777983351768,-3.668839762835462,10,2,0,0,56,0.0256,MEDIO
PN_3371,40.44765735261957,-3.672094421535666,10,2,0,0,46,0.0256,MEDIO
PN_3372,40.373616371851476,-3.775583776102818,10,2,0,0,21,0.0256,MEDIO
PN_3373,40.428045845028194,-3.663790721316454,10,2,0,0,37,0.0256,MEDIO
PN_3374,40.45561734583063,-3.785065732714203,10,2,0,0,40,0.0256,MEDIO
PN_3375,40.481317375357925,-3.715066522696791,10,2,0,0,71,0.0256,MEDIO
PN_3376,40.40292500179239,-3.6206433526711743,10,2,0,0,4,0.0256,MEDIO
PN_3377,40.43106030565085,-3.6299727707909546,10,2,0,0,70,0.0256,MEDIO
PN_3378,40.37115118165188,-3.703056997192907,10,2,0,0,22,0.0256,MEDIO
PN_3379,40.40433762681441,-3.7171927295800105,10,2,0,0,55,0.0256,MEDIO
PN_3380,40.39709336686458,-3.7547135119900616,10,2,0,0,23,0.0256,MEDIO
PN_3381,40.39587094627656,-3.7308551808574535,10,2,0,0,6,0.0256,MEDIO
PN_3382,40.50285688653001,-3.6622946825289917,10,2,0,0,39,0.0256,MEDIO
PN_3383,40.44531783023587,-3.786989420293473,10,2,0,0,0,0.0256,MEDIO
PN_3384,40.4609380732234,-3.6941035462783036,10,2,0,0,130,0.0256,MEDIO
PN_3385,40.407792582914,-3.7418962087845253,10,2,0,0,29,0.0256,MEDIO
PN_3386,40.465085347756684,-3.685589848512211,11,0,0,3,51,0.0255,MEDIO
PN_3387,40.46595297199291,-3.6579166191713353,11,0,0,3,27,0.0255,MEDIO
PN_3388,40.48094539973846,-3.7239708389445805,11,0,0,3,28,0.0255,MEDIO
PN_3389,40.44500648577644,-3.608997774778398,11,0,0,3,42,0.0255,MEDIO
PN_3390,40.44414538246683,-3.674188883088819,16,1,0,0,45,0.0253,MEDIO
PN_3391,40.41202747473335,-3.688827797025876,16,1,0,0,47,0.0253,MEDIO
PN_3392,40.43105093562929,-3.683653242791897,16,1,0,0,53,0.0253,MEDIO
PN_3393,40.407257605883174,-3.680004266826293,16,1,0,0,27,0.0253,MEDIO
PN_3394,40.51417583245247,-3.671401736579316,16,1,0,0,12,0.0253,MEDIO
PN_3395,40.43466539499883,-3.6226333213607487,16,1,0,0,71,0.0253,MEDIO
PN_3396,40.464886499963356,-3.667759111744043,16,1,0,0,53,0.0253,MEDIO
PN_3397,40.42127091241961,-3.6760189019606924,16,1,0,0,78,0.0253,MEDIO
PN_3398,40.418028694197595,-3.6930565059590386,16,1,0,0,77,0.0253,MEDIO
PN_3399,40.46559857409419,-3.690881662149111,16,1,0,0,67,0.0253,MEDIO
PN_3400,40.426631412078834,-3.6653212810548768,16,1,0,0,30,0.0253,MEDIO
PN_3401,40.437907814258594,-3.7129414069935005,16,1,0,0,51,0.0253,MEDIO
PN_3402,40.48785584485711,-3.7040228112649003,16,1,0,0,25,0.0253,MEDIO
PN_3403,40.488147875225465,-3.6730567422219313,16,1,0,0,32,0.0253,MEDIO
PN_3404,40.448252400269986,-3.6509994827791994,16,1,0,0,51,0.0253,MEDIO
PN_3405,40.446978658151,-3.6699373441734,16,1,0,0,56,0.0253,MEDIO
PN_3406,40.41484459812917,-3.7001525339629886,16,1,0,0,45,0.0253,MEDIO
PN_3407,40.36707940705547,-3.6954193021909387,16,1,0,0,66,0.0253,MEDIO
PN_3408,40.43870468353604,-3.704931352171475,16,1,0,0,32,0.0253,MEDIO
PN_3409,40.40197331357581,-3.6509320215565686,16,1,0,0,30,0.0253,MEDIO
PN_3410,40.42894398183454,-3.6990888761881546,16,1,0,0,34,0.0253,MEDIO
PN_3411,40.466833817970745,-3.6549217940004977,16,1,0,0,32,0.0253,MEDIO
PN_3412,40.433982298795684,-3.6460478384224757,16,1,0,0,77,0.0253,MEDIO
PN_3413,40.41972270039816,-3.6630496910923163,16,1,0,0,58,0.0253,MEDIO
PN_3414,40.43700593273469,-3.6529668629846874,16,1,0,0,43,0.0253,MEDIO
PN_3415,40.407887051270414,-3.7368972922322,16,1,0,0,37,0.0253,MEDIO
PN_3416,40.44121824543977,-3.694129572381817,16,1,0,0,48,0.0253,MEDIO
PN_3417,40.35982055703179,-3.6622806570085706,16,1,0,0,0,0.0253,MEDIO
PN_3418,40.38819890099341,-3.680291186610903,16,1,0,0,28,0.0253,MEDIO
PN_3419,40.46291230706322,-3.7040230375642387,6,2,0,1,28,0.0252,BAJO
PN_3420,40.421667775239996,-3.657848252420409,6,2,0,1,65,0.0252,BAJO
PN_3421,40.42118170112998,-3.662770795587134,6,2,0,1,52,0.0252,BAJO
PN_3422,40.45583816944274,-3.645208224083665,6,2,0,1,18,0.0252,BAJO
PN_3423,40.3739401030485,-3.6650307357362544,6,2,0,1,7,0.0252,BAJO
PN_3424,40.43695401968342,-3.646776590790776,6,2,0,1,69,0.0252,BAJO
PN_3425,40.420271553266694,-3.674237077211823,6,2,0,1,69,0.0252,BAJO
PN_3426,40.447887646275426,-3.6049593214296354,6,2,0,1,21,0.0252,BAJO
PN_3427,40.423160970520314,-3.6999207226348254,6,2,0,1,33,0.0252,BAJO
PN_3428,40.421343616113596,-3.6620277897659346,6,2,0,1,52,0.0252,BAJO
PN_3429,40.36910909542831,-3.753972900647795,6,2,0,1,14,0.0252,BAJO
PN_3430,40.44221118051033,-3.653115735547185,6,2,0,1,32,0.0252,BAJO
PN_3431,40.36805635822091,-3.712314513473922,6,2,0,1,14,0.0252,BAJO
PN_3432,40.482126082296844,-3.6734220712472045,6,2,0,1,57,0.0252,BAJO
PN_3433,40.37170821376273,-3.7122881788172317,6,2,0,1,26,0.0252,BAJO
PN_3434,40.42409552479935,-3.6290142380640273,6,2,0,1,61,0.0252,BAJO
PN_3435,40.345016019370256,-3.68989993481361,7,0,0,4,4,0.0252,BAJO
PN_3436,40.451103776900446,-3.693968149450306,6,2,0,1,88,0.0252,BAJO
PN_3437,40.40395404758206,-3.605137384634656,6,2,0,1,18,0.0252,BAJO
PN_3438,40.46891218794471,-3.701073760106689,6,2,0,1,15,0.0252,BAJO
PN_3439,40.40770429872455,-3.7097977878609485,6,2,0,1,49,0.0252,BAJO
PN_3440,40.37675836390258,-3.6392190063983425,6,2,0,1,10,0.0252,BAJO
PN_3441,40.43792639048376,-3.646347688248991,6,2,0,1,55,0.0252,BAJO
PN_3442,40.46528132307273,-3.698274085753285,22,0,0,0,40,0.0251,MEDIO
PN_3443,40.40117310908118,-3.7170150559742505,22,0,0,0,83,0.0251,MEDIO
PN_3444,40.48419725523374,-3.6720263832025495,22,0,0,0,48,0.0251,MEDIO
PN_3445,40.40781364922627,-3.6781845990735245,22,0,0,0,28,0.0251,MEDIO
PN_3446,40.43296144322141,-3.693189433126828,22,0,0,0,50,0.0251,MEDIO
PN_3447,40.42689087819797,-3.579778784803546,22,0,0,0,0,0.0251,MEDIO
PN_3448,40.436636502082585,-3.7166613672129505,12,1,0,1,60,0.025,MEDIO
PN_3449,40.3802144337669,-3.609114891114798,12,1,0,1,4,0.025,MEDIO
PN_3450,40.43100420042982,-3.6382852008743156,12,1,0,1,79,0.025,MEDIO
PN_3451,40.402233107166204,-3.6601956230152695,12,1,0,1,16,0.025,MEDIO
PN_3452,40.38087106399876,-3.6699819932564424,12,1,0,1,28,0.025,MEDIO
PN_3453,40.43510997013535,-3.708665186244936,12,1,0,1,48,0.025,MEDIO
PN_3454,40.35289153685542,-3.6831029614524557,12,1,0,1,14,0.025,MEDIO
PN_3455,40.38395200930034,-3.7060974838199385,12,1,0,1,20,0.025,MEDIO
PN_3456,40.44221423350805,-3.6755764520431087,12,1,0,1,55,0.025,MEDIO
PN_3457,40.45805509290571,-3.685643199058792,12,1,0,1,94,0.025,MEDIO
PN_3458,40.44985318235183,-3.738061092507543,12,1,0,1,4,0.025,MEDIO
PN_3459,40.35774504553004,-3.685035230874084,12,1,0,1,23,0.025,MEDIO
PN_3460,40.38704987487893,-3.7332013961744432,12,1,0,1,68,0.025,MEDIO
PN_3461,40.387250077595006,-3.6557381334945998,12,1,0,1,10,0.025,MEDIO
PN_3462,40.47115647696803,-3.667155697842556,12,1,0,1,76,0.025,MEDIO
PN_3463,40.41431132317056,-3.7298728700403547,12,1,0,1,66,0.025,MEDIO
PN_3464,40.42017880811819,-3.6139358135808464,12,1,0,1,39,0.025,MEDIO
PN_3465,40.36689238389713,-3.6558862937413763,12,1,0,1,0,0.025,MEDIO
PN_3466,40.41884994574839,-3.7073550996922724,12,1,0,1,39,0.025,MEDIO
PN_3467,40.43604034973169,-3.647715975221088,12,1,0,1,72,0.025,MEDIO
PN_3468,40.38309278043936,-3.7022115525038384,12,1,0,1,29,0.025,MEDIO
PN_3469,40.43698408425152,-3.6759043409496264,12,1,0,1,73,0.025,MEDIO
PN_3470,40.43302689413523,-3.7087454950847043,12,1,0,1,69,0.025,MEDIO
PN_3471,40.43307568902775,-3.715692166638343,12,1,0,1,85,0.025,MEDIO
PN_3472,40.37008650348555,-3.6217016722327817,12,1,0,1,0,0.025,MEDIO
PN_3473,40.398276996019455,-3.7196471845207797,12,1,0,1,60,0.025,MEDIO
PN_3474,40.46192247411721,-3.680259834263438,12,1,0,1,68,0.025,MEDIO
PN_3475,40.42891890791693,-3.6420271937898363,12,1,0,1,82,0.025,MEDIO
PN_3476,40.42895522860491,-3.663124144245494,12,1,0,1,54,0.025,MEDIO
PN_3477,40.429072798892705,-3.682270831507781,12,1,0,1,50,0.025,MEDIO
PN_3478,40.38592546797184,-3.7409395111033015,12,1,0,1,77,0.025,MEDIO
PN_3479,40.45130093305974,-3.7408296093833493,12,1,0,1,6,0.025,MEDIO
PN_3480,40.40490479718622,-3.6419747559039988,12,1,0,1,15,0.025,MEDIO
PN_3481,40.43601232472047,-3.677748639977412,12,1,0,1,69,0.025,MEDIO
PN_3482,40.3950628357963,-3.6982471284984197,12,1,0,1,82,0.025,MEDIO
PN_3483,40.4058094982495,-3.724667300446985,12,1,0,1,50,0.025,MEDIO
PN_3484,40.422338285481324,-3.726110865680951,18,0,0,1,36,0.0247,MEDIO
PN_3485,40.439102496307186,-3.712202442318498,18,0,0,1,49,0.0247,MEDIO
PN_3486,40.46581475234895,-3.691829240381237,18,0,0,1,65,0.0247,MEDIO
PN_3487,40.457262179352675,-3.7013058118419955,18,0,0,1,87,0.0247,MEDIO
PN_3488,40.47494414689658,-3.6392775303612592,18,0,0,1,25,0.0247,MEDIO
PN_3489,40.44693082806212,-3.684276558871817,18,0,0,1,24,0.0247,MEDIO
PN_3490,40.47293638915458,-3.7287154707863746,18,0,0,1,18,0.0247,MEDIO
PN_3491,40.446727676540334,-3.585975218983567,18,0,0,1,21,0.0247,MEDIO
PN_3492,40.4018530460282,-3.7189307397402294,18,0,0,1,77,0.0247,MEDIO
PN_3493,40.377023551985296,-3.741144828411705,8,1,0,2,27,0.0246,BAJO
PN_3494,40.4598391284695,-3.710097057688648,8,1,0,2,51,0.0246,BAJO
PN_3495,40.43885463149204,-3.6397458475348516,8,1,0,2,67,0.0246,BAJO
PN_3496,40.489025211628736,-3.692202248866418,8,1,0,2,42,0.0246,BAJO
PN_3497,40.391355133714,-3.6519034560250327,8,1,0,2,24,0.0246,BAJO
PN_3498,40.407085932300305,-3.7340453617256912,8,1,0,2,38,0.0246,BAJO
PN_3499,40.452852165779944,-3.693860833286203,8,1,0,2,94,0.0246,BAJO
PN_3500,40.40623221039075,-3.632287701230954,8,1,0,2,34,0.0246,BAJO
PN_3501,40.37824303685669,-3.7280453233242676,8,1,0,2,38,0.0246,BAJO
PN_3502,40.472651950199385,-3.731078293034424,8,1,0,2,20,0.0246,BAJO
PN_3503,40.456844721632415,-3.591275071771226,8,1,0,2,2,0.0246,BAJO
PN_3504,40.38712226708583,-3.765758646835784,8,1,0,2,37,0.0246,BAJO
PN_3505,40.452250502654095,-3.7822707897267343,8,1,0,2,35,0.0246,BAJO
PN_3506,40.42212346466695,-3.6848086887876854,8,1,0,2,55,0.0246,BAJO
PN_3507,40.42825087707243,-3.6707623802544203,8,1,0,2,53,0.0246,BAJO
PN_3508,40.39907369142057,-3.77491899812053,8,1,0,2,22,0.0246,BAJO
PN_3509,40.38791045896325,-3.671163173069,8,1,0,2,18,0.0246,BAJO
PN_3510,40.46072982225561,-3.6621095917840334,8,1,0,2,67,0.0246,BAJO
PN_3511,40.34120984841693,-3.7183295693333918,8,1,0,2,20,0.0246,BAJO
PN_3512,40.468981105370865,-3.6770463317813866,8,1,0,2,61,0.0246,BAJO
PN_3513,40.42186084815319,-3.72114648918175,8,1,0,2,60,0.0246,BAJO
PN_3514,40.40302057112206,-3.661654292187387,8,1,0,2,51,0.0246,BAJO
PN_3515,40.411200327982115,-3.6740198330713043,8,1,0,2,52,0.0246,BAJO
PN_3516,40.38003691199134,-3.6954076847969892,14,0,0,2,41,0.0244,MEDIO
PN_3517,40.43200054534555,-3.641774391051839,14,0,0,2,92,0.0244,MEDIO
PN_3518,40.390781084376854,-3.7099903790373423,14,0,0,2,36,0.0244,MEDIO
PN_3519,40.383866547987814,-3.6488876288744962,14,0,0,2,18,0.0244,MEDIO
PN_3520,40.4563138600019,-3.730266828219744,14,0,0,2,17,0.0244,MEDIO
PN_3521,40.426214514770415,-3.629775352498628,9,2,0,0,62,0.0241,BAJO
PN_3522,40.42504699390425,-3.696002290283211,9,2,0,0,37,0.0241,BAJO
PN_3523,40.3889399965104,-3.7117378921747957,9,2,0,0,42,0.0241,BAJO
PN_3524,40.38928844995499,-3.686892967835967,9,2,0,0,41,0.0241,BAJO
PN_3525,40.382915363433334,-3.7660295834773945,9,2,0,0,20,0.0241,BAJO
PN_3526,40.46416533732657,-3.695128091360032,9,2,0,0,89,0.0241,BAJO
PN_3527,40.43760237831837,-3.6444089585764954,9,2,0,0,76,0.0241,BAJO
PN_3528,40.43180357466812,-3.661772085916078,9,2,0,0,84,0.0241,BAJO
PN_3529,40.381896379627534,-3.6671634271984277,9,2,0,0,43,0.0241,BAJO
PN_3530,40.43193396600097,-3.718891419491239,9,2,0,0,78,0.0241,BAJO
PN_3531,40.47901262135496,-3.6853198961645464,9,2,0,0,53,0.0241,BAJO
PN_3532,40.442889419547576,-3.719132585855868,9,2,0,0,22,0.0241,BAJO
PN_3533,40.43475352632634,-3.678011102792544,9,2,0,0,71,0.0241,BAJO
PN_3534,40.416116506135005,-3.70714181171528,9,2,0,0,27,0.0241,BAJO
PN_3535,40.39782599700126,-3.6044416120337948,9,2,0,0,0,0.0241,BAJO
PN_3536,40.367301592351716,-3.6162940213254444,9,2,0,0,1,0.0241,BAJO
PN_3537,40.367249297776,-3.6167149484730965,9,2,0,0,0,0.0241,BAJO
PN_3538,40.482751002983235,-3.709918454387694,9,2,0,0,76,0.0241,BAJO
PN_3539,40.404850120760514,-3.6787585015606834,9,2,0,0,33,0.0241,BAJO
PN_3540,40.384785325265774,-3.6702747295316462,9,2,0,0,31,0.0241,BAJO
PN_3541,40.37405675064234,-3.742967100625553,9,2,0,0,46,0.0241,BAJO
PN_3542,40.44806819288195,-3.57144412157683,9,2,0,0,0,0.0241,BAJO
PN_3543,40.39919590524285,-3.732008117224917,9,2,0,0,11,0.0241,BAJO
PN_3544,40.444881970815274,-3.7148458604513337,9,2,0,0,37,0.0241,BAJO
PN_3545,40.380291433365954,-3.6672195884616894,9,2,0,0,39,0.0241,BAJO
PN_3546,40.496175856062976,-3.6920046416913213,9,2,0,0,9,0.0241,BAJO
PN_3547,40.40306460840671,-3.750924948620744,9,2,0,0,40,0.0241,BAJO
PN_3548,40.45315467244578,-3.7081051946616617,9,2,0,0,86,0.0241,BAJO
PN_3549,40.43504494931092,-3.664890268025563,9,2,0,0,83,0.0241,BAJO
PN_3550,40.4437208991569,-3.663624946105626,9,2,0,0,90,0.0241,BAJO
PN_3551,40.40424782373143,-3.7181463427279016,9,2,0,0,61,0.0241,BAJO
PN_3552,40.47211351491361,-3.691077291190974,9,2,0,0,35,0.0241,BAJO
PN_3553,40.41401979477408,-3.6890053484378496,9,2,0,0,39,0.0241,BAJO
PN_3554,40.43393863948276,-3.642262263703403,9,2,0,0,90,0.0241,BAJO
PN_3555,40.39080846603028,-3.7582601503692388,9,2,0,0,26,0.0241,BAJO
PN_3556,40.44375872746041,-3.7197052301244025,9,2,0,0,20,0.0241,BAJO
PN_3557,40.513144725114216,-3.664011185151801,9,2,0,0,26,0.0241,BAJO
PN_3558,40.36160268214084,-3.6841517191623376,9,2,0,0,19,0.0241,BAJO
PN_3559,40.460417579154544,-3.593100163524776,9,2,0,0,16,0.0241,BAJO
PN_3560,40.46119217470404,-3.7090047306321705,9,2,0,0,41,0.0241,BAJO
PN_3561,40.346155008802725,-3.712988746985356,9,2,0,0,11,0.0241,BAJO
PN_3562,40.42516365318539,-3.6400204555444247,10,0,0,3,15,0.024,MEDIO
PN_3563,40.39419845229162,-3.6669813525323454,10,0,0,3,43,0.024,MEDIO
PN_3564,40.438094710576934,-3.6590329529334227,10,0,0,3,94,0.024,MEDIO
PN_3565,40.436836125841985,-3.64374137587636,15,1,0,0,73,0.0239,MEDIO
PN_3566,40.474129364442966,-3.720831341263903,15,1,0,0,46,0.0239,MEDIO
PN_3567,40.356034368436454,-3.704110568450981,15,1,0,0,19,0.0239,MEDIO
PN_3568,40.47209766253273,-3.579080724803013,15,1,0,0,15,0.0239,MEDIO
PN_3569,40.42792826979862,-3.686191654540641,15,1,0,0,49,0.0239,MEDIO
PN_3570,40.40081735207634,-3.6923842454625477,15,1,0,0,56,0.0239,MEDIO
PN_3571,40.40600199361708,-3.6638773817231707,15,1,0,0,65,0.0239,MEDIO
PN_3572,40.46988381407761,-3.6420750641168698,15,1,0,0,25,0.0239,MEDIO
PN_3573,40.39824628696365,-3.6381856799822496,15,1,0,0,31,0.0239,MEDIO
PN_3574,40.434598738448805,-3.6742170709220945,15,1,0,0,79,0.0239,MEDIO
PN_3575,40.370946437187314,-3.752899505519089,15,1,0,0,25,0.0239,MEDIO
PN_3576,40.39886500096951,-3.7670571980790775,15,1,0,0,37,0.0239,MEDIO
PN_3577,40.46492867859167,-3.5727369104414595,15,1,0,0,0,0.0239,MEDIO
PN_3578,40.41398339773242,-3.7129066377723516,15,1,0,0,46,0.0239,MEDIO
PN_3579,40.39299864014833,-3.693993026877558,15,1,0,0,69,0.0239,MEDIO
PN_3580,40.430152003207,-3.679121811613182,15,1,0,0,48,0.0239,MEDIO
PN_3581,40.40567694207304,-3.734041446516311,15,1,0,0,17,0.0239,MEDIO
PN_3582,40.41117736302285,-3.666077217657294,15,1,0,0,68,0.0239,MEDIO
PN_3583,40.433905720557455,-3.6039073033332274,15,1,0,0,58,0.0239,MEDIO
PN_3584,40.47488863346037,-3.7027709985650508,15,1,0,0,56,0.0239,MEDIO
PN_3585,40.47713680997841,-3.6688388216890853,15,1,0,0,56,0.0239,MEDIO
PN_3586,40.434903691022654,-3.681923006447154,15,1,0,0,80,0.0239,MEDIO
PN_3587,40.47299198316075,-3.7357719851776334,15,1,0,0,18,0.0239,MEDIO
PN_3588,40.44214162933879,-3.616115165539679,15,1,0,0,38,0.0239,MEDIO
PN_3589,40.38117075677231,-3.70612126086106,15,1,0,0,19,0.0239,MEDIO
PN_3590,40.44882373739785,-3.6770314047874786,15,1,0,0,41,0.0239,MEDIO
PN_3591,40.44398141421157,-3.6701742750573887,15,1,0,0,62,0.0239,MEDIO
PN_3592,40.484703442274885,-3.6739543936457104,15,1,0,0,50,0.0239,MEDIO
PN_3593,40.37476775087046,-3.626025032297606,5,2,0,1,4,0.0237,BAJO
PN_3594,40.45506792328891,-3.7678807507936236,5,2,0,1,2,0.0237,BAJO
PN_3595,40.336086107628674,-3.696005896944004,5,2,0,1,0,0.0237,BAJO
PN_3596,40.42397104074111,-3.647751668448528,5,2,0,1,36,0.0237,BAJO
PN_3597,40.494323098757135,-3.667554048509232,5,2,0,1,47,0.0237,BAJO
PN_3598,40.405319709653384,-3.6352245260284617,5,2,0,1,34,0.0237,BAJO
PN_3599,40.429484551377264,-3.6919150102435196,5,2,0,1,40,0.0237,BAJO
PN_3600,40.38621519249428,-3.689912143389397,5,2,0,1,52,0.0237,BAJO
PN_3601,40.34092176876623,-3.7129438531081895,5,2,0,1,29,0.0237,BAJO
PN_3602,40.41885888178011,-3.728929129681911,5,2,0,1,12,0.0237,BAJO
PN_3603,40.41490074389618,-3.63080268540146,5,2,0,1,17,0.0237,BAJO
PN_3604,40.472681898313,-3.720354216924483,5,2,0,1,54,0.0237,BAJO
PN_3605,40.47697344871328,-3.7417676649386586,5,2,0,1,35,0.0237,BAJO
PN_3606,40.41466861838312,-3.6441453270981734,5,2,0,1,4,0.0237,BAJO
PN_3607,40.37699665492433,-3.7401046534488755,5,2,0,1,27,0.0237,BAJO
PN_3608,40.46393770116866,-3.7200815048741958,5,2,0,1,15,0.0237,BAJO
PN_3609,40.36978585679731,-3.762829421824901,5,2,0,1,16,0.0237,BAJO
PN_3610,40.39111750466782,-3.7310382595557465,5,2,0,1,53,0.0237,BAJO
PN_3611,40.33302714540168,-3.6923109029865033,5,2,0,1,0,0.0237,BAJO
PN_3612,40.35269902944999,-3.6968973505589857,5,2,0,1,38,0.0237,BAJO
PN_3613,40.40479997949314,-3.7296895919712383,5,2,0,1,30,0.0237,BAJO
PN_3614,40.449142042938675,-3.669920500804028,5,2,0,1,57,0.0237,BAJO
PN_3615,40.40705348832185,-3.75226853785459,5,2,0,1,31,0.0237,BAJO
PN_3616,40.45787853952819,-3.6178748154224953,21,0,0,0,30,0.0236,MEDIO
PN_3617,40.405866032542974,-3.6998377809444625,21,0,0,0,75,0.0236,MEDIO
PN_3618,40.41264763023836,-3.705075458678002,21,0,0,0,31,0.0236,MEDIO
PN_3619,40.49185764838297,-3.723843522623,11,1,0,1,50,0.0235,MEDIO
PN_3620,40.4290873902838,-3.6697375357797712,11,1,0,1,55,0.0235,MEDIO
PN_3621,40.42768024425962,-3.616149509774773,11,1,0,1,7,0.0235,MEDIO
PN_3622,40.451996451411325,-3.7850581126962513,11,1,0,1,22,0.0235,MEDIO
PN_3623,40.45184080759398,-3.653003828992419,11,1,0,1,56,0.0235,MEDIO
PN_3624,40.4303595630338,-3.7169439416982186,11,1,0,1,90,0.0235,MEDIO
PN_3625,40.46977161162054,-3.6517619291319092,11,1,0,1,36,0.0235,MEDIO
PN_3626,40.390810878354756,-3.6622490903763913,11,1,0,1,56,0.0235,MEDIO
PN_3627,40.404794831556835,-3.597247774244313,11,1,0,1,11,0.0235,MEDIO
PN_3628,40.381006198955525,-3.6471154857753096,11,1,0,1,8,0.0235,MEDIO
PN_3629,40.37301740184791,-3.611784501858435,11,1,0,1,13,0.0235,MEDIO
PN_3630,40.34376176504765,-3.7149633844130694,11,1,0,1,21,0.0235,MEDIO
PN_3631,40.43600664118284,-3.6912495789248467,11,1,0,1,61,0.0235,MEDIO
PN_3632,40.34385106314418,-3.7131018551707515,11,1,0,1,23,0.0235,MEDIO
PN_3633,40.44400167868966,-3.6952184550659806,11,1,0,1,76,0.0235,MEDIO
PN_3634,40.341934856347,-3.692020268624971,11,1,0,1,3,0.0235,MEDIO
PN_3635,40.42704912428933,-3.672096503896387,11,1,0,1,45,0.0235,MEDIO
PN_3636,40.45021341698662,-3.7082320344544897,11,1,0,1,67,0.0235,MEDIO
PN_3637,40.41889270683899,-3.624169395330586,11,1,0,1,59,0.0235,MEDIO
PN_3638,40.43504319475236,-3.696076890980159,11,1,0,1,48,0.0235,MEDIO
PN_3639,40.431960677005954,-3.700787745144227,11,1,0,1,49,0.0235,MEDIO
PN_3640,40.401665584459224,-3.6893662202861295,11,1,0,1,33,0.0235,MEDIO
PN_3641,40.421200289687675,-3.697320851667358,11,1,0,1,71,0.0235,MEDIO
PN_3642,40.341148453131446,-3.6927293634262472,11,1,0,1,1,0.0235,MEDIO
PN_3643,40.36877715874205,-3.6098091098345253,11,1,0,1,36,0.0235,MEDIO
PN_3644,40.48025880137566,-3.6832547986929565,11,1,0,1,43,0.0235,MEDIO
PN_3645,40.38085939424682,-3.618107791937011,11,1,0,1,20,0.0235,MEDIO
PN_3646,40.44507032338432,-3.695787973206568,11,1,0,1,80,0.0235,MEDIO
PN_3647,40.44677614195113,-3.652127208667812,11,1,0,1,54,0.0235,MEDIO
PN_3648,40.41280467037265,-3.7039448501716774,11,1,0,1,28,0.0235,MEDIO
PN_3649,40.39770026988275,-3.707215474956594,11,1,0,1,84,0.0235,MEDIO
PN_3650,40.37937353721342,-3.6150677020976185,11,1,0,1,16,0.0235,MEDIO
PN_3651,40.39770217854889,-3.7407881135000456,11,1,0,1,29,0.0235,MEDIO
PN_3652,40.46075517478664,-3.701310981160548,11,1,0,1,68,0.0235,MEDIO
PN_3653,40.41886019306316,-3.722693010438293,11,1,0,1,74,0.0235,MEDIO
PN_3654,40.47391822402946,-3.645188212632909,11,1,0,1,21,0.0235,MEDIO
PN_3655,40.42003713275241,-3.721770104559667,11,1,0,1,66,0.0235,MEDIO
PN_3656,40.47522831519949,-3.7157672354944236,11,1,0,1,64,0.0235,MEDIO
PN_3657,40.475828909742816,-3.582265671208722,11,1,0,1,13,0.0235,MEDIO
PN_3658,40.46982726007871,-3.6860176946037386,11,1,0,1,47,0.0235,MEDIO
PN_3659,40.39822810641627,-3.7027174731156105,11,1,0,1,75,0.0235,MEDIO
PN_3660,40.41605257980133,-3.701022346214877,11,1,0,1,56,0.0235,MEDIO
PN_3661,40.3652249111117,-3.738150725302091,11,1,0,1,28,0.0235,MEDIO
PN_3662,40.34681054273501,-3.7090428969592097,11,1,0,1,22,0.0235,MEDIO
PN_3663,40.44706183293649,-3.6732949456502286,11,1,0,1,41,0.0235,MEDIO
PN_3664,40.498182686214854,-3.6688009623598874,11,1,0,1,48,0.0235,MEDIO
PN_3665,40.42589361250008,-3.6750310713921706,11,1,0,1,51,0.0235,MEDIO
PN_3666,40.43192679185201,-3.6263589427128804,17,0,0,1,37,0.0233,MEDIO
PN_3667,40.42517737107196,-3.6951685809302344,17,0,0,1,47,0.0233,MEDIO
PN_3668,40.407075435821874,-3.694922678050485,17,0,0,1,62,0.0233,MEDIO
PN_3669,40.44621044727256,-3.6821468651861005,17,0,0,1,20,0.0233,MEDIO
PN_3670,40.408956637976395,-3.552713778456522,17,0,0,1,8,0.0233,MEDIO
PN_3671,40.388919807306145,-3.7291265892825636,17,0,0,1,70,0.0233,MEDIO
PN_3672,40.38190115289452,-3.7076374405008465,17,0,0,1,19,0.0233,MEDIO
PN_3673,40.41358641301355,-3.652743476046877,7,1,0,2,53,0.0232,BAJO
PN_3674,40.49568970497505,-3.659019109956276,7,1,0,2,38,0.0232,BAJO
PN_3675,40.44922384048907,-3.7096995531749775,7,1,0,2,49,0.0232,BAJO
PN_3676,40.363230128896745,-3.71445687046137,7,1,0,2,6,0.0232,BAJO
PN_3677,40.38804874091323,-3.7018767432244486,7,1,0,2,34,0.0232,BAJO
PN_3678,40.371068759383206,-3.7021548792732295,7,1,0,2,24,0.0232,BAJO
PN_3679,40.36900893752203,-3.6010709650564943,7,1,0,2,30,0.0232,BAJO
PN_3680,40.41815539965948,-3.6738126605126777,7,1,0,2,64,0.0232,BAJO
PN_3681,40.37218198223437,-3.7078625117049273,7,1,0,2,23,0.0232,BAJO
PN_3682,40.33635390597056,-3.7168524913027334,7,1,0,2,23,0.0232,BAJO
PN_3683,40.38290218323853,-3.644123026923514,7,1,0,2,12,0.0232,BAJO
PN_3684,40.34819898666054,-3.7109137588337853,7,1,0,2,12,0.0232,BAJO
PN_3685,40.41675077339857,-3.6911221188958296,7,1,0,2,64,0.0232,BAJO
PN_3686,40.366752025554256,-3.6541002459763563,7,1,0,2,0,0.0232,BAJO
PN_3687,40.390002089908755,-3.7370940738781733,7,1,0,2,48,0.0232,BAJO
PN_3688,40.36101720646174,-3.6981068861711504,7,1,0,2,32,0.0232,BAJO
PN_3689,40.3781652494115,-3.6640454341250215,7,1,0,2,29,0.0232,BAJO
PN_3690,40.454620703389715,-3.658740675892844,7,1,0,2,74,0.0232,BAJO
PN_3691,40.375157420761404,-3.744170061118653,7,1,0,2,51,0.0232,BAJO
PN_3692,40.374711071088036,-3.7197308632844677,7,1,0,2,24,0.0232,BAJO
PN_3693,40.45774532447748,-3.643932481054135,7,1,0,2,20,0.0232,BAJO
PN_3694,40.42501639103683,-3.6407691410929908,7,1,0,2,17,0.0232,BAJO
PN_3695,40.39387874862665,-3.7663647833167544,7,1,0,2,53,0.0232,BAJO
PN_3696,40.42908098614934,-3.6370015109732656,7,1,0,2,65,0.0232,BAJO
PN_3697,40.45987973029747,-3.642212327243667,7,1,0,2,25,0.0232,BAJO
PN_3698,40.49400946450094,-3.687154982408202,13,0,0,2,28,0.0229,MEDIO
PN_3699,40.370212226212054,-3.6920499652726906,13,0,0,2,65,0.0229,MEDIO
PN_3700,40.45798870869707,-3.581211717688016,13,0,0,2,0,0.0229,MEDIO
PN_3701,40.384066291660105,-3.6679857630508304,13,0,0,2,37,0.0229,MEDIO
PN_3702,40.376254186177334,-3.749163592113734,13,0,0,2,42,0.0229,MEDIO
PN_3703,40.37823569229704,-3.7557362487323838,13,0,0,2,14,0.0229,MEDIO
PN_3704,40.458691034769885,-3.669894680002523,13,0,0,2,74,0.0229,MEDIO
PN_3705,40.433814865000244,-3.6793145911558898,13,0,0,2,77,0.0229,MEDIO
PN_3706,40.373251305907,-3.605804242395055,13,0,0,2,12,0.0229,MEDIO
PN_3707,40.43520198484876,-3.7143109251407798,13,0,0,2,60,0.0229,MEDIO
PN_3708,40.388147006839795,-3.641997855356868,13,0,0,2,48,0.0229,MEDIO
PN_3709,40.402863524569064,-3.6161744427381914,13,0,0,2,15,0.0229,MEDIO
PN_3710,40.42307911682271,-3.6978751372307714,8,2,0,0,41,0.0226,BAJO
PN_3711,40.36707308770326,-3.690742515702377,8,2,0,0,49,0.0226,BAJO
PN_3712,40.41913047939582,-3.701852353174669,8,2,0,0,58,0.0226,BAJO
PN_3713,40.37693834709059,-3.661022118207771,8,2,0,0,19,0.0226,BAJO
PN_3714,40.402751492038476,-3.724217137675467,8,2,0,0,45,0.0226,BAJO
PN_3715,40.47401655554837,-3.723961833237732,8,2,0,0,40,0.0226,BAJO
PN_3716,40.38765723891879,-3.744364429271913,8,2,0,0,56,0.0226,BAJO
PN_3717,40.37907629218631,-3.7068216287782416,8,2,0,0,9,0.0226,BAJO
PN_3718,40.41606921632974,-3.6800679243584344,8,2,0,0,29,0.0226,BAJO
PN_3719,40.50111316782177,-3.695726857428514,8,2,0,0,41,0.0226,BAJO
PN_3720,40.34622298244567,-3.710930858806715,8,2,0,0,21,0.0226,BAJO
PN_3721,40.40692619480934,-3.604869859958992,8,2,0,0,23,0.0226,BAJO
PN_3722,40.408022102115,-3.703000932560721,8,2,0,0,27,0.0226,BAJO
PN_3723,40.429766324177734,-3.6937163453307766,8,2,0,0,27,0.0226,BAJO
PN_3724,40.461323645927,-3.6590915398899657,8,2,0,0,42,0.0226,BAJO
PN_3725,40.4338833618873,-3.619745504090869,9,0,0,3,49,0.0226,BAJO
PN_3726,40.38698343335126,-3.7118338053187796,9,0,0,3,58,0.0226,BAJO
PN_3727,40.46811008770887,-3.722878056548147,8,2,0,0,29,0.0226,BAJO
PN_3728,40.42216118042943,-3.6930311360113555,8,2,0,0,71,0.0226,BAJO
PN_3729,40.38196574857628,-3.7757198759353434,8,2,0,0,3,0.0226,BAJO
PN_3730,40.381642501667514,-3.6490457356325225,8,2,0,0,14,0.0226,BAJO
PN_3731,40.43299003022842,-3.67205034607572,8,2,0,0,68,0.0226,BAJO
PN_3732,40.40392443123744,-3.604340665542317,8,2,0,0,16,0.0226,BAJO
PN_3733,40.398774577474526,-3.757862946521938,8,2,0,0,31,0.0226,BAJO
PN_3734,40.4158835918259,-3.6763885687805855,8,2,0,0,37,0.0226,BAJO
PN_3735,40.38514250762026,-3.7131041645091343,8,2,0,0,52,0.0226,BAJO
PN_3736,40.37904925541076,-3.6621118198055003,8,2,0,0,31,0.0226,BAJO
PN_3737,40.497640057327594,-3.6237572495087473,8,2,0,0,11,0.0226,BAJO
PN_3738,40.37989510095669,-3.6137079080229877,8,2,0,0,14,0.0226,BAJO
PN_3739,40.36284627158915,-3.5899332899000163,8,2,0,0,0,0.0226,BAJO
PN_3740,40.374771568004455,-3.7398685679720187,8,2,0,0,50,0.0226,BAJO
PN_3741,40.38327813362923,-3.7473043684477614,9,0,0,3,26,0.0226,BAJO
PN_3742,40.38298980488571,-3.7183048919612043,8,2,0,0,71,0.0226,BAJO
PN_3743,40.39386524518385,-3.757083250540025,8,2,0,0,31,0.0226,BAJO
PN_3744,40.40998322500661,-3.687178305327025,8,2,0,0,27,0.0226,BAJO
PN_3745,40.372930315598616,-3.624988231237311,8,2,0,0,0,0.0226,BAJO
PN_3746,40.41298032913284,-3.7300961782291155,8,2,0,0,66,0.0226,BAJO
PN_3747,40.4767032384984,-3.6178873872181794,8,2,0,0,1,0.0226,BAJO
PN_3748,40.39502588086167,-3.7729740325132295,8,2,0,0,42,0.0226,BAJO
PN_3749,40.35393254683322,-3.688092431200955,9,0,0,3,16,0.0226,BAJO
PN_3750,40.426064176347396,-3.651220210025226,8,2,0,0,55,0.0226,BAJO
PN_3751,40.42786007608744,-3.7230746835586546,8,2,0,0,41,0.0226,BAJO
PN_3752,40.39904167712058,-3.621934556675555,8,2,0,0,13,0.0226,BAJO
PN_3753,40.469883725472435,-3.581588178355727,8,2,0,0,9,0.0226,BAJO
PN_3754,40.37028492760771,-3.7381233450760822,8,2,0,0,49,0.0226,BAJO
PN_3755,40.4291913241671,-3.617749359774702,9,0,0,3,0,0.0226,BAJO
PN_3756,40.38562145564699,-3.7088361226655118,9,0,0,3,20,0.0226,BAJO
PN_3757,40.377827829253235,-3.6673258470334695,8,2,0,0,24,0.0226,BAJO
PN_3758,40.4399508936759,-3.6489429265160256,8,2,0,0,26,0.0226,BAJO
PN_3759,40.44007471814897,-3.6420949894305665,8,2,0,0,59,0.0226,BAJO
PN_3760,40.42911146146498,-3.6050022660274594,8,2,0,0,54,0.0226,BAJO
PN_3761,40.42941091968435,-3.7121627405334587,8,2,0,0,74,0.0226,BAJO
PN_3762,40.40798661711509,-3.6157950083895747,14,1,0,0,29,0.0224,MEDIO
PN_3763,40.462482767206545,-3.623986922094359,14,1,0,0,21,0.0224,MEDIO
PN_3764,40.44336870251595,-3.6477648359408215,14,1,0,0,43,0.0224,MEDIO
PN_3765,40.45931644529552,-3.694769583035664,14,1,0,0,147,0.0224,MEDIO
PN_3766,40.45034032949626,-3.7388639808939956,14,1,0,0,4,0.0224,MEDIO
PN_3767,40.41995668671369,-3.65837802089969,14,1,0,0,76,0.0224,MEDIO
PN_3768,40.435252672175025,-3.7159833367051265,14,1,0,0,64,0.0224,MEDIO
PN_3769,40.48094514327564,-3.689162535397646,14,1,0,0,46,0.0224,MEDIO
PN_3770,40.49801991263591,-3.686740127844992,14,1,0,0,15,0.0224,MEDIO
PN_3771,40.46283704304526,-3.628080551472895,14,1,0,0,33,0.0224,MEDIO
PN_3772,40.41636515637581,-3.7058475769366184,14,1,0,0,45,0.0224,MEDIO
PN_3773,40.428017011788135,-3.672277460955883,14,1,0,0,47,0.0224,MEDIO
PN_3774,40.428083576067664,-3.6606188527566865,14,1,0,0,46,0.0224,MEDIO
PN_3775,40.41080254448017,-3.713111032862724,14,1,0,0,62,0.0224,MEDIO
PN_3776,40.48398061389041,-3.6649800777033303,14,1,0,0,40,0.0224,MEDIO
PN_3777,40.47241084797805,-3.675798941201939,14,1,0,0,45,0.0224,MEDIO
PN_3778,40.47729994709223,-3.7140391398217965,14,1,0,0,67,0.0224,MEDIO
PN_3779,40.41292038129081,-3.706075089184727,14,1,0,0,35,0.0224,MEDIO
PN_3780,40.41363897251674,-3.6616107482019484,14,1,0,0,69,0.0224,MEDIO
PN_3781,40.380102938125766,-3.707858740287161,14,1,0,0,17,0.0224,MEDIO
PN_3782,40.401866983307016,-3.664925577607783,14,1,0,0,50,0.0224,MEDIO
PN_3783,40.40321572043236,-3.6730533934920153,14,1,0,0,50,0.0224,MEDIO
PN_3784,40.48684307146012,-3.7227216631973046,14,1,0,0,20,0.0224,MEDIO
PN_3785,40.36801235020856,-3.584711868004003,14,1,0,0,0,0.0224,MEDIO
PN_3786,40.40292693469926,-3.690813206083937,14,1,0,0,63,0.0224,MEDIO
PN_3787,40.41978792018165,-3.615058108767241,14,1,0,0,31,0.0224,MEDIO
PN_3788,40.43100062971413,-3.6653219184953856,14,1,0,0,54,0.0224,MEDIO
PN_3789,40.470774523063824,-3.696914953779646,14,1,0,0,31,0.0224,MEDIO
PN_3790,40.40502696188217,-3.665085464460425,14,1,0,0,67,0.0224,MEDIO
PN_3791,40.410610255287324,-3.6297608191951247,14,1,0,0,31,0.0224,MEDIO
PN_3792,40.386030348694234,-3.745729591680054,14,1,0,0,62,0.0224,MEDIO
PN_3793,40.47391413932123,-3.6733594026690346,14,1,0,0,51,0.0224,MEDIO
PN_3794,40.43977222539307,-3.670885300619774,14,1,0,0,46,0.0224,MEDIO
PN_3795,40.367965894771736,-3.6637762158200173,14,1,0,0,0,0.0224,MEDIO
PN_3796,40.455985808506306,-3.6799247654429332,14,1,0,0,91,0.0224,MEDIO
PN_3797,40.435836081245476,-3.6121817877612754,14,1,0,0,37,0.0224,MEDIO
PN_3798,40.477703071888705,-3.7129487621590656,14,1,0,0,76,0.0224,MEDIO
PN_3799,40.423795366322054,-3.678820821183092,14,1,0,0,68,0.0224,MEDIO
PN_3800,40.43499956652711,-3.7057619678930416,14,1,0,0,42,0.0224,MEDIO
PN_3801,40.46029122653071,-3.707939833184048,14,1,0,0,45,0.0224,MEDIO
PN_3802,40.41201376788057,-3.6580648800243307,14,1,0,0,75,0.0224,MEDIO
PN_3803,40.405118419848414,-3.722243279092081,14,1,0,0,51,0.0224,MEDIO
PN_3804,40.43396632495584,-3.708776131738838,14,1,0,0,61,0.0224,MEDIO
PN_3805,40.3813608338515,-3.6239867197595084,20,0,0,0,41,0.0221,MEDIO
PN_3806,40.434007054696885,-3.661050985427353,20,0,0,0,107,0.0221,MEDIO
PN_3807,40.472409030098426,-3.6999566073795074,20,0,0,0,49,0.0221,MEDIO
PN_3808,40.42907890364301,-3.619023392176021,10,1,0,1,0,0.022,MEDIO
PN_3809,40.39405116356944,-3.657937615623576,10,1,0,1,44,0.022,MEDIO
PN_3810,40.43781460369892,-3.6266165193839406,10,1,0,1,67,0.022,MEDIO
PN_3811,40.40495564673422,-3.6149109573840024,10,1,0,1,32,0.022,MEDIO
PN_3812,40.455037693713955,-3.6579719260051498,10,1,0,1,69,0.022,MEDIO
PN_3813,40.37593941915685,-3.7348098334543707,10,1,0,1,52,0.022,MEDIO
PN_3814,40.4338290659996,-3.6588521833129244,10,1,0,1,105,0.022,MEDIO
PN_3815,40.46595135834427,-3.717884267973136,10,1,0,1,21,0.022,MEDIO
PN_3816,40.39872938627083,-3.6837484906751827,10,1,0,1,28,0.022,MEDIO
PN_3817,40.42525709111568,-3.7317814454930542,10,1,0,1,20,0.022,MEDIO
PN_3818,40.453994880927006,-3.6789293765284583,10,1,0,1,77,0.022,MEDIO
PN_3819,40.41404163816146,-3.695904465233551,10,1,0,1,45,0.022,MEDIO
PN_3820,40.35896767757002,-3.5627086035424305,10,1,0,1,0,0.022,MEDIO
PN_3821,40.44799550526873,-3.724824041450012,10,1,0,1,24,0.022,MEDIO
PN_3822,40.346934863117596,-3.7028714251907537,10,1,0,1,35,0.022,MEDIO
PN_3823,40.43206277897538,-3.6649219389493055,10,1,0,1,76,0.022,MEDIO
PN_3824,40.44413594253292,-3.6720581673356834,10,1,0,1,60,0.022,MEDIO
PN_3825,40.3950628422515,-3.63996630693667,10,1,0,1,43,0.022,MEDIO
PN_3826,40.4650855591712,-3.570282430339451,10,1,0,1,0,0.022,MEDIO
PN_3827,40.39608573973821,-3.6701178551919833,10,1,0,1,51,0.022,MEDIO
PN_3828,40.37888580059411,-3.7309072092842093,10,1,0,1,38,0.022,MEDIO
PN_3829,40.39617413984667,-3.622886193308054,10,1,0,1,13,0.022,MEDIO
PN_3830,40.431157131589266,-3.6441187145215657,10,1,0,1,104,0.022,MEDIO
PN_3831,40.43397089670037,-3.614787304340839,10,1,0,1,33,0.022,MEDIO
PN_3832,40.37896861867242,-3.6248752724799793,10,1,0,1,26,0.022,MEDIO
PN_3833,40.37884458779013,-3.651272763686145,10,1,0,1,13,0.022,MEDIO
PN_3834,40.43125104462492,-3.7198305786283887,10,1,0,1,76,0.022,MEDIO
PN_3835,40.46099471827968,-3.6629684879807582,10,1,0,1,69,0.022,MEDIO
PN_3836,40.40583885398733,-3.6397595901794206,10,1,0,1,30,0.022,MEDIO
PN_3837,40.460829990876185,-3.685342537049197,10,1,0,1,74,0.022,MEDIO
PN_3838,40.366101613769075,-3.6547059180297787,10,1,0,1,0,0.022,MEDIO
PN_3839,40.38289092051669,-3.6838310085863584,10,1,0,1,34,0.022,MEDIO
PN_3840,40.38780596364141,-3.7523571328650993,10,1,0,1,16,0.022,MEDIO
PN_3841,40.43625365915027,-3.7153458207954273,10,1,0,1,64,0.022,MEDIO
PN_3842,40.35080932062811,-3.6921783077018375,10,1,0,1,23,0.022,MEDIO
PN_3843,40.39784970905366,-3.7130479134147008,10,1,0,1,113,0.022,MEDIO
PN_3844,40.44609863368462,-3.668081373580134,10,1,0,1,59,0.022,MEDIO
PN_3845,40.433854721484636,-3.603149537307484,10,1,0,1,59,0.022,MEDIO
PN_3846,40.426149423355284,-3.7179171252575536,10,1,0,1,61,0.022,MEDIO
PN_3847,40.383209054395465,-3.699923690654155,10,1,0,1,51,0.022,MEDIO
PN_3848,40.40083537662935,-3.6210566421693913,10,1,0,1,11,0.022,MEDIO
PN_3849,40.44612150497269,-3.666772677894145,10,1,0,1,67,0.022,MEDIO
PN_3850,40.44972824383349,-3.5931272513156927,10,1,0,1,6,0.022,MEDIO
PN_3851,40.44095485639983,-3.6421027741489325,10,1,0,1,47,0.022,MEDIO
PN_3852,40.434933751414306,-3.7019864381064775,16,0,0,1,38,0.0218,MEDIO
PN_3853,40.386950538590156,-3.7069569560078044,16,0,0,1,7,0.0218,MEDIO
PN_3854,40.45704973713813,-3.5809357080019697,16,0,0,1,0,0.0218,MEDIO
PN_3855,40.46001018419126,-3.6893744188631037,16,0,0,1,105,0.0218,MEDIO
PN_3856,40.4710564836593,-3.686222699811446,16,0,0,1,51,0.0218,MEDIO
PN_3857,40.434767270905304,-3.6481495732032325,16,0,0,1,75,0.0218,MEDIO
PN_3858,40.429175851882604,-3.66229002052854,16,0,0,1,62,0.0218,MEDIO
PN_3859,40.42725156270837,-3.677019673769581,16,0,0,1,50,0.0218,MEDIO
PN_3860,40.44501899935612,-3.6710395923910593,16,0,0,1,62,0.0218,MEDIO
PN_3861,40.38195637838128,-3.747911774922852,16,0,0,1,28,0.0218,MEDIO
PN_3862,40.37296381252624,-3.765267056375916,16,0,0,1,26,0.0218,MEDIO
PN_3863,40.33617901518176,-3.693004902709784,16,0,0,1,0,0.0218,MEDIO
PN_3864,40.3819449093132,-3.647833731525837,16,0,0,1,14,0.0218,MEDIO
PN_3865,40.410253971419465,-3.717775583447541,16,0,0,1,62,0.0218,MEDIO
PN_3866,40.39318418911969,-3.727036771407082,6,1,0,2,24,0.0217,BAJO
PN_3867,40.34167905540104,-3.7010186079862386,6,1,0,2,4,0.0217,BAJO
PN_3868,40.402284438418604,-3.7008396816653213,6,1,0,2,82,0.0217,BAJO
PN_3869,40.39976953919949,-3.7370415075747743,6,1,0,2,12,0.0217,BAJO
PN_3870,40.51088698931573,-3.6849347694890233,6,1,0,2,8,0.0217,BAJO
PN_3871,40.46609001482927,-3.5741138886341486,6,1,0,2,0,0.0217,BAJO
PN_3872,40.45684672614882,-3.6572811495578215,6,1,0,2,57,0.0217,BAJO
PN_3873,40.41993276649383,-3.6210660256775373,6,1,0,2,49,0.0217,BAJO
PN_3874,40.36573039630618,-3.612166536029838,6,1,0,2,16,0.0217,BAJO
PN_3875,40.35281727882245,-3.698800362054507,6,1,0,2,27,0.0217,BAJO
PN_3876,40.40287924654607,-3.6890632750775207,6,1,0,2,42,0.0217,BAJO
PN_3877,40.432041572458466,-3.639131092483178,6,1,0,2,75,0.0217,BAJO
PN_3878,40.38209709684167,-3.705078701065116,12,0,0,2,23,0.0214,MEDIO
PN_3879,40.40920791389658,-3.6118295970050887,12,0,0,2,43,0.0214,MEDIO
PN_3880,40.43820791008245,-3.636062973695111,12,0,0,2,63,0.0214,MEDIO
PN_3881,40.48074843665837,-3.712980277530441,12,0,0,2,83,0.0214,MEDIO
PN_3882,40.479085141743056,-3.691797331355136,12,0,0,2,30,0.0214,MEDIO
PN_3883,40.388819937847416,-3.6691014984052504,12,0,0,2,29,0.0214,MEDIO
PN_3884,40.42764271819789,-3.703794631429583,12,0,0,2,45,0.0214,MEDIO
PN_3885,40.440736344359486,-3.6960202892696787,12,0,0,2,42,0.0214,MEDIO
PN_3886,40.419925008063174,-3.619012955139397,12,0,0,2,34,0.0214,MEDIO
PN_3887,40.4306597474954,-3.5970877528851406,12,0,0,2,33,0.0214,MEDIO
PN_3888,40.39093203630893,-3.7438977689101045,12,0,0,2,47,0.0214,MEDIO
PN_3889,40.47120646639279,-3.5816040135809053,12,0,0,2,15,0.0214,MEDIO
PN_3890,40.357140005402634,-3.681209570820421,12,0,0,2,12,0.0214,MEDIO
PN_3891,40.39887697487564,-3.7658592010809735,7,2,0,0,36,0.0211,BAJO
PN_3892,40.45986733785953,-3.712414760794753,7,2,0,0,49,0.0211,BAJO
PN_3893,40.397966063896355,-3.7677561465735963,7,2,0,0,45,0.0211,BAJO
PN_3894,40.36535253442584,-3.772110620291096,7,2,0,0,9,0.0211,BAJO
PN_3895,40.473586008121664,-3.58198982779682,7,2,0,0,19,0.0211,BAJO
PN_3896,40.419774082254754,-3.7108415243874227,7,2,0,0,65,0.0211,BAJO
PN_3897,40.43763615589793,-3.711090255774143,7,2,0,0,44,0.0211,BAJO
PN_3898,40.40882610722182,-3.5524153956880378,7,2,0,0,8,0.0211,BAJO
PN_3899,40.43068378473735,-3.630812032409934,7,2,0,0,79,0.0211,BAJO
PN_3900,40.38296851097136,-3.615158998614453,7,2,0,0,10,0.0211,BAJO
PN_3901,40.424276463933936,-3.6700374936341205,7,2,0,0,39,0.0211,BAJO
PN_3902,40.374996188276164,-3.7751790638022693,7,2,0,0,25,0.0211,BAJO
PN_3903,40.476020997544545,-3.6530528046734654,7,2,0,0,25,0.0211,BAJO
PN_3904,40.41116346255815,-3.702084849881266,7,2,0,0,26,0.0211,BAJO
PN_3905,40.44772913163355,-3.624839327892296,7,2,0,0,27,0.0211,BAJO
PN_3906,40.39515642400445,-3.719130428451645,7,2,0,0,55,0.0211,BAJO
PN_3907,40.39088486425517,-3.621911690731784,7,2,0,0,7,0.0211,BAJO
PN_3908,40.37975047888124,-3.676104053801144,7,2,0,0,2,0.0211,BAJO
PN_3909,40.348533691481656,-3.7033223535327005,7,2,0,0,42,0.0211,BAJO
PN_3910,40.38781440937632,-3.7382925932175084,8,0,0,3,73,0.0211,BAJO
PN_3911,40.378277768565376,-3.6230108041547178,7,2,0,0,28,0.0211,BAJO
PN_3912,40.36219786531084,-3.700371923448927,7,2,0,0,17,0.0211,BAJO
PN_3913,40.47078399308071,-3.650123742449259,7,2,0,0,31,0.0211,BAJO
PN_3914,40.44519909878299,-3.7068069425659464,7,2,0,0,42,0.0211,BAJO
PN_3915,40.463041256894876,-3.7088255303189954,7,2,0,0,35,0.0211,BAJO
PN_3916,40.378778018093854,-3.6751333933436827,7,2,0,0,4,0.0211,BAJO
PN_3917,40.435801258278666,-3.738739329659556,7,2,0,0,27,0.0211,BAJO
PN_3918,40.506144377964624,-3.6960382904630564,7,2,0,0,67,0.0211,BAJO
PN_3919,40.42124850969652,-3.657871111788497,7,2,0,0,78,0.0211,BAJO
PN_3920,40.4954011871965,-3.619987883076643,7,2,0,0,17,0.0211,BAJO
PN_3921,40.40067733099596,-3.6350132159917843,7,2,0,0,25,0.0211,BAJO
PN_3922,40.3497029435202,-3.6936266259883026,7,2,0,0,27,0.0211,BAJO
PN_3923,40.42790834495488,-3.6299878208268614,7,2,0,0,71,0.0211,BAJO
PN_3924,40.39319453365954,-3.5799101163856597,7,2,0,0,0,0.0211,BAJO
PN_3925,40.43596490727425,-3.6579606292044105,7,2,0,0,90,0.0211,BAJO
PN_3926,40.43713378174412,-3.648115135083898,7,2,0,0,67,0.0211,BAJO
PN_3927,40.393021460812285,-3.727944823396598,7,2,0,0,21,0.0211,BAJO
PN_3928,40.393033118797184,-3.764259963496559,8,0,0,3,38,0.0211,BAJO
PN_3929,40.474952688514676,-3.7505676431379915,7,2,0,0,11,0.0211,BAJO
PN_3930,40.40615922870891,-3.6061423148270157,7,2,0,0,31,0.0211,BAJO
PN_3931,40.42984369959763,-3.6017789862076364,7,2,0,0,51,0.0211,BAJO
PN_3932,40.401816336448384,-3.6568990830567976,7,2,0,0,31,0.0211,BAJO
PN_3933,40.47239666981049,-3.6519391348168564,7,2,0,0,39,0.0211,BAJO
PN_3934,40.41225165114322,-3.7351092070376564,7,2,0,0,52,0.0211,BAJO
PN_3935,40.46590463151802,-3.699987064440159,7,2,0,0,20,0.0211,BAJO
PN_3936,40.461675820573866,-3.619920346507251,7,2,0,0,21,0.0211,BAJO
PN_3937,40.34802622110473,-3.707947172668054,8,0,0,3,31,0.0211,BAJO
PN_3938,40.37586451446405,-3.6427820984876123,7,2,0,0,10,0.0211,BAJO
PN_3939,40.421776419981875,-3.6020859864056463,7,2,0,0,27,0.0211,BAJO
PN_3940,40.37978908369426,-3.62699308399151,7,2,0,0,39,0.0211,BAJO
PN_3941,40.43178395095613,-3.61605666684141,7,2,0,0,26,0.0211,BAJO
PN_3942,40.44313083434735,-3.6449620507061344,7,2,0,0,36,0.0211,BAJO
PN_3943,40.33414544541495,-3.7178785596235038,7,2,0,0,23,0.0211,BAJO
PN_3944,40.40468278951572,-3.6731850134898067,7,2,0,0,56,0.0211,BAJO
PN_3945,40.49287087831091,-3.6137340348727918,7,2,0,0,24,0.0211,BAJO
PN_3946,40.473314931685046,-3.5829160718047057,7,2,0,0,19,0.0211,BAJO
PN_3947,40.46714336409566,-3.6521293057765263,7,2,0,0,31,0.0211,BAJO
PN_3948,40.3809681555879,-3.7302604018829384,7,2,0,0,31,0.0211,BAJO
PN_3949,40.36700135838559,-3.6878777667221145,7,2,0,0,26,0.0211,BAJO
PN_3950,40.35016084699852,-3.688286986627225,7,2,0,0,13,0.0211,BAJO
PN_3951,40.415054024766036,-3.7159459855592627,7,2,0,0,39,0.0211,BAJO
PN_3952,40.368723398466535,-3.7011630115447702,7,2,0,0,35,0.0211,BAJO
PN_3953,40.48311741437232,-3.729657172709788,7,2,0,0,8,0.0211,BAJO
PN_3954,40.42402821979794,-3.7063360520203044,7,2,0,0,57,0.0211,BAJO
PN_3955,40.47696304071628,-3.7220721793533267,7,2,0,0,34,0.0211,BAJO
PN_3956,40.380868015021214,-3.7891879413825627,7,2,0,0,10,0.0211,BAJO
PN_3957,40.37372433888412,-3.7490528581548284,7,2,0,0,43,0.0211,BAJO
PN_3958,40.43307493564118,-3.7133379769972192,13,1,0,0,93,0.0209,MEDIO
PN_3959,40.3737153858682,-3.6509954008570626,13,1,0,0,10,0.0209,MEDIO
PN_3960,40.44564089714791,-3.651386780113811,13,1,0,0,53,0.0209,MEDIO
PN_3961,40.394929078023736,-3.7682099378863425,13,1,0,0,60,0.0209,MEDIO
PN_3962,40.46784239761031,-3.648946247132633,13,1,0,0,25,0.0209,MEDIO
PN_3963,40.35393706282462,-3.6831611441462213,13,1,0,0,16,0.0209,MEDIO
PN_3964,40.3929338690691,-3.6549273784594427,13,1,0,0,36,0.0209,MEDIO
PN_3965,40.4200755921958,-3.6730006020036328,13,1,0,0,71,0.0209,MEDIO
PN_3966,40.44293643576735,-3.6959263513104457,13,1,0,0,69,0.0209,MEDIO
PN_3967,40.504899847614865,-3.66801097389005,13,1,0,0,39,0.0209,MEDIO
PN_3968,40.444139854883666,-3.6161194408030872,13,1,0,0,40,0.0209,MEDIO
PN_3969,40.45002451420491,-3.651195062668984,13,1,0,0,51,0.0209,MEDIO
PN_3970,40.44298758369834,-3.691212983105878,13,1,0,0,56,0.0209,MEDIO
PN_3971,40.46692353106865,-3.6911371083216613,13,1,0,0,62,0.0209,MEDIO
PN_3972,40.39467671633611,-3.709216384113911,13,1,0,0,88,0.0209,MEDIO
PN_3973,40.45862350448111,-3.672930584167147,13,1,0,0,95,0.0209,MEDIO
PN_3974,40.44609806911475,-3.7398653974046043,13,1,0,0,8,0.0209,MEDIO
PN_3975,40.44181817008535,-3.7300452790654486,13,1,0,0,15,0.0209,MEDIO
PN_3976,40.46445702858194,-3.5727730086836598,13,1,0,0,0,0.0209,MEDIO
PN_3977,40.463870187270786,-3.7050205089464425,13,1,0,0,34,0.0209,MEDIO
PN_3978,40.42491822591497,-3.7311003048205658,13,1,0,0,22,0.0209,MEDIO
PN_3979,40.44327696828612,-3.6738913687359047,13,1,0,0,51,0.0209,MEDIO
PN_3980,40.439003627997586,-3.663036481317569,13,1,0,0,69,0.0209,MEDIO
PN_3981,40.40494248614856,-3.7207137666180494,13,1,0,0,64,0.0209,MEDIO
PN_3982,40.36916767770751,-3.766270148855491,13,1,0,0,18,0.0209,MEDIO
PN_3983,40.3601405647771,-3.592088814255476,13,1,0,0,0,0.0209,MEDIO
PN_3984,40.36017143687017,-3.6820961880774297,13,1,0,0,24,0.0209,MEDIO
PN_3985,40.39594878659856,-3.7436778090799527,13,1,0,0,32,0.0209,MEDIO
PN_3986,40.406710033222986,-3.662367731008397,13,1,0,0,75,0.0209,MEDIO
PN_3987,40.40702587258806,-3.7038042031170875,13,1,0,0,40,0.0209,MEDIO
PN_3988,40.42980620521628,-3.6100286815205886,13,1,0,0,35,0.0209,MEDIO
PN_3989,40.38504112300818,-3.7028657165832604,13,1,0,0,34,0.0209,MEDIO
PN_3990,40.44030673317347,-3.6290111201160205,13,1,0,0,36,0.0209,MEDIO
PN_3991,40.47098810834276,-3.692039010860906,13,1,0,0,29,0.0209,MEDIO
PN_3992,40.44102925846766,-3.6828012153581318,13,1,0,0,59,0.0209,MEDIO
PN_3993,40.458681737305895,-3.676014918800221,13,1,0,0,116,0.0209,MEDIO
PN_3994,40.45419063646183,-3.6550318871207415,13,1,0,0,60,0.0209,MEDIO
PN_3995,40.48994569079028,-3.5936579406581997,19,0,0,0,0,0.0207,MEDIO
PN_3996,40.456963849000026,-3.663821235635405,19,0,0,0,67,0.0207,MEDIO
PN_3997,40.43305095814697,-3.7048546996148506,19,0,0,0,59,0.0207,MEDIO
PN_3998,40.39909590345727,-3.7031366206193335,19,0,0,0,65,0.0207,MEDIO
PN_3999,40.45518982127453,-3.655966559545783,19,0,0,0,60,0.0207,MEDIO
PN_4000,40.40714687191098,-3.7218051594619497,19,0,0,0,66,0.0207,MEDIO
PN_4001,40.463944237907086,-3.570805674576128,19,0,0,0,0,0.0207,MEDIO
PN_4002,40.44473218584711,-3.582888688331923,19,0,0,0,23,0.0207,MEDIO
PN_4003,40.44321975750969,-3.612791651442921,9,1,0,1,42,0.0206,BAJO
PN_4004,40.34222567784035,-3.686066081929004,9,1,0,1,0,0.0206,BAJO
PN_4005,40.432848630243406,-3.6399004849078573,9,1,0,1,102,0.0206,BAJO
PN_4006,40.42293585792069,-3.66383583900711,9,1,0,1,42,0.0206,BAJO
PN_4007,40.43274628227688,-3.611083983683251,9,1,0,1,42,0.0206,BAJO
PN_4008,40.4402876772405,-3.709272424433024,9,1,0,1,37,0.0206,BAJO
PN_4009,40.38403368636549,-3.7332642502215876,9,1,0,1,36,0.0206,BAJO
PN_4010,40.41002224179692,-3.641787339425208,9,1,0,1,27,0.0206,BAJO
PN_4011,40.44066990835861,-3.61114524531401,9,1,0,1,15,0.0206,BAJO
PN_4012,40.34387051114741,-3.6870508528052373,9,1,0,1,2,0.0206,BAJO
PN_4013,40.48302409136116,-3.70191798745712,9,1,0,1,55,0.0206,BAJO
PN_4014,40.48029625232016,-3.7088281467941004,9,1,0,1,77,0.0206,BAJO
PN_4015,40.378977756550846,-3.698967836164952,9,1,0,1,37,0.0206,BAJO
PN_4016,40.4368233901275,-3.697894903661196,9,1,0,1,28,0.0206,BAJO
PN_4017,40.42464178360317,-3.6702183183270347,9,1,0,1,40,0.0206,BAJO
PN_4018,40.34635490868225,-3.7028986346080064,9,1,0,1,30,0.0206,BAJO
PN_4019,40.47194618816262,-3.6980998006110095,9,1,0,1,38,0.0206,BAJO
PN_4020,40.430205479080975,-3.645033917123633,9,1,0,1,118,0.0206,BAJO
PN_4021,40.44045460012249,-3.628156584001705,9,1,0,1,42,0.0206,BAJO
PN_4022,40.46202678463314,-3.697690432636724,9,1,0,1,90,0.0206,BAJO
PN_4023,40.424042489193496,-3.702868403926322,9,1,0,1,38,0.0206,BAJO
PN_4024,40.38212906964278,-3.623122017078594,9,1,0,1,37,0.0206,BAJO
PN_4025,40.4839533366786,-3.666004518592823,9,1,0,1,29,0.0206,BAJO
PN_4026,40.46964713360559,-3.714281349839578,9,1,0,1,62,0.0206,BAJO
PN_4027,40.41095168215443,-3.731064273932082,9,1,0,1,73,0.0206,BAJO
PN_4028,40.421831307336916,-3.6957464863864207,9,1,0,1,76,0.0206,BAJO
PN_4029,40.3801590564482,-3.661862039508974,9,1,0,1,28,0.0206,BAJO
PN_4030,40.47113896823841,-3.6391667333028304,9,1,0,1,22,0.0206,BAJO
PN_4031,40.38009597333941,-3.7114288318837905,9,1,0,1,15,0.0206,BAJO
PN_4032,40.38660312858356,-3.7211910107024897,9,1,0,1,93,0.0206,BAJO
PN_4033,40.41421655255856,-3.6602600192640335,9,1,0,1,69,0.0206,BAJO
PN_4034,40.387080212565195,-3.6967659242697763,9,1,0,1,56,0.0206,BAJO
PN_4035,40.45486048094816,-3.6928909919169346,9,1,0,1,101,0.0206,BAJO
PN_4036,40.45500338272336,-3.7439837881342766,9,1,0,1,15,0.0206,BAJO
PN_4037,40.39608877675928,-3.6442028495101684,9,1,0,1,36,0.0206,BAJO
PN_4038,40.45472939517117,-3.6778580478108904,9,1,0,1,85,0.0206,BAJO
PN_4039,40.43188927212863,-3.685713697304711,9,1,0,1,49,0.0206,BAJO
PN_4040,40.386889440783634,-3.743784890112826,9,1,0,1,69,0.0206,BAJO
PN_4041,40.37713564632202,-3.7328033369494134,9,1,0,1,39,0.0206,BAJO
PN_4042,40.3701056354758,-3.693005074220343,9,1,0,1,67,0.0206,BAJO
PN_4043,40.465717727766304,-3.69415458248034,9,1,0,1,65,0.0206,BAJO
PN_4044,40.41895558860506,-3.6110521764524597,9,1,0,1,36,0.0206,BAJO
PN_4045,40.41855859866339,-3.622793979068936,9,1,0,1,54,0.0206,BAJO
PN_4046,40.463901225766556,-3.616034525494941,9,1,0,1,12,0.0206,BAJO
PN_4047,40.418839510349976,-3.660030174484912,9,1,0,1,62,0.0206,BAJO
PN_4048,40.40015542333485,-3.7149617481594137,9,1,0,1,108,0.0206,BAJO
PN_4049,40.477855154679155,-3.674654851691311,9,1,0,1,44,0.0206,BAJO
PN_4050,40.39205990073439,-3.751640567205328,9,1,0,1,17,0.0206,BAJO
PN_4051,40.444160195840624,-3.665217223395759,9,1,0,1,70,0.0206,BAJO
PN_4052,40.427954792068476,-3.661933461766924,9,1,0,1,44,0.0206,BAJO
PN_4053,40.475191718726215,-3.699870220309774,9,1,0,1,56,0.0206,BAJO
PN_4054,40.448307688920174,-3.614896307712783,9,1,0,1,44,0.0206,BAJO
PN_4055,40.385042497722495,-3.74410885151735,9,1,0,1,69,0.0206,BAJO
PN_4056,40.37173801372707,-3.7646805960399488,9,1,0,1,24,0.0206,BAJO
PN_4057,40.385835623784,-3.66398723249065,9,1,0,1,22,0.0206,BAJO
PN_4058,40.42517853705266,-3.6370719116016637,9,1,0,1,23,0.0206,BAJO
PN_4059,40.425938904683505,-3.714865319269455,9,1,0,1,75,0.0206,BAJO
PN_4060,40.44934855765202,-3.57686912551707,9,1,0,1,0,0.0206,BAJO
PN_4061,40.394340447092766,-3.722069564655524,9,1,0,1,25,0.0206,BAJO
PN_4062,40.43706632761535,-3.7041848990760107,15,0,0,1,36,0.0203,MEDIO
PN_4063,40.39188777293351,-3.6617804796993125,15,0,0,1,61,0.0203,MEDIO
PN_4064,40.44390433487228,-3.7320972289473158,15,0,0,1,6,0.0203,MEDIO
PN_4065,40.43011207245345,-3.6621927572353585,15,0,0,1,67,0.0203,MEDIO
PN_4066,40.429844114566095,-3.692950647765621,15,0,0,1,36,0.0203,MEDIO
PN_4067,40.36679200377065,-3.7123267222061194,15,0,0,1,12,0.0203,MEDIO
PN_4068,40.406106148822936,-3.7419806140984258,15,0,0,1,29,0.0203,MEDIO
PN_4069,40.40323302791136,-3.6816622225106785,15,0,0,1,25,0.0203,MEDIO
PN_4070,40.4161623905115,-3.708214896171785,15,0,0,1,35,0.0203,MEDIO
PN_4071,40.470759674587285,-3.818047709275043,5,1,0,2,6,0.0202,BAJO
PN_4072,40.48729679842891,-3.6608532148909014,5,1,0,2,40,0.0202,BAJO
PN_4073,40.39108202793582,-3.7611114307703617,5,1,0,2,39,0.0202,BAJO
PN_4074,40.42284669489439,-3.725999236492933,5,1,0,2,38,0.0202,BAJO
PN_4075,40.38230807135167,-3.717284195004956,5,1,0,2,58,0.0202,BAJO
PN_4076,40.425063744853745,-3.6559173849718967,5,1,0,2,58,0.0202,BAJO
PN_4077,40.440137246409556,-3.667010682505606,5,1,0,2,66,0.0202,BAJO
PN_4078,40.380003373862976,-3.6679769837326233,5,1,0,2,37,0.0202,BAJO
PN_4079,40.396668882975675,-3.7543234536391688,5,1,0,2,21,0.0202,BAJO
PN_4080,40.47376458199277,-3.6631884441332767,5,1,0,2,52,0.0202,BAJO
PN_4081,40.493816555684454,-3.7081590612005337,5,1,0,2,0,0.0202,BAJO
PN_4082,40.37093273203298,-3.7491834886563664,5,1,0,2,21,0.0202,BAJO
PN_4083,40.365760364597875,-3.714046451664148,5,1,0,2,12,0.0202,BAJO
PN_4084,40.3921023742861,-3.73115259825011,5,1,0,2,40,0.0202,BAJO
PN_4085,40.3879003910264,-3.744855787108601,11,0,0,2,54,0.02,MEDIO
PN_4086,40.439044577936606,-3.651870272281353,11,0,0,2,40,0.02,MEDIO
PN_4087,40.38811979277787,-3.703950188453065,11,0,0,2,28,0.02,MEDIO
PN_4088,40.404180771939885,-3.6099185079858915,11,0,0,2,33,0.02,MEDIO
PN_4089,40.386955729496954,-3.745290944378281,11,0,0,2,57,0.02,MEDIO
PN_4090,40.392061139829146,-3.7072593069676696,11,0,0,2,62,0.02,MEDIO
PN_4091,40.38177733037765,-3.776748670826805,11,0,0,2,2,0.02,MEDIO
PN_4092,40.39809240114564,-3.6662894032285194,11,0,0,2,59,0.02,MEDIO
PN_4093,40.40003091871808,-3.648876678245632,11,0,0,2,16,0.02,MEDIO
PN_4094,40.387034629651026,-3.7239764668517,11,0,0,2,86,0.02,MEDIO
PN_4095,40.37507164513141,-3.7549306869492516,11,0,0,2,28,0.02,MEDIO
PN_4096,40.39192110001415,-3.6598755875266846,11,0,0,2,50,0.02,MEDIO
PN_4097,40.389368603508096,-3.7337528123011854,11,0,0,2,61,0.02,MEDIO
PN_4098,40.39528275226772,-3.743990192327308,11,0,0,2,32,0.02,MEDIO
PN_4099,40.394830924495764,-3.7387117386297875,11,0,0,2,24,0.02,MEDIO
PN_4100,40.46809515956751,-3.6901318635707123,11,0,0,2,54,0.02,MEDIO
PN_4101,40.4208743864816,-3.722126253808915,11,0,0,2,65,0.02,MEDIO
PN_4102,40.373666794412095,-3.7209581230764073,11,0,0,2,29,0.02,MEDIO
PN_4103,40.441182962340505,-3.625791535051149,11,0,0,2,54,0.02,MEDIO
PN_4104,40.46577745510446,-3.718877423081256,11,0,0,2,17,0.02,MEDIO
PN_4105,40.481968675313816,-3.7129351791763505,6,2,0,0,77,0.0197,BAJO
PN_4106,40.4480810497686,-3.714945269359651,6,2,0,0,38,0.0197,BAJO
PN_4107,40.40900284724736,-3.643114669000447,6,2,0,0,34,0.0197,BAJO
PN_4108,40.429862624339584,-3.615661595068372,6,2,0,0,14,0.0197,BAJO
PN_4109,40.40812202703871,-3.6068993223321626,6,2,0,0,28,0.0197,BAJO
PN_4110,40.501219287423076,-3.707063024620878,6,2,0,0,61,0.0197,BAJO
PN_4111,40.48283807409299,-3.5889654217989437,6,2,0,0,0,0.0197,BAJO
PN_4112,40.39488282415392,-3.6373813402400152,6,2,0,0,37,0.0197,BAJO
PN_4113,40.395021985725634,-3.657842195363339,6,2,0,0,43,0.0197,BAJO
PN_4114,40.44441338258793,-3.593621775822811,6,2,0,0,6,0.0197,BAJO
PN_4115,40.4671940670658,-3.66506500295598,6,2,0,0,50,0.0197,BAJO
PN_4116,40.411256237106954,-3.668073367682903,6,2,0,0,55,0.0197,BAJO
PN_4117,40.38177041253298,-3.7139060271963538,6,2,0,0,35,0.0197,BAJO
PN_4118,40.452197912523786,-3.741908704381449,6,2,0,0,17,0.0197,BAJO
PN_4119,40.42014588461314,-3.6718370541101115,6,2,0,0,80,0.0197,BAJO
PN_4120,40.50332303069201,-3.673606478692584,6,2,0,0,20,0.0197,BAJO
PN_4121,40.43995089943744,-3.6611314094070004,6,2,0,0,83,0.0197,BAJO
PN_4122,40.36325443721686,-3.7643033675924644,6,2,0,0,24,0.0197,BAJO
PN_4123,40.414046202154566,-3.704719624162509,6,2,0,0,38,0.0197,BAJO
PN_4124,40.396030872455206,-3.6602361806562915,6,2,0,0,45,0.0197,BAJO
PN_4125,40.44786704161289,-3.708244923492941,6,2,0,0,55,0.0197,BAJO
PN_4126,40.41470244352333,-3.6217290578421326,6,2,0,0,31,0.0197,BAJO
PN_4127,40.40194153706708,-3.60694790997575,6,2,0,0,12,0.0197,BAJO
PN_4128,40.44839824390744,-3.6792783219090093,6,2,0,0,40,0.0197,BAJO
PN_4129,40.4558734167193,-3.7069550131050537,6,2,0,0,68,0.0197,BAJO
PN_4130,40.44794616437042,-3.573749167970984,6,2,0,0,0,0.0197,BAJO
PN_4131,40.4549055633888,-3.711992535744571,6,2,0,0,81,0.0197,BAJO
PN_4132,40.40420861154996,-3.737887359625905,6,2,0,0,5,0.0197,BAJO
PN_4133,40.40626997962887,-3.6690670470369464,6,2,0,0,91,0.0197,BAJO
PN_4134,40.38741167937394,-3.731907354766568,6,2,0,0,66,0.0197,BAJO
PN_4135,40.48503702903334,-3.661015112693241,6,2,0,0,36,0.0197,BAJO
PN_4136,40.42313942096414,-3.7219818705573684,6,2,0,0,52,0.0197,BAJO
PN_4137,40.4048858000254,-3.668770505562224,6,2,0,0,100,0.0197,BAJO
PN_4138,40.45319488041345,-3.6867583867416953,6,2,0,0,55,0.0197,BAJO
PN_4139,40.36008679622565,-3.660097383977925,6,2,0,0,0,0.0197,BAJO
PN_4140,40.389359180660314,-3.6558312463601337,6,2,0,0,34,0.0197,BAJO
PN_4141,40.471652038388065,-3.667143890698092,6,2,0,0,72,0.0197,BAJO
PN_4142,40.473058135004486,-3.734861602082635,6,2,0,0,17,0.0197,BAJO
PN_4143,40.44083643366691,-3.661717852515371,6,2,0,0,80,0.0197,BAJO
PN_4144,40.388297423892276,-3.648141037221709,6,2,0,0,40,0.0197,BAJO
PN_4145,40.43334375493229,-3.6180749010203272,6,2,0,0,36,0.0197,BAJO
PN_4146,40.43325210458186,-3.6027295425688237,6,2,0,0,56,0.0197,BAJO
PN_4147,40.43392171506526,-3.7388546242044582,6,2,0,0,25,0.0197,BAJO
PN_4148,40.47975159903699,-3.7150215935505546,6,2,0,0,78,0.0197,BAJO
PN_4149,40.353783760381916,-3.701611061248279,6,2,0,0,25,0.0197,BAJO
PN_4150,40.378637989882286,-3.7779597179082827,6,2,0,0,17,0.0197,BAJO
PN_4151,40.36802042928854,-3.6785884637132846,6,2,0,0,4,0.0197,BAJO
PN_4152,40.369925164405004,-3.644319451226581,6,2,0,0,0,0.0197,BAJO
PN_4153,40.47179406489149,-3.650124776589467,6,2,0,0,27,0.0197,BAJO
PN_4154,40.4422567428476,-3.739057895903778,6,2,0,0,6,0.0197,BAJO
PN_4155,40.430630919246006,-3.7252608325502483,6,2,0,0,22,0.0197,BAJO
PN_4156,40.363631223797015,-3.757700347903205,6,2,0,0,50,0.0197,BAJO
PN_4157,40.46083399233604,-3.641100358567702,6,2,0,0,32,0.0197,BAJO
PN_4158,40.34406903851053,-3.690933152943781,7,0,0,3,4,0.0196,BAJO
PN_4159,40.43321156992403,-3.616236436825974,7,0,0,3,32,0.0196,BAJO
PN_4160,40.38125390180364,-3.615215768986429,7,0,0,3,15,0.0196,BAJO
PN_4161,40.38698913866408,-3.7391196653169096,7,0,0,3,78,0.0196,BAJO
PN_4162,40.427189549004694,-3.645042154625859,7,0,0,3,79,0.0196,BAJO
PN_4163,40.38718928428216,-3.6452679922637947,7,0,0,3,40,0.0196,BAJO
PN_4164,40.39793447833167,-3.6596524041008336,7,0,0,3,21,0.0196,BAJO
PN_4165,40.341965703989395,-3.7090654110469825,7,0,0,3,25,0.0196,BAJO
PN_4166,40.376253878872674,-3.765865506071461,7,0,0,3,25,0.0196,BAJO
PN_4167,40.43800646766375,-3.74214864786255,12,1,0,0,12,0.0194,MEDIO
PN_4168,40.435156092792504,-3.6268555453906246,12,1,0,0,52,0.0194,MEDIO
PN_4169,40.369990199364516,-3.5981097318283695,12,1,0,0,10,0.0194,MEDIO
PN_4170,40.46201686700471,-3.6661147947694768,12,1,0,0,62,0.0194,MEDIO
PN_4171,40.452959261423885,-3.6849673380719,12,1,0,0,49,0.0194,MEDIO
PN_4172,40.34397472108369,-3.692195963128095,12,1,0,0,4,0.0194,MEDIO
PN_4173,40.41826576468606,-3.702815813299497,12,1,0,0,56,0.0194,MEDIO
PN_4174,40.49396354989603,-3.613044249626064,12,1,0,0,22,0.0194,MEDIO
PN_4175,40.45085156502055,-3.691957811114115,12,1,0,0,74,0.0194,MEDIO
PN_4176,40.496857429478766,-3.616195887642918,12,1,0,0,17,0.0194,MEDIO
PN_4177,40.410956361560444,-3.659762281347257,12,1,0,0,68,0.0194,MEDIO
PN_4178,40.40634810859192,-3.730106023191722,12,1,0,0,25,0.0194,MEDIO
PN_4179,40.44879166584983,-3.614897770835743,12,1,0,0,39,0.0194,MEDIO
PN_4180,40.41016289648058,-3.553735959856977,12,1,0,0,6,0.0194,MEDIO
PN_4181,40.418056891055265,-3.6582010748588076,12,1,0,0,65,0.0194,MEDIO
PN_4182,40.4166350241264,-3.6511631761120165,12,1,0,0,28,0.0194,MEDIO
PN_4183,40.447977451397115,-3.653159760054944,12,1,0,0,56,0.0194,MEDIO
PN_4184,40.42791010255095,-3.6308063269360047,12,1,0,0,69,0.0194,MEDIO
PN_4185,40.45203433139687,-3.6653017454640335,12,1,0,0,58,0.0194,MEDIO
PN_4186,40.45195028123892,-3.5811922703429766,12,1,0,0,0,0.0194,MEDIO
PN_4187,40.42389155317823,-3.6778548737841206,12,1,0,0,66,0.0194,MEDIO
PN_4188,40.4123576756205,-3.610060724010204,12,1,0,0,13,0.0194,MEDIO
PN_4189,40.48307485429006,-3.6731936153473406,12,1,0,0,55,0.0194,MEDIO
PN_4190,40.43272792781284,-3.6960457813760037,12,1,0,0,40,0.0194,MEDIO
PN_4191,40.40681863567968,-3.683087088980177,12,1,0,0,26,0.0194,MEDIO
PN_4192,40.41813284733533,-3.6780554091137962,12,1,0,0,49,0.0194,MEDIO
PN_4193,40.39909545918133,-3.768959566612246,12,1,0,0,39,0.0194,MEDIO
PN_4194,40.460089912877656,-3.615001757235927,12,1,0,0,26,0.0194,MEDIO
PN_4195,40.37088570693291,-3.6591828763359495,12,1,0,0,0,0.0194,MEDIO
PN_4196,40.3723507125264,-3.7608743354115854,12,1,0,0,16,0.0194,MEDIO
PN_4197,40.373836346565646,-3.7180373729357328,12,1,0,0,28,0.0194,MEDIO
PN_4198,40.373017630111974,-3.611250863461382,12,1,0,0,15,0.0194,MEDIO
PN_4199,40.386173416236986,-3.7419623173108345,12,1,0,0,69,0.0194,MEDIO
PN_4200,40.452110492259074,-3.708087026281165,12,1,0,0,74,0.0194,MEDIO
PN_4201,40.37963525535234,-3.7117139162558908,12,1,0,0,17,0.0194,MEDIO
PN_4202,40.42635365729875,-3.7142033273362443,12,1,0,0,82,0.0194,MEDIO
PN_4203,40.479221046879644,-3.666236638389575,12,1,0,0,45,0.0194,MEDIO
PN_4204,40.39291010843601,-3.740180466985638,12,1,0,0,44,0.0194,MEDIO
PN_4205,40.43492240817539,-3.738276072216195,12,1,0,0,29,0.0194,MEDIO
PN_4206,40.39812343235797,-3.694296835023772,12,1,0,0,65,0.0194,MEDIO
PN_4207,40.40720135480977,-3.6158901297875166,12,1,0,0,31,0.0194,MEDIO
PN_4208,40.496629383778526,-3.7040891908877476,12,1,0,0,20,0.0194,MEDIO
PN_4209,40.38406094864289,-3.6720674648100875,12,1,0,0,30,0.0194,MEDIO
PN_4210,40.376180185531986,-3.683729781916284,12,1,0,0,6,0.0194,MEDIO
PN_4211,40.394062505929476,-3.586250948889202,12,1,0,0,0,0.0194,MEDIO
PN_4212,40.460885385045785,-3.6891828566728915,12,1,0,0,96,0.0194,MEDIO
PN_4213,40.41016693551159,-3.7019006521675766,12,1,0,0,26,0.0194,MEDIO
PN_4214,40.43914877512926,-3.6738426375573194,18,0,0,0,68,0.0192,MEDIO
PN_4215,40.43309725671983,-3.6751223354125653,18,0,0,0,79,0.0192,MEDIO
PN_4216,40.435099882634105,-3.71018666559179,18,0,0,0,47,0.0192,MEDIO
PN_4217,40.45071954252694,-3.739784141370064,18,0,0,0,4,0.0192,MEDIO
PN_4218,40.36578090162596,-3.738119196034195,18,0,0,0,29,0.0192,MEDIO
PN_4219,40.37922908052642,-3.718957865434842,18,0,0,0,6,0.0192,MEDIO
PN_4220,40.37118626100294,-3.7041028146227433,18,0,0,0,22,0.0192,MEDIO
PN_4221,40.34986960336941,-3.697960384067092,8,1,0,1,24,0.0191,BAJO
PN_4222,40.453029053097914,-3.7050132139394245,8,1,0,1,75,0.0191,BAJO
PN_4223,40.36007665760819,-3.693329779713798,8,1,0,1,35,0.0191,BAJO
PN_4224,40.48701535131994,-3.698895369944597,8,1,0,1,53,0.0191,BAJO
PN_4225,40.39588348705269,-3.6629674924121676,8,1,0,1,50,0.0191,BAJO
PN_4226,40.34820412651497,-3.713449434837385,8,1,0,1,3,0.0191,BAJO
PN_4227,40.462143409667036,-3.6390467313411863,8,1,0,1,49,0.0191,BAJO
PN_4228,40.49787124381233,-3.6898768747105106,8,1,0,1,13,0.0191,BAJO
PN_4229,40.430983407231615,-3.6737678409651005,8,1,0,1,65,0.0191,BAJO
PN_4230,40.37096200151323,-3.7000478591039867,8,1,0,1,53,0.0191,BAJO
PN_4231,40.497655218326905,-3.654213157606727,8,1,0,1,27,0.0191,BAJO
PN_4232,40.418038443073634,-3.649582487393796,8,1,0,1,20,0.0191,BAJO
PN_4233,40.40078394749303,-3.675888311964333,8,1,0,1,28,0.0191,BAJO
PN_4234,40.49006987586414,-3.6890609665520593,8,1,0,1,31,0.0191,BAJO
PN_4235,40.48069671632869,-3.5889358915766745,8,1,0,1,0,0.0191,BAJO
PN_4236,40.46520398390559,-3.6656258071665495,8,1,0,1,53,0.0191,BAJO
PN_4237,40.44693933580747,-3.607128458562168,8,1,0,1,37,0.0191,BAJO
PN_4238,40.400823567237126,-3.6948524077947447,8,1,0,1,83,0.0191,BAJO
PN_4239,40.47081526426068,-3.6711105117302676,8,1,0,1,51,0.0191,BAJO
PN_4240,40.36810806573387,-3.7012123725161143,8,1,0,1,33,0.0191,BAJO
PN_4241,40.434136274718824,-3.6478126568081772,8,1,0,1,73,0.0191,BAJO
PN_4242,40.44821186355728,-3.7001353373903116,8,1,0,1,91,0.0191,BAJO
PN_4243,40.3993561568109,-3.6410583825676235,8,1,0,1,25,0.0191,BAJO
PN_4244,40.4639640532499,-3.693037443687737,8,1,0,1,85,0.0191,BAJO
PN_4245,40.39405863533365,-3.705123918436335,8,1,0,1,82,0.0191,BAJO
PN_4246,40.330798960218104,-3.661834268770396,8,1,0,1,0,0.0191,BAJO
PN_4247,40.4311902451092,-3.66605810457851,8,1,0,1,64,0.0191,BAJO
PN_4248,40.38683169645992,-3.7099954019470487,8,1,0,1,35,0.0191,BAJO
PN_4249,40.3722946041313,-3.7088592432542615,8,1,0,1,27,0.0191,BAJO
PN_4250,40.37390945961222,-3.7422488995470586,8,1,0,1,47,0.0191,BAJO
PN_4251,40.47614795274471,-3.6398460464863764,8,1,0,1,23,0.0191,BAJO
PN_4252,40.48596064240804,-3.690010060356739,8,1,0,1,23,0.0191,BAJO
PN_4253,40.39390006921371,-3.76223868027975,8,1,0,1,40,0.0191,BAJO
PN_4254,40.39385458457787,-3.7239303376489676,8,1,0,1,22,0.0191,BAJO
PN_4255,40.460004886910994,-3.7089606331630494,8,1,0,1,43,0.0191,BAJO
PN_4256,40.500864235897005,-3.6698151801904833,8,1,0,1,26,0.0191,BAJO
PN_4257,40.3712658733724,-3.647102751398025,8,1,0,1,4,0.0191,BAJO
PN_4258,40.403155531935,-3.6630609272433,8,1,0,1,66,0.0191,BAJO
PN_4259,40.369204976738,-3.7600272115631403,8,1,0,1,12,0.0191,BAJO
PN_4260,40.45311966611827,-3.6591204612184622,8,1,0,1,68,0.0191,BAJO
PN_4261,40.365245872600646,-3.748745096807852,8,1,0,1,45,0.0191,BAJO
PN_4262,40.38288408904159,-3.671041124773579,8,1,0,1,31,0.0191,BAJO
PN_4263,40.398121294960205,-3.6580078733098667,8,1,0,1,5,0.0191,BAJO
PN_4264,40.39919357686453,-3.7728228446107743,8,1,0,1,24,0.0191,BAJO
PN_4265,40.47197269441633,-3.695903775179735,8,1,0,1,33,0.0191,BAJO
PN_4266,40.44296901923299,-3.6918401250681896,8,1,0,1,57,0.0191,BAJO
PN_4267,40.424689682668706,-3.6040372577843898,8,1,0,1,48,0.0191,BAJO
PN_4268,40.3892532618756,-3.7132285237427523,8,1,0,1,50,0.0191,BAJO
PN_4269,40.475882699444064,-3.6391430614961995,8,1,0,1,21,0.0191,BAJO
PN_4270,40.421805808169466,-3.6519026225386444,8,1,0,1,34,0.0191,BAJO
PN_4271,40.433599276835324,-3.704580337606836,8,1,0,1,51,0.0191,BAJO
PN_4272,40.4761402495819,-3.70688735999696,8,1,0,1,69,0.0191,BAJO
PN_4273,40.385085515166836,-3.7330244825976964,8,1,0,1,50,0.0191,BAJO
PN_4274,40.47604720165373,-3.675944947767682,8,1,0,1,35,0.0191,BAJO
PN_4275,40.38512518765248,-3.674896754969267,8,1,0,1,14,0.0191,BAJO
PN_4276,40.38499696205266,-3.738093944434419,8,1,0,1,59,0.0191,BAJO
PN_4277,40.425817823079974,-3.707883915498975,8,1,0,1,64,0.0191,BAJO
PN_4278,40.425790068562684,-3.7091052108250637,8,1,0,1,67,0.0191,BAJO
PN_4279,40.42203144776256,-3.6482240291089285,8,1,0,1,4,0.0191,BAJO
PN_4280,40.45184330148821,-3.711254103934497,8,1,0,1,60,0.0191,BAJO
PN_4281,40.43196028004944,-3.6705796549800773,8,1,0,1,73,0.0191,BAJO
PN_4282,40.430737217456524,-3.598149488496861,8,1,0,1,35,0.0191,BAJO
PN_4283,40.467160458879846,-3.793975561538943,8,1,0,1,0,0.0191,BAJO
PN_4284,40.404956662987814,-3.6142536623380335,8,1,0,1,36,0.0191,BAJO
PN_4285,40.43312008958124,-3.7334374184325054,14,0,0,1,37,0.0188,MEDIO
PN_4286,40.38484932837006,-3.7060882001516764,14,0,0,1,18,0.0188,MEDIO
PN_4287,40.40811687716376,-3.7297675044704826,14,0,0,1,20,0.0188,MEDIO
PN_4288,40.3921802919066,-3.7228330308795257,14,0,0,1,22,0.0188,MEDIO
PN_4289,40.38810315341283,-3.665798396555231,14,0,0,1,20,0.0188,MEDIO
PN_4290,40.45187876438034,-3.660767585427685,14,0,0,1,55,0.0188,MEDIO
PN_4291,40.36293994855597,-3.699821009324743,14,0,0,1,15,0.0188,MEDIO
PN_4292,40.366415853162664,-3.712208065083697,14,0,0,1,12,0.0188,MEDIO
PN_4293,40.48909781332572,-3.657197320817193,14,0,0,1,39,0.0188,MEDIO
PN_4294,40.38089534966969,-3.687984568169649,14,0,0,1,36,0.0188,MEDIO
PN_4295,40.43721764861875,-3.6080423549366976,14,0,0,1,35,0.0188,MEDIO
PN_4296,40.40609814887204,-3.614035112747407,10,0,0,2,45,0.0185,MEDIO
PN_4297,40.437932364068686,-3.634919432757017,10,0,0,2,64,0.0185,MEDIO
PN_4298,40.46530849606381,-3.691369527622071,10,0,0,2,72,0.0185,MEDIO
PN_4299,40.438938866403284,-3.6541138001092284,10,0,0,2,46,0.0185,MEDIO
PN_4300,40.34382428440517,-3.709906041573158,10,0,0,2,19,0.0185,MEDIO
PN_4301,40.3860344110375,-3.7378282088506865,10,0,0,2,63,0.0185,MEDIO
PN_4302,40.47204472522871,-3.6570443497892304,10,0,0,2,26,0.0185,MEDIO
PN_4303,40.42705444987688,-3.6569210864387798,10,0,0,2,43,0.0185,MEDIO
PN_4304,40.387981505624296,-3.74009292888136,10,0,0,2,75,0.0185,MEDIO
PN_4305,40.423098082617855,-3.72785620261511,10,0,0,2,24,0.0185,MEDIO
PN_4306,40.4379743954864,-3.6508514041344347,10,0,0,2,24,0.0185,MEDIO
PN_4307,40.437874164879766,-3.640244730856658,10,0,0,2,71,0.0185,MEDIO
PN_4308,40.34586930569666,-3.7159078033624957,10,0,0,2,19,0.0185,MEDIO
PN_4309,40.38291997262071,-3.7070140721331,10,0,0,2,22,0.0185,MEDIO
PN_4310,40.39530315101663,-3.667729883969686,10,0,0,2,49,0.0185,MEDIO
PN_4311,40.39792646815702,-3.645219491407669,10,0,0,2,30,0.0185,MEDIO
PN_4312,40.37407613706321,-3.7559467486415086,10,0,0,2,29,0.0185,MEDIO
PN_4313,40.44594758570824,-3.6750077188023944,10,0,0,2,36,0.0185,MEDIO
PN_4314,40.449910201262426,-3.690337854946999,10,0,0,2,53,0.0185,MEDIO
PN_4315,40.384901887499176,-3.616170602775461,5,2,0,0,0,0.0182,BAJO
PN_4316,40.38074387262299,-3.6951929724326016,5,2,0,0,46,0.0182,BAJO
PN_4317,40.38619482047319,-3.762856643097348,5,2,0,0,41,0.0182,BAJO
PN_4318,40.45661418256949,-3.7438600309520895,5,2,0,0,15,0.0182,BAJO
PN_4319,40.39866858104039,-3.626088459670838,5,2,0,0,15,0.0182,BAJO
PN_4320,40.36417373556619,-3.593066872182966,5,2,0,0,4,0.0182,BAJO
PN_4321,40.43019854424419,-3.6569316382160912,5,2,0,0,72,0.0182,BAJO
PN_4322,40.47723556968057,-3.6458778421880864,5,2,0,0,15,0.0182,BAJO
PN_4323,40.342907202978196,-3.6757562574285663,5,2,0,0,0,0.0182,BAJO
PN_4324,40.37187961325668,-3.7548597271042015,5,2,0,0,24,0.0182,BAJO
PN_4325,40.39266334468472,-3.760118276888533,5,2,0,0,35,0.0182,BAJO
PN_4326,40.37405974844979,-3.6263365282898348,5,2,0,0,0,0.0182,BAJO
PN_4327,40.447918621658495,-3.6298589302618582,5,2,0,0,21,0.0182,BAJO
PN_4328,40.36418390001271,-3.7771869633473285,5,2,0,0,9,0.0182,BAJO
PN_4329,40.38007385064468,-3.7899911925522383,5,2,0,0,8,0.0182,BAJO
PN_4330,40.37257486209912,-3.752963961169325,5,2,0,0,35,0.0182,BAJO
PN_4331,40.46400831028736,-3.650105927381908,5,2,0,0,26,0.0182,BAJO
PN_4332,40.440746201222815,-3.715822639365502,5,2,0,0,46,0.0182,BAJO
PN_4333,40.36240808969648,-3.7572414646046512,5,2,0,0,49,0.0182,BAJO
PN_4334,40.38885072244594,-3.6343062835745643,5,2,0,0,18,0.0182,BAJO
PN_4335,40.50506712138566,-3.6659964184318126,5,2,0,0,35,0.0182,BAJO
PN_4336,40.43723232559968,-3.6852573173317014,5,2,0,0,67,0.0182,BAJO
PN_4337,40.46525943200245,-3.6380205699608603,5,2,0,0,55,0.0182,BAJO
PN_4338,40.47955071749264,-3.696777497449232,5,2,0,0,16,0.0182,BAJO
PN_4339,40.423708149421245,-3.7291182177537414,5,2,0,0,25,0.0182,BAJO
PN_4340,40.37026808745545,-3.6058202955924714,5,2,0,0,45,0.0182,BAJO
PN_4341,40.435898701363996,-3.67303844986713,5,2,0,0,68,0.0182,BAJO
PN_4342,40.48432473183314,-3.7113889053168885,5,2,0,0,70,0.0182,BAJO
PN_4343,40.41086899997653,-3.730177077011035,5,2,0,0,70,0.0182,BAJO
PN_4344,40.465135563668376,-3.5847959840582333,5,2,0,0,17,0.0182,BAJO
PN_4345,40.39064895518853,-3.7515675392517287,5,2,0,0,12,0.0182,BAJO
PN_4346,40.34708626806413,-3.7149162772334137,5,2,0,0,7,0.0182,BAJO
PN_4347,40.39085361117945,-3.657977189796083,5,2,0,0,42,0.0182,BAJO
PN_4348,40.43170866079973,-3.633324708974869,5,2,0,0,88,0.0182,BAJO
PN_4349,40.48817007725486,-3.6968430352102977,5,2,0,0,54,0.0182,BAJO
PN_4350,40.419318872937644,-3.676058151799731,5,2,0,0,60,0.0182,BAJO
PN_4351,40.46913845037356,-3.7100537402138705,5,2,0,0,48,0.0182,BAJO
PN_4352,40.40776624639219,-3.677189433822231,5,2,0,0,30,0.0182,BAJO
PN_4353,40.40295476854285,-3.7228299194341252,5,2,0,0,47,0.0182,BAJO
PN_4354,40.467851989548514,-3.6828388682756144,5,2,0,0,53,0.0182,BAJO
PN_4355,40.364201306288365,-3.6933976554831047,5,2,0,0,52,0.0182,BAJO
PN_4356,40.394802401707736,-3.632283581278344,5,2,0,0,0,0.0182,BAJO
PN_4357,40.459187795232936,-3.780913228974162,5,2,0,0,49,0.0182,BAJO
PN_4358,40.40900184953539,-3.7222204773674727,5,2,0,0,48,0.0182,BAJO
PN_4359,40.48492129057395,-3.695074999799681,5,2,0,0,43,0.0182,BAJO
PN_4360,40.505315255076106,-3.668892836357552,5,2,0,0,46,0.0182,BAJO
PN_4361,40.34091430417138,-3.7208828072240965,6,0,0,3,12,0.0181,BAJO
PN_4362,40.471382962751015,-3.682879745746119,6,0,0,3,42,0.0181,BAJO
PN_4363,40.4332139265668,-3.6391893509921114,6,0,0,3,100,0.0181,BAJO
PN_4364,40.41128358089384,-3.6330593267861797,6,0,0,3,29,0.0181,BAJO
PN_4365,40.35274804068075,-3.685023914822912,6,0,0,3,8,0.0181,BAJO
PN_4366,40.46438155625939,-3.7097866113401374,6,0,0,3,40,0.0181,BAJO
PN_4367,40.37667023596949,-3.7311333943041887,6,0,0,3,41,0.0181,BAJO
PN_4368,40.43174079340095,-3.7089116937846627,11,1,0,0,71,0.0179,MEDIO
PN_4369,40.45077746200731,-3.5761904437001846,11,1,0,0,0,0.0179,MEDIO
PN_4370,40.40785281445008,-3.6096816610697204,11,1,0,0,45,0.0179,MEDIO
PN_4371,40.4297061412463,-3.6962855097436704,11,1,0,0,31,0.0179,MEDIO
PN_4372,40.38295711477401,-3.6660063769689852,11,1,0,0,37,0.0179,MEDIO
PN_4373,40.45720037075145,-3.624391889773825,11,1,0,0,47,0.0179,MEDIO
PN_4374,40.40702362160576,-3.7072498428558642,11,1,0,0,40,0.0179,MEDIO
PN_4375,40.39278633551117,-3.770270391889535,11,1,0,0,51,0.0179,MEDIO
PN_4376,40.44723970431988,-3.6809595660208574,11,1,0,0,22,0.0179,MEDIO
PN_4377,40.39368396601223,-3.660099533596927,11,1,0,0,47,0.0179,MEDIO
PN_4378,40.456839987155746,-3.707019288705766,11,1,0,0,61,0.0179,MEDIO
PN_4379,40.47689321825102,-3.674246014687915,11,1,0,0,41,0.0179,MEDIO
PN_4380,40.3800188653114,-3.692028545114574,11,1,0,0,38,0.0179,MEDIO
PN_4381,40.442914597276825,-3.70513357687076,11,1,0,0,28,0.0179,MEDIO
PN_4382,40.445040911823675,-3.586016670668317,11,1,0,0,23,0.0179,MEDIO
PN_4383,40.4067303218278,-3.6922442009603134,11,1,0,0,67,0.0179,MEDIO
PN_4384,40.42691378095639,-3.6113434162008193,11,1,0,0,32,0.0179,MEDIO
PN_4385,40.40815602017458,-3.71581365125298,11,1,0,0,56,0.0179,MEDIO
PN_4386,40.43477463797723,-3.67982413448279,11,1,0,0,72,0.0179,MEDIO
PN_4387,40.38395548335487,-3.7021417910238608,11,1,0,0,32,0.0179,MEDIO
PN_4388,40.454159782457545,-3.7400622668339127,11,1,0,0,15,0.0179,MEDIO
PN_4389,40.383242024232395,-3.6309742306854815,11,1,0,0,41,0.0179,MEDIO
PN_4390,40.39604977965084,-3.6687041382131653,11,1,0,0,49,0.0179,MEDIO
PN_4391,40.38960966601025,-3.686773291013688,11,1,0,0,41,0.0179,MEDIO
PN_4392,40.430008525013754,-3.678068835343727,11,1,0,0,48,0.0179,MEDIO
PN_4393,40.39077314787808,-3.65881788813672,11,1,0,0,44,0.0179,MEDIO
PN_4394,40.410069370699325,-3.6560092140118923,11,1,0,0,59,0.0179,MEDIO
PN_4395,40.44935706869217,-3.6627387575281563,11,1,0,0,72,0.0179,MEDIO
PN_4396,40.45727389336136,-3.657798710792699,11,1,0,0,55,0.0179,MEDIO
PN_4397,40.395127284320814,-3.6739738848767445,11,1,0,0,45,0.0179,MEDIO
PN_4398,40.40888925926413,-3.676183273247055,11,1,0,0,28,0.0179,MEDIO
PN_4399,40.395137963913356,-3.64113098571747,11,1,0,0,45,0.0179,MEDIO
PN_4400,40.479780454497806,-3.717985335271847,11,1,0,0,56,0.0179,MEDIO
PN_4401,40.475087892849025,-3.6480907879467197,11,1,0,0,20,0.0179,MEDIO
PN_4402,40.472781425401195,-3.6790758740098823,11,1,0,0,31,0.0179,MEDIO
PN_4403,40.44509930860855,-3.7328470092141512,11,1,0,0,10,0.0179,MEDIO
PN_4404,40.44807020942776,-3.6629180099833722,11,1,0,0,67,0.0179,MEDIO
PN_4405,40.44773193088017,-3.623931186007148,11,1,0,0,27,0.0179,MEDIO
PN_4406,40.367011449325,-3.5860309566600104,11,1,0,0,0,0.0179,MEDIO
PN_4407,40.39912564687947,-3.661785285418249,11,1,0,0,25,0.0179,MEDIO
PN_4408,40.47002379242866,-3.5811367022500544,11,1,0,0,7,0.0179,MEDIO
PN_4409,40.42792566116791,-3.641203239858844,11,1,0,0,69,0.0179,MEDIO
PN_4410,40.431862000860896,-3.714764891033418,11,1,0,0,91,0.0179,MEDIO
PN_4411,40.42330794281926,-3.677284615106389,11,1,0,0,68,0.0179,MEDIO
PN_4412,40.4346977106216,-3.6702765926680487,11,1,0,0,71,0.0179,MEDIO
PN_4413,40.404153260734795,-3.607053483691772,11,1,0,0,25,0.0179,MEDIO
PN_4414,40.46504792258475,-3.8090549033123384,11,1,0,0,0,0.0179,MEDIO
PN_4415,40.438700847268585,-3.7309756792604785,11,1,0,0,27,0.0179,MEDIO
PN_4416,40.381144329337104,-3.6650653400882836,11,1,0,0,39,0.0179,MEDIO
PN_4417,40.46376405952737,-3.645961744395149,11,1,0,0,19,0.0179,MEDIO
PN_4418,40.400008096290755,-3.750123834228519,11,1,0,0,27,0.0179,MEDIO
PN_4419,40.455848920763955,-3.586895389451546,11,1,0,0,0,0.0179,MEDIO
PN_4420,40.380748729079095,-3.7160868042322126,11,1,0,0,22,0.0179,MEDIO
PN_4421,40.43716834006262,-3.7099751799624383,11,1,0,0,50,0.0179,MEDIO
PN_4422,40.443950933598096,-3.6601213670880277,17,0,0,0,75,0.0177,MEDIO
PN_4423,40.48093843949749,-3.7099568075628566,17,0,0,0,86,0.0177,MEDIO
PN_4424,40.470944360506735,-3.6130020411274177,17,0,0,0,0,0.0177,MEDIO
PN_4425,40.45106193421601,-3.6901138516220557,17,0,0,0,62,0.0177,MEDIO
PN_4426,40.449068560769,-3.649082212695716,17,0,0,0,49,0.0177,MEDIO
PN_4427,40.42520455881578,-3.725924873914177,17,0,0,0,28,0.0177,MEDIO
PN_4428,40.40594465481213,-3.658967242137599,17,0,0,0,36,0.0177,MEDIO
PN_4429,40.35076433146404,-3.6911141869371096,7,1,0,1,23,0.0176,BAJO
PN_4430,40.45717062154511,-3.588033300740203,7,1,0,1,0,0.0176,BAJO
PN_4431,40.485782984392266,-3.7226588820062347,7,1,0,1,14,0.0176,BAJO
PN_4432,40.39983342721655,-3.691058508671433,7,1,0,1,47,0.0176,BAJO
PN_4433,40.466051372454004,-3.6751016041830824,7,1,0,1,53,0.0176,BAJO
PN_4434,40.43471824748367,-3.6223187380921167,7,1,0,1,71,0.0176,BAJO
PN_4435,40.44309614331355,-3.618816405352333,7,1,0,1,36,0.0176,BAJO
PN_4436,40.33773632592807,-3.7153719272686234,7,1,0,1,24,0.0176,BAJO
PN_4437,40.354219492720894,-3.7050553082181814,7,1,0,1,25,0.0176,BAJO
PN_4438,40.45520007582904,-3.6169511502938403,7,1,0,1,27,0.0176,BAJO
PN_4439,40.46534756979637,-3.719032612745873,7,1,0,1,13,0.0176,BAJO
PN_4440,40.398815111822444,-3.699667126748352,7,1,0,1,91,0.0176,BAJO
PN_4441,40.47100439895257,-3.6459330683381603,7,1,0,1,30,0.0176,BAJO
PN_4442,40.35407547532646,-3.6952544642069483,7,1,0,1,36,0.0176,BAJO
PN_4443,40.46695415410322,-3.6932642837346137,7,1,0,1,48,0.0176,BAJO
PN_4444,40.466875370360434,-3.7198375337789527,7,1,0,1,27,0.0176,BAJO
PN_4445,40.439256670366966,-3.6477750570424328,7,1,0,1,21,0.0176,BAJO
PN_4446,40.37405188480967,-3.7768510251829555,7,1,0,1,23,0.0176,BAJO
PN_4447,40.46385059127524,-3.7042238053740277,7,1,0,1,30,0.0176,BAJO
PN_4448,40.40423031267016,-3.7109372464294963,7,1,0,1,64,0.0176,BAJO
PN_4449,40.461995764809636,-3.653882454455355,7,1,0,1,33,0.0176,BAJO
PN_4450,40.43634499027105,-3.7211119444083716,7,1,0,1,37,0.0176,BAJO
PN_4451,40.381966293085554,-3.6997570040720578,7,1,0,1,43,0.0176,BAJO
PN_4452,40.39880874542497,-3.7210243998060446,7,1,0,1,44,0.0176,BAJO
PN_4453,40.39700654830439,-3.771919967578711,7,1,0,1,48,0.0176,BAJO
PN_4454,40.399383315830676,-3.7330114057908257,7,1,0,1,10,0.0176,BAJO
PN_4455,40.43119621390561,-3.678065759876307,7,1,0,1,56,0.0176,BAJO
PN_4456,40.47328944512258,-3.667789261609355,7,1,0,1,64,0.0176,BAJO
PN_4457,40.44998619160409,-3.6580670342064336,7,1,0,1,50,0.0176,BAJO
PN_4458,40.38332305075647,-3.724996110676411,7,1,0,1,74,0.0176,BAJO
PN_4459,40.43379575484254,-3.6222647582805316,7,1,0,1,58,0.0176,BAJO
PN_4460,40.35390969974411,-3.5718601238420633,7,1,0,1,0,0.0176,BAJO
PN_4461,40.46805323497994,-3.647097868322439,7,1,0,1,26,0.0176,BAJO
PN_4462,40.401072029649995,-3.5919118022837933,7,1,0,1,7,0.0176,BAJO
PN_4463,40.434872562091854,-3.735023704128699,7,1,0,1,49,0.0176,BAJO
PN_4464,40.44976600077729,-3.669072564542417,7,1,0,1,55,0.0176,BAJO
PN_4465,40.40782913277843,-3.7257960874576352,7,1,0,1,55,0.0176,BAJO
PN_4466,40.44523394795097,-3.719722836386316,7,1,0,1,25,0.0176,BAJO
PN_4467,40.411645087041556,-3.645269175960181,7,1,0,1,22,0.0176,BAJO
PN_4468,40.470330115163485,-3.7009177392666563,7,1,0,1,19,0.0176,BAJO
PN_4469,40.38499917451853,-3.759025310144138,7,1,0,1,36,0.0176,BAJO
PN_4470,40.37501158667647,-3.765331452422042,7,1,0,1,24,0.0176,BAJO
PN_4471,40.39613504503725,-3.6657487312352037,7,1,0,1,54,0.0176,BAJO
PN_4472,40.46285586434534,-3.6801330454227927,7,1,0,1,62,0.0176,BAJO
PN_4473,40.370368960163724,-3.661944617711765,7,1,0,1,0,0.0176,BAJO
PN_4474,40.38205912290264,-3.6040715905464866,7,1,0,1,6,0.0176,BAJO
PN_4475,40.380651141326425,-3.691813324735786,7,1,0,1,44,0.0176,BAJO
PN_4476,40.39765496955066,-3.758143929415678,7,1,0,1,33,0.0176,BAJO
PN_4477,40.44784999110318,-3.6461645026934835,7,1,0,1,37,0.0176,BAJO
PN_4478,40.3817892035625,-3.701158776168996,7,1,0,1,32,0.0176,BAJO
PN_4479,40.37590038333293,-3.74810427968064,7,1,0,1,44,0.0176,BAJO
PN_4480,40.40297593189443,-3.6509827150741896,7,1,0,1,32,0.0176,BAJO
PN_4481,40.37497554043455,-3.61984866860006,7,1,0,1,4,0.0176,BAJO
PN_4482,40.38312039710738,-3.6190144907126283,7,1,0,1,26,0.0176,BAJO
PN_4483,40.420241309789546,-3.679585809152894,7,1,0,1,66,0.0176,BAJO
PN_4484,40.37696523165545,-3.73010611248188,7,1,0,1,39,0.0176,BAJO
PN_4485,40.3835977598945,-3.686955962899668,7,1,0,1,52,0.0176,BAJO
PN_4486,40.34199792671019,-3.712826678518745,7,1,0,1,25,0.0176,BAJO
PN_4487,40.3429994270297,-3.7071335075357177,7,1,0,1,21,0.0176,BAJO
PN_4488,40.34416916272788,-3.707160860680518,7,1,0,1,24,0.0176,BAJO
PN_4489,40.387132813811775,-3.7251682434007662,7,1,0,1,86,0.0176,BAJO
PN_4490,40.385161261855785,-3.688723916861061,7,1,0,1,63,0.0176,BAJO
PN_4491,40.393951684016905,-3.7421617317089817,7,1,0,1,34,0.0176,BAJO
PN_4492,40.39308416869254,-3.766051104991863,7,1,0,1,50,0.0176,BAJO
PN_4493,40.43564262747608,-3.6752386538631296,7,1,0,1,78,0.0176,BAJO
PN_4494,40.46001707692805,-3.7780207150624716,7,1,0,1,21,0.0176,BAJO
PN_4495,40.4260314800569,-3.7261685448201405,7,1,0,1,29,0.0176,BAJO
PN_4496,40.47679957535271,-3.67611597052745,7,1,0,1,38,0.0176,BAJO
PN_4497,40.37201610393991,-3.695963825756143,7,1,0,1,64,0.0176,BAJO
PN_4498,40.43981750859082,-3.6978360720089922,13,0,0,1,24,0.0174,MEDIO
PN_4499,40.37064758121262,-3.5939294823772943,13,0,0,1,0,0.0174,MEDIO
PN_4500,40.45091621473106,-3.5767284156283172,13,0,0,1,0,0.0174,MEDIO
PN_4501,40.50013439928451,-3.6941858350719547,13,0,0,1,15,0.0174,MEDIO
PN_4502,40.44301541694777,-3.6692891426299408,13,0,0,1,59,0.0174,MEDIO
PN_4503,40.3862715694196,-3.6812682507994414,13,0,0,1,26,0.0174,MEDIO
PN_4504,40.502843115652595,-3.6977852328807117,13,0,0,1,72,0.0174,MEDIO
PN_4505,40.42401131701255,-3.671065751009559,13,0,0,1,45,0.0174,MEDIO
PN_4506,40.37483274323496,-3.6478700430287643,13,0,0,1,8,0.0174,MEDIO
PN_4507,40.43102042289453,-3.6421342399339522,13,0,0,1,84,0.0174,MEDIO
PN_4508,40.454929618829084,-3.6923269183285083,13,0,0,1,95,0.0174,MEDIO
PN_4509,40.396124405090184,-3.657991152087015,13,0,0,1,32,0.0174,MEDIO
PN_4510,40.36616948710597,-3.5869781927399824,13,0,0,1,0,0.0174,MEDIO
PN_4511,40.39098883694134,-3.7156915809453257,13,0,0,1,31,0.0174,MEDIO
PN_4512,40.43816721649694,-3.6468831461294657,13,0,0,1,48,0.0174,MEDIO
PN_4513,40.45592580667679,-3.7038587815281714,13,0,0,1,75,0.0174,MEDIO
PN_4514,40.44587877630487,-3.707706110323656,13,0,0,1,47,0.0174,MEDIO
PN_4515,40.44397109781872,-3.613189013011814,13,0,0,1,40,0.0174,MEDIO
PN_4516,40.395247247449944,-3.651839926884721,13,0,0,1,13,0.0174,MEDIO
PN_4517,40.416964943455575,-3.7087939229247207,13,0,0,1,41,0.0174,MEDIO
PN_4518,40.472096279486905,-3.5817298842339156,13,0,0,1,17,0.0174,MEDIO
PN_4519,40.42909788262187,-3.6199433015744655,13,0,0,1,2,0.0174,MEDIO
PN_4520,40.42887704263868,-3.631044795092591,13,0,0,1,69,0.0174,MEDIO
PN_4521,40.47124125689804,-3.579909470894294,13,0,0,1,14,0.0174,MEDIO
PN_4522,40.414029819214065,-3.7229377210387367,13,0,0,1,91,0.0174,MEDIO
PN_4523,40.4428620915367,-3.712228716635392,13,0,0,1,46,0.0174,MEDIO
PN_4524,40.41281713606569,-3.7076923548751854,13,0,0,1,33,0.0174,MEDIO
PN_4525,40.380860104177415,-3.6957783088109384,13,0,0,1,49,0.0174,MEDIO
PN_4526,40.43598489362445,-3.647072542519063,9,0,0,2,75,0.017,BAJO
PN_4527,40.37295181947783,-3.6689847651968055,9,0,0,2,0,0.017,BAJO
PN_4528,40.40837922550253,-3.64777579840526,9,0,0,2,23,0.017,BAJO
PN_4529,40.42085559196769,-3.651904582934573,9,0,0,2,36,0.017,BAJO
PN_4530,40.378206563703586,-3.7799645883715534,9,0,0,2,17,0.017,BAJO
PN_4531,40.40783982724794,-3.6092623871930503,9,0,0,2,45,0.017,BAJO
PN_4532,40.467524296028955,-3.680898935343603,9,0,0,2,52,0.017,BAJO
PN_4533,40.48315297790122,-3.7211431208923766,9,0,0,2,52,0.017,BAJO
PN_4534,40.37902188562527,-3.7488450670577924,9,0,0,2,26,0.017,BAJO
PN_4535,40.38979740299193,-3.653128847340681,9,0,0,2,28,0.017,BAJO
PN_4536,40.38086268422087,-3.713875501315345,9,0,0,2,22,0.017,BAJO
PN_4537,40.34075584162345,-3.7153690612127352,9,0,0,2,26,0.017,BAJO
PN_4538,40.38717453546765,-3.7041645578402305,9,0,0,2,30,0.017,BAJO
PN_4539,40.377804000497086,-3.7369493387930013,9,0,0,2,41,0.017,BAJO
PN_4540,40.37300559754634,-3.7709667476428237,9,0,0,2,34,0.017,BAJO
PN_4541,40.452701521196325,-3.690348992241812,9,0,0,2,78,0.017,BAJO
PN_4542,40.35785583373082,-3.5639441612764164,9,0,0,2,0,0.017,BAJO
PN_4543,40.400592600049336,-3.7201657936934875,9,0,0,2,66,0.017,BAJO
PN_4544,40.398782011655584,-3.7092778933847756,9,0,0,2,88,0.017,BAJO
PN_4545,40.39929474696337,-3.718322840134923,9,0,0,2,73,0.017,BAJO
PN_4546,40.43704052550015,-3.6430227921241842,9,0,0,2,73,0.017,BAJO
PN_4547,40.3900263446626,-3.7201042827368287,9,0,0,2,37,0.017,BAJO
PN_4548,40.3949977585809,-3.63514034494788,9,0,0,2,17,0.017,BAJO
PN_4549,40.42701970262151,-3.6438809276433286,9,0,0,2,81,0.017,BAJO
PN_4550,40.44930532394032,-3.6058656573210124,9,0,0,2,25,0.017,BAJO
PN_4551,40.397958874246605,-3.7589897762957483,9,0,0,2,37,0.017,BAJO
PN_4552,40.360820220772574,-3.7562108591772065,5,0,0,3,41,0.0167,BAJO
PN_4553,40.40600720769841,-3.753840801682361,5,0,0,3,27,0.0167,BAJO
PN_4554,40.37937052768932,-3.7127152162407193,5,0,0,3,17,0.0167,BAJO
PN_4555,40.38539625623074,-3.7496877367176054,5,0,0,3,23,0.0167,BAJO
PN_4556,40.442012323372595,-3.700915273719835,5,0,0,3,20,0.0167,BAJO
PN_4557,40.45606429185776,-3.663876503273845,10,1,0,0,57,0.0165,MEDIO
PN_4558,40.41761115536217,-3.654221916677682,10,1,0,0,50,0.0165,MEDIO
PN_4559,40.48991118886789,-3.6460359320980884,10,1,0,0,19,0.0165,MEDIO
PN_4560,40.455955848502434,-3.7438256443157103,10,1,0,0,15,0.0165,MEDIO
PN_4561,40.41399625771462,-3.7107690998918903,10,1,0,0,40,0.0165,MEDIO
PN_4562,40.35175977882941,-3.6899176829151137,10,1,0,0,24,0.0165,MEDIO
PN_4563,40.36138553460354,-3.683936354487127,10,1,0,0,21,0.0165,MEDIO
PN_4564,40.436144661508436,-3.7112557760167446,10,1,0,0,52,0.0165,MEDIO
PN_4565,40.39194707415595,-3.761084644684522,10,1,0,0,32,0.0165,MEDIO
PN_4566,40.46095817072701,-3.592211663880817,10,1,0,0,15,0.0165,MEDIO
PN_4567,40.44918123055024,-3.692019100628131,10,1,0,0,77,0.0165,MEDIO
PN_4568,40.400135962099256,-3.6340610251677448,10,1,0,0,23,0.0165,MEDIO
PN_4569,40.41732856529824,-3.622012153793546,10,1,0,0,49,0.0165,MEDIO
PN_4570,40.45696097284353,-3.6998699720983916,10,1,0,0,96,0.0165,MEDIO
PN_4571,40.36936155095674,-3.6770062928989526,10,1,0,0,4,0.0165,MEDIO
PN_4572,40.37193956053669,-3.679992193657719,10,1,0,0,4,0.0165,MEDIO
PN_4573,40.428962184956525,-3.651095788316971,10,1,0,0,81,0.0165,MEDIO
PN_4574,40.43341953807175,-3.633313643674756,10,1,0,0,72,0.0165,MEDIO
PN_4575,40.404122738535726,-3.6061272459657125,10,1,0,0,23,0.0165,MEDIO
PN_4576,40.40699419371778,-3.7477989166779997,10,1,0,0,41,0.0165,MEDIO
PN_4577,40.44702897910963,-3.7349325742083925,10,1,0,0,8,0.0165,MEDIO
PN_4578,40.44661795991044,-3.7120795977025294,10,1,0,0,54,0.0165,MEDIO
PN_4579,40.433113115519305,-3.6710229091707136,10,1,0,0,75,0.0165,MEDIO
PN_4580,40.40180797983633,-3.7050185783407024,10,1,0,0,56,0.0165,MEDIO
PN_4581,40.40332163856305,-3.7079451698581387,10,1,0,0,47,0.0165,MEDIO
PN_4582,40.40820540032551,-3.6350454103575403,10,1,0,0,39,0.0165,MEDIO
PN_4583,40.36227680707087,-3.6908634470291704,10,1,0,0,35,0.0165,MEDIO
PN_4584,40.4328659585608,-3.693965720160372,10,1,0,0,44,0.0165,MEDIO
PN_4585,40.40707735225842,-3.7129567243403847,10,1,0,0,51,0.0165,MEDIO
PN_4586,40.4063974817577,-3.6670098353466374,10,1,0,0,81,0.0165,MEDIO
PN_4587,40.39512629478329,-3.6076644019017174,10,1,0,0,0,0.0165,MEDIO
PN_4588,40.40712156649191,-3.745932362224275,10,1,0,0,29,0.0165,MEDIO
PN_4589,40.397216443971345,-3.619036676107954,10,1,0,0,13,0.0165,MEDIO
PN_4590,40.46876290792356,-3.644860056890719,10,1,0,0,16,0.0165,MEDIO
PN_4591,40.39079222571723,-3.723166443343827,10,1,0,0,33,0.0165,MEDIO
PN_4592,40.41592905752762,-3.674774818347448,10,1,0,0,55,0.0165,MEDIO
PN_4593,40.4738422072454,-3.639990494679611,10,1,0,0,25,0.0165,MEDIO
PN_4594,40.376324468182496,-3.636761537899333,10,1,0,0,10,0.0165,MEDIO
PN_4595,40.435965997724914,-3.654094420952142,10,1,0,0,71,0.0165,MEDIO
PN_4596,40.40293921472583,-3.595848718906031,10,1,0,0,11,0.0165,MEDIO
PN_4597,40.44208885315821,-3.7031481773251946,10,1,0,0,17,0.0165,MEDIO
PN_4598,40.43972591167501,-3.699266730768482,10,1,0,0,21,0.0165,MEDIO
PN_4599,40.3783620926121,-3.779107473086737,10,1,0,0,17,0.0165,MEDIO
PN_4600,40.368838693832515,-3.7608246288944245,10,1,0,0,18,0.0165,MEDIO
PN_4601,40.37680096856204,-3.660073956855084,10,1,0,0,18,0.0165,MEDIO
PN_4602,40.46670315199792,-3.6898503886128253,10,1,0,0,65,0.0165,MEDIO
PN_4603,40.384871420649986,-3.682712953243153,10,1,0,0,36,0.0165,MEDIO
PN_4604,40.4266727509781,-3.696728989171781,10,1,0,0,27,0.0165,MEDIO
PN_4605,40.42405706327848,-3.6958921473892987,10,1,0,0,42,0.0165,MEDIO
PN_4606,40.42406155175085,-3.6949962885739636,10,1,0,0,48,0.0165,MEDIO
PN_4607,40.42615406530451,-3.7338223384787406,10,1,0,0,14,0.0165,MEDIO
PN_4608,40.42611649911012,-3.6810715283531636,10,1,0,0,55,0.0165,MEDIO
PN_4609,40.39315013596297,-3.6388394321087576,10,1,0,0,45,0.0165,MEDIO
PN_4610,40.335860821778155,-3.7016816369697247,10,1,0,0,0,0.0165,MEDIO
PN_4611,40.42295690546836,-3.7142901913010844,16,0,0,0,77,0.0162,MEDIO
PN_4612,40.43671378215318,-3.6929963139613697,16,0,0,0,54,0.0162,MEDIO
PN_4613,40.43605503684288,-3.6232607125157745,16,0,0,0,75,0.0162,MEDIO
PN_4614,40.484147300412175,-3.684282372251664,16,0,0,0,41,0.0162,MEDIO
PN_4615,40.473118228297096,-3.676992035151027,16,0,0,0,35,0.0162,MEDIO
PN_4616,40.43610393828702,-3.710076460966028,16,0,0,0,56,0.0162,MEDIO
PN_4617,40.443733449895575,-3.6770398282721795,16,0,0,0,41,0.0162,MEDIO
PN_4618,40.38422824680682,-3.707946103047246,16,0,0,0,12,0.0162,MEDIO
PN_4619,40.40309201872541,-3.7245971575149137,16,0,0,0,41,0.0162,MEDIO
PN_4620,40.38408807104323,-3.7599286544670383,16,0,0,0,38,0.0162,MEDIO
PN_4621,40.48398724308998,-3.6749236235415443,16,0,0,0,56,0.0162,MEDIO
PN_4622,40.50309843924685,-3.706933263772528,6,1,0,1,65,0.0161,BAJO
PN_4623,40.45980055916532,-3.613224044664308,6,1,0,1,22,0.0161,BAJO
PN_4624,40.50764236969526,-3.6729080794863513,6,1,0,1,28,0.0161,BAJO
PN_4625,40.43673834486413,-3.6701432240503933,6,1,0,1,56,0.0161,BAJO
PN_4626,40.342978525471445,-3.711974127224259,6,1,0,1,27,0.0161,BAJO
PN_4627,40.39536181654255,-3.768755070804063,6,1,0,1,63,0.0161,BAJO
PN_4628,40.370994533984636,-3.599015779033758,6,1,0,1,9,0.0161,BAJO
PN_4629,40.34497718648856,-3.672307372575544,6,1,0,1,2,0.0161,BAJO
PN_4630,40.436072519834696,-3.6109136600457146,6,1,0,1,44,0.0161,BAJO
PN_4631,40.47921064059822,-3.672053877593187,6,1,0,1,55,0.0161,BAJO
PN_4632,40.37093078694264,-3.7387963935999164,6,1,0,1,55,0.0161,BAJO
PN_4633,40.422126015753555,-3.6078738921826154,6,1,0,1,71,0.0161,BAJO
PN_4634,40.44408294061807,-3.5752295961221203,6,1,0,1,0,0.0161,BAJO
PN_4635,40.385184759143094,-3.7228645563527163,6,1,0,1,90,0.0161,BAJO
PN_4636,40.45082295402806,-3.6481969336763846,6,1,0,1,43,0.0161,BAJO
PN_4637,40.43730528500205,-3.6280015061221174,6,1,0,1,50,0.0161,BAJO
PN_4638,40.45268028190265,-3.6492722423830646,6,1,0,1,46,0.0161,BAJO
PN_4639,40.46004624545929,-3.642895469367179,6,1,0,1,31,0.0161,BAJO
PN_4640,40.46035448352299,-3.6291734242368308,6,1,0,1,49,0.0161,BAJO
PN_4641,40.39386790132213,-3.758052918158514,6,1,0,1,32,0.0161,BAJO
PN_4642,40.50586320799166,-3.6669339407194017,6,1,0,1,40,0.0161,BAJO
PN_4643,40.48020451200224,-3.716078393068163,6,1,0,1,73,0.0161,BAJO
PN_4644,40.47637780483887,-3.7128249149066135,6,1,0,1,71,0.0161,BAJO
PN_4645,40.3721873072196,-3.7712617171212592,6,1,0,1,30,0.0161,BAJO
PN_4646,40.436745123381456,-3.673884798021149,6,1,0,1,76,0.0161,BAJO
PN_4647,40.39925511789616,-3.776635631658501,6,1,0,1,18,0.0161,BAJO
PN_4648,40.43807948111313,-3.644745618717835,6,1,0,1,71,0.0161,BAJO
PN_4649,40.4459351758911,-3.7336738476938467,6,1,0,1,6,0.0161,BAJO
PN_4650,40.370042227903056,-3.721621049110007,6,1,0,1,18,0.0161,BAJO
PN_4651,40.421179433279015,-3.68985310631567,6,1,0,1,64,0.0161,BAJO
PN_4652,40.36963182275617,-3.677006641904137,6,1,0,1,4,0.0161,BAJO
PN_4653,40.370275502363306,-3.694557697368563,6,1,0,1,71,0.0161,BAJO
PN_4654,40.38396305758068,-3.69809519297921,6,1,0,1,58,0.0161,BAJO
PN_4655,40.43292899908091,-3.710872522473158,6,1,0,1,64,0.0161,BAJO
PN_4656,40.383166201622174,-3.6609686173747567,6,1,0,1,12,0.0161,BAJO
PN_4657,40.403394545821655,-3.756284063609224,6,1,0,1,34,0.0161,BAJO
PN_4658,40.454776048981984,-3.6829415621113757,6,1,0,1,75,0.0161,BAJO
PN_4659,40.48605710744346,-3.6986956611859694,6,1,0,1,50,0.0161,BAJO
PN_4660,40.45671340956811,-3.654844397041749,6,1,0,1,50,0.0161,BAJO
PN_4661,40.488711312110745,-3.670117153700822,6,1,0,1,23,0.0161,BAJO
PN_4662,40.44898821880005,-3.6580123740624964,6,1,0,1,48,0.0161,BAJO
PN_4663,40.40592339805798,-3.603823303416912,6,1,0,1,16,0.0161,BAJO
PN_4664,40.47598995267209,-3.7080153757864776,6,1,0,1,64,0.0161,BAJO
PN_4665,40.47499335842266,-3.5793391868498525,6,1,0,1,15,0.0161,BAJO
PN_4666,40.347908636399815,-3.692836703865033,6,1,0,1,18,0.0161,BAJO
PN_4667,40.427177878270484,-3.633184753200909,6,1,0,1,62,0.0161,BAJO
PN_4668,40.377043853681066,-3.76619475544009,6,1,0,1,27,0.0161,BAJO
PN_4669,40.40707380494104,-3.708060694991632,6,1,0,1,44,0.0161,BAJO
PN_4670,40.37906417578939,-3.777102690481413,6,1,0,1,13,0.0161,BAJO
PN_4671,40.4168984236552,-3.6582104135854636,6,1,0,1,43,0.0161,BAJO
PN_4672,40.38275209256166,-3.7719162706986773,6,1,0,1,9,0.0161,BAJO
PN_4673,40.381541706846036,-3.6591011848987183,6,1,0,1,14,0.0161,BAJO
PN_4674,40.448851116633584,-3.6750198657429998,6,1,0,1,43,0.0161,BAJO
PN_4675,40.40925157208441,-3.6170353354098452,6,1,0,1,25,0.0161,BAJO
PN_4676,40.485996844888206,-3.59868206375632,6,1,0,1,0,0.0161,BAJO
PN_4677,40.48517183926639,-3.7227680689923983,6,1,0,1,19,0.0161,BAJO
PN_4678,40.487593678376165,-3.6066018379029416,6,1,0,1,22,0.0161,BAJO
PN_4679,40.49588986881282,-3.694291714935522,6,1,0,1,0,0.0161,BAJO
PN_4680,40.39592355061453,-3.6066444533274193,6,1,0,1,0,0.0161,BAJO
PN_4681,40.48312594530015,-3.6633187186824063,6,1,0,1,41,0.0161,BAJO
PN_4682,40.495236202055196,-3.7070080794126787,6,1,0,1,8,0.0161,BAJO
PN_4683,40.45600731826969,-3.6716594767484136,6,1,0,1,83,0.0161,BAJO
PN_4684,40.44024669105358,-3.6550658323344662,6,1,0,1,51,0.0161,BAJO
PN_4685,40.41176040658794,-3.6956283488155734,6,1,0,1,27,0.0161,BAJO
PN_4686,40.47083222631438,-3.631048533327853,6,1,0,1,8,0.0161,BAJO
PN_4687,40.42788137656358,-3.6239252523893843,6,1,0,1,10,0.0161,BAJO
PN_4688,40.37186647792925,-3.618777164786648,6,1,0,1,0,0.0161,BAJO
PN_4689,40.47182993176178,-3.750746053193632,6,1,0,1,10,0.0161,BAJO
PN_4690,40.40042210042443,-3.744633651730295,6,1,0,1,21,0.0161,BAJO
PN_4691,40.4654210904936,-3.699110866625397,6,1,0,1,26,0.0161,BAJO
PN_4692,40.46493362391586,-3.7098651619847796,6,1,0,1,42,0.0161,BAJO
PN_4693,40.42779443758704,-3.6876906275992845,6,1,0,1,47,0.0161,BAJO
PN_4694,40.44609832373067,-3.7104393381623564,6,1,0,1,46,0.0161,BAJO
PN_4695,40.38100429299115,-3.7312627137593437,6,1,0,1,28,0.0161,BAJO
PN_4696,40.41223641321664,-3.7047969979193756,6,1,0,1,28,0.0161,BAJO
PN_4697,40.398739218819166,-3.6600407083626796,6,1,0,1,11,0.0161,BAJO
PN_4698,40.368268908566925,-3.691142923537196,6,1,0,1,59,0.0161,BAJO
PN_4699,40.43221587961667,-3.6339256329661964,6,1,0,1,87,0.0161,BAJO
PN_4700,40.387422647149755,-3.7615976680432737,6,1,0,1,41,0.0161,BAJO
PN_4701,40.38017655964799,-3.7710818686177103,6,1,0,1,16,0.0161,BAJO
PN_4702,40.38003089043345,-3.7690559194254427,6,1,0,1,23,0.0161,BAJO
PN_4703,40.43207491644789,-3.7019820062844917,6,1,0,1,52,0.0161,BAJO
PN_4704,40.38710270528054,-3.7461854802310355,6,1,0,1,50,0.0161,BAJO
PN_4705,40.43194304274168,-3.715896300801335,6,1,0,1,86,0.0161,BAJO
PN_4706,40.43219697343344,-3.7178049865893077,6,1,0,1,82,0.0161,BAJO
PN_4707,40.438305849050096,-3.724661405978235,6,1,0,1,20,0.0161,BAJO
PN_4708,40.46210732776941,-3.694871633092823,6,1,0,1,118,0.0161,BAJO
PN_4709,40.46201270455713,-3.589768370632726,6,1,0,1,21,0.0161,BAJO
PN_4710,40.4619588983657,-3.6586755900996093,6,1,0,1,44,0.0161,BAJO
PN_4711,40.422294770632966,-3.6123155425003213,12,0,0,1,48,0.0159,MEDIO
PN_4712,40.393896866034545,-3.633732079460829,12,0,0,1,4,0.0159,MEDIO
PN_4713,40.37309344409994,-3.6643431358494514,12,0,0,1,5,0.0159,MEDIO
PN_4714,40.403289540546005,-3.6440678785560157,12,0,0,1,13,0.0159,MEDIO
PN_4715,40.43112075278483,-3.702098821113349,12,0,0,1,54,0.0159,MEDIO
PN_4716,40.4078331864767,-3.722082470161895,12,0,0,1,60,0.0159,MEDIO
PN_4717,40.46912088617537,-3.749991407553266,12,0,0,1,8,0.0159,MEDIO
PN_4718,40.37604630857618,-3.753825425176714,12,0,0,1,28,0.0159,MEDIO
PN_4719,40.39491797627384,-3.664869840409922,12,0,0,1,52,0.0159,MEDIO
PN_4720,40.38983399587534,-3.584814149434429,12,0,0,1,0,0.0159,MEDIO
PN_4721,40.39887851596141,-3.6397993621360327,12,0,0,1,31,0.0159,MEDIO
PN_4722,40.43780209432632,-3.6198293036590083,12,0,0,1,71,0.0159,MEDIO
PN_4723,40.4698913354763,-3.5832067928162026,12,0,0,1,9,0.0159,MEDIO
PN_4724,40.45203339654671,-3.7070680782030383,12,0,0,1,74,0.0159,MEDIO
PN_4725,40.38500034189339,-3.6960215713719724,12,0,0,1,51,0.0159,MEDIO
PN_4726,40.37293831007897,-3.658124086456074,12,0,0,1,11,0.0159,MEDIO
PN_4727,40.46900126431516,-3.5816537993036968,12,0,0,1,10,0.0159,MEDIO
PN_4728,40.400014240603504,-3.696227238153595,12,0,0,1,87,0.0159,MEDIO
PN_4729,40.47212211251584,-3.686105750688768,12,0,0,1,47,0.0159,MEDIO
PN_4730,40.3679835179897,-3.6881384648222966,12,0,0,1,22,0.0159,MEDIO
PN_4731,40.40087957677117,-3.6038675996114566,12,0,0,1,8,0.0159,MEDIO
PN_4732,40.36769359293211,-3.762040040770047,12,0,0,1,20,0.0159,MEDIO
PN_4733,40.43381139718183,-3.6190715051600937,12,0,0,1,45,0.0159,MEDIO
PN_4734,40.39834711461568,-3.65915604304333,12,0,0,1,11,0.0159,MEDIO
PN_4735,40.420004624631844,-3.6980879555987207,8,0,0,2,77,0.0155,BAJO
PN_4736,40.377945981337035,-3.6931860230543525,8,0,0,2,32,0.0155,BAJO
PN_4737,40.45798851273325,-3.7042718965869517,8,0,0,2,58,0.0155,BAJO
PN_4738,40.383823251525776,-3.7301553293972822,8,0,0,2,57,0.0155,BAJO
PN_4739,40.407160852146404,-3.6472210110832965,8,0,0,2,19,0.0155,BAJO
PN_4740,40.46601068372984,-3.6980126200005894,8,0,0,2,32,0.0155,BAJO
PN_4741,40.42786382975467,-3.6557851424745564,8,0,0,2,59,0.0155,BAJO
PN_4742,40.37884508334376,-3.747878105275703,8,0,0,2,27,0.0155,BAJO
PN_4743,40.37924569623095,-3.7058205910634308,8,0,0,2,10,0.0155,BAJO
PN_4744,40.39384805548759,-3.7557515858845267,8,0,0,2,33,0.0155,BAJO
PN_4745,40.382167129086326,-3.7031944837821276,8,0,0,2,25,0.0155,BAJO
PN_4746,40.38097896195877,-3.699123669977906,8,0,0,2,40,0.0155,BAJO
PN_4747,40.46473407345788,-3.7838531564890303,8,0,0,2,16,0.0155,BAJO
PN_4748,40.44885936315096,-3.705879139712121,8,0,0,2,66,0.0155,BAJO
PN_4749,40.49432184832337,-3.709755378250517,8,0,0,2,4,0.0155,BAJO
PN_4750,40.38788768349843,-3.7198841563613456,8,0,0,2,86,0.0155,BAJO
PN_4751,40.43296590637779,-3.6377432415018385,8,0,0,2,85,0.0155,BAJO
PN_4752,40.50325818269535,-3.7007973635914135,8,0,0,2,99,0.0155,BAJO
PN_4753,40.420694168941836,-3.679121385788606,8,0,0,2,69,0.0155,BAJO
PN_4754,40.40816672226342,-3.674758571170645,8,0,0,2,50,0.0155,BAJO
PN_4755,40.47310379909287,-3.583948787211421,8,0,0,2,19,0.0155,BAJO
PN_4756,40.38707950538346,-3.6650976096321255,8,0,0,2,16,0.0155,BAJO
PN_4757,40.406300464723905,-3.7128766361783736,9,1,0,0,59,0.015,BAJO
PN_4758,40.48699044477988,-3.651056040974476,9,1,0,0,38,0.015,BAJO
PN_4759,40.405936587258566,-3.739729640295864,9,1,0,0,26,0.015,BAJO
PN_4760,40.404965024607435,-3.5557956666144293,9,1,0,0,11,0.015,BAJO
PN_4761,40.4867926303102,-3.7302228801134225,9,1,0,0,26,0.015,BAJO
PN_4762,40.44397561145925,-3.6348477620998034,9,1,0,0,6,0.015,BAJO
PN_4763,40.44272536061888,-3.6658083760176723,9,1,0,0,66,0.015,BAJO
PN_4764,40.37173229360847,-3.612864771079695,9,1,0,0,11,0.015,BAJO
PN_4765,40.340856319281755,-3.7138500029257395,9,1,0,0,28,0.015,BAJO
PN_4766,40.504217728018595,-3.7060847630014613,9,1,0,0,70,0.015,BAJO
PN_4767,40.34086599733104,-3.7117923180787025,9,1,0,0,27,0.015,BAJO
PN_4768,40.453982952403095,-3.7049191729154347,9,1,0,0,77,0.015,BAJO
PN_4769,40.40768710627802,-3.6970752945848155,9,1,0,0,56,0.015,BAJO
PN_4770,40.383132587414615,-3.721999615732452,9,1,0,0,82,0.015,BAJO
PN_4771,40.40275290574329,-3.703724545576791,9,1,0,0,66,0.015,BAJO
PN_4772,40.396973165557796,-3.6999185184456707,9,1,0,0,91,0.015,BAJO
PN_4773,40.34872772035625,-3.684810534989155,9,1,0,0,0,0.015,BAJO
PN_4774,40.432022885036446,-3.7326311959263356,9,1,0,0,29,0.015,BAJO
PN_4775,40.43186027222191,-3.703370291103923,9,1,0,0,64,0.015,BAJO
PN_4776,40.442055562995876,-3.7188145033106283,9,1,0,0,26,0.015,BAJO
PN_4777,40.36983461201499,-3.6597586298832345,9,1,0,0,0,0.015,BAJO
PN_4778,40.47329032991004,-3.6439963198741108,9,1,0,0,28,0.015,BAJO
PN_4779,40.428132912960805,-3.716028148080634,9,1,0,0,85,0.015,BAJO
PN_4780,40.44111637481097,-3.6156692662971306,9,1,0,0,34,0.015,BAJO
PN_4781,40.41893275447261,-3.703133480724979,9,1,0,0,61,0.015,BAJO
PN_4782,40.419050004999114,-3.720187074193909,9,1,0,0,70,0.015,BAJO
PN_4783,40.419853875085636,-3.7091651718675203,9,1,0,0,59,0.015,BAJO
PN_4784,40.422125868764375,-3.698027204913542,9,1,0,0,55,0.015,BAJO
PN_4785,40.49698565485131,-3.689996303226136,9,1,0,0,11,0.015,BAJO
PN_4786,40.4260945480734,-3.722195536754663,9,1,0,0,40,0.015,BAJO
PN_4787,40.423879419064654,-3.7102238527440172,9,1,0,0,83,0.015,BAJO
PN_4788,40.43792379122775,-3.732314017060912,9,1,0,0,28,0.015,BAJO
PN_4789,40.46213524001132,-3.6601379157653895,9,1,0,0,49,0.015,BAJO
PN_4790,40.475874311079686,-3.7149306488933544,9,1,0,0,60,0.015,BAJO
PN_4791,40.47512765754687,-3.6499871805530493,9,1,0,0,36,0.015,BAJO
PN_4792,40.40611363730518,-3.609157778513643,9,1,0,0,43,0.015,BAJO
PN_4793,40.45090441656147,-3.688050634344899,9,1,0,0,48,0.015,BAJO
PN_4794,40.450972618670576,-3.742231981885169,9,1,0,0,10,0.015,BAJO
PN_4795,40.41505369190121,-3.669607177690752,9,1,0,0,58,0.015,BAJO
PN_4796,40.39005174575108,-3.7558074952379368,9,1,0,0,26,0.015,BAJO
PN_4797,40.44607746252841,-3.688913330954919,9,1,0,0,34,0.015,BAJO
PN_4798,40.44573326637633,-3.6137368781488024,9,1,0,0,40,0.015,BAJO
PN_4799,40.42825517856518,-3.6340580734245256,9,1,0,0,75,0.015,BAJO
PN_4800,40.45700467767571,-3.686000427293355,9,1,0,0,92,0.015,BAJO
PN_4801,40.45022018040005,-3.66818062843533,9,1,0,0,58,0.015,BAJO
PN_4802,40.45492981999287,-3.7130915659469292,9,1,0,0,75,0.015,BAJO
PN_4803,40.42994233818637,-3.6760227917283066,9,1,0,0,52,0.015,BAJO
PN_4804,40.44907883064141,-3.6740787358080462,9,1,0,0,48,0.015,BAJO
PN_4805,40.40926939348602,-3.630340223112115,9,1,0,0,35,0.015,BAJO
PN_4806,40.414199047776435,-3.6692241554995024,9,1,0,0,50,0.015,BAJO
PN_4807,40.44057773726115,-3.7086570943205723,9,1,0,0,39,0.015,BAJO
PN_4808,40.42894018620259,-3.678269713694876,9,1,0,0,42,0.015,BAJO
PN_4809,40.41809891604917,-3.709850046651854,9,1,0,0,39,0.015,BAJO
PN_4810,40.39807138862238,-3.664089092372558,9,1,0,0,56,0.015,BAJO
PN_4811,40.445854326955796,-3.6717195553720074,9,1,0,0,58,0.015,BAJO
PN_4812,40.41192203189745,-3.7330600772027633,9,1,0,0,61,0.015,BAJO
PN_4813,40.46384026034982,-3.6148885207154797,9,1,0,0,12,0.015,BAJO
PN_4814,40.46377216514309,-3.616772512164142,9,1,0,0,14,0.015,BAJO
PN_4815,40.40082495793135,-3.704219045134406,9,1,0,0,68,0.015,BAJO
PN_4816,40.42992038460363,-3.719786918944234,9,1,0,0,75,0.015,BAJO
PN_4817,40.42864778060013,-3.6691852814678887,9,1,0,0,47,0.015,BAJO
PN_4818,40.40070430571752,-3.6839634335852165,9,1,0,0,36,0.015,BAJO
PN_4819,40.40083841461286,-3.648170952712522,9,1,0,0,14,0.015,BAJO
PN_4820,40.50003253292032,-3.6580991270085708,9,1,0,0,36,0.015,BAJO
PN_4821,40.38197190338323,-3.61017071476315,9,1,0,0,8,0.015,BAJO
PN_4822,40.36732236254889,-3.753424274263601,9,1,0,0,9,0.015,BAJO
PN_4823,40.366240659826765,-3.6731873391946945,9,1,0,0,2,0.015,BAJO
PN_4824,40.46079464778536,-3.632067882407653,9,1,0,0,48,0.015,BAJO
PN_4825,40.39221725115718,-3.7101175851818806,9,1,0,0,52,0.015,BAJO
PN_4826,40.46100208059622,-3.719036076693767,9,1,0,0,21,0.015,BAJO
PN_4827,40.44186565827349,-3.6547395983033053,9,1,0,0,54,0.015,BAJO
PN_4828,40.405092276199326,-3.7079849331857395,9,1,0,0,42,0.015,BAJO
PN_4829,40.371234559525774,-3.6930415053517174,9,1,0,0,65,0.015,BAJO
PN_4830,40.40526500144321,-3.6578967318327833,9,1,0,0,30,0.015,BAJO
PN_4831,40.36117537410243,-3.753850479589687,9,1,0,0,42,0.015,BAJO
PN_4832,40.43602649702771,-3.6841116307285913,15,0,0,0,81,0.0148,MEDIO
PN_4833,40.403800769021885,-3.5950353137013655,15,0,0,0,9,0.0148,MEDIO
PN_4834,40.37097384951662,-3.7156641525421437,15,0,0,0,34,0.0148,MEDIO
PN_4835,40.42701881824038,-3.699047085229846,15,0,0,0,26,0.0148,MEDIO
PN_4836,40.46525025671723,-3.5723212960147563,15,0,0,0,0,0.0148,MEDIO
PN_4837,40.414821011716455,-3.716731984140489,15,0,0,0,46,0.0148,MEDIO
PN_4838,40.42023567517901,-3.6760099633794243,15,0,0,0,70,0.0148,MEDIO
PN_4839,40.36507781047088,-3.686920125463951,15,0,0,0,33,0.0148,MEDIO
PN_4840,40.40099056737879,-3.725168105977763,15,0,0,0,39,0.0148,MEDIO
PN_4841,40.47019808083467,-3.7123675368851257,15,0,0,0,62,0.0148,MEDIO
PN_4842,40.385050022991074,-3.6421516366114104,15,0,0,0,33,0.0148,MEDIO
PN_4843,40.40399950529182,-3.7206672061859427,15,0,0,0,62,0.0148,MEDIO
PN_4844,40.4157877102864,-3.69603442870931,15,0,0,0,74,0.0148,MEDIO
PN_4845,40.367982223686795,-3.720307766805813,15,0,0,0,8,0.0148,MEDIO
PN_4846,40.4540526615536,-3.741986499218889,15,0,0,0,17,0.0148,MEDIO
PN_4847,40.43612726730637,-3.6611143914210316,15,0,0,0,78,0.0148,MEDIO
PN_4848,40.385764078381435,-3.765054929371741,5,1,0,1,33,0.0146,BAJO
PN_4849,40.404901477786225,-3.7459726708465175,5,1,0,1,39,0.0146,BAJO
PN_4850,40.39506699700288,-3.7398335056037704,5,1,0,1,25,0.0146,BAJO
PN_4851,40.44395663540598,-3.7141351060362737,5,1,0,1,42,0.0146,BAJO
PN_4852,40.4240066494113,-3.641039782444031,5,1,0,1,13,0.0146,BAJO
PN_4853,40.4778556667048,-3.7510762586729647,5,1,0,1,2,0.0146,BAJO
PN_4854,40.501905876649296,-3.6351126978964006,5,1,0,1,0,0.0146,BAJO
PN_4855,40.34128687917443,-3.7018567685984998,5,1,0,1,10,0.0146,BAJO
PN_4856,40.504307465374744,-3.7000219583819707,5,1,0,1,103,0.0146,BAJO
PN_4857,40.43627409906056,-3.6930598889080373,5,1,0,1,57,0.0146,BAJO
PN_4858,40.394274039178484,-3.715813376135651,5,1,0,1,47,0.0146,BAJO
PN_4859,40.42170637513156,-3.72424002524697,5,1,0,1,53,0.0146,BAJO
PN_4860,40.45689439940624,-3.78273596470641,5,1,0,1,57,0.0146,BAJO
PN_4861,40.3526872195542,-3.697959405730896,5,1,0,1,35,0.0146,BAJO
PN_4862,40.4698756356518,-3.649985560794284,5,1,0,1,32,0.0146,BAJO
PN_4863,40.45531878462092,-3.620165183469923,5,1,0,1,45,0.0146,BAJO
PN_4864,40.4268548659116,-3.629975970765713,5,1,0,1,69,0.0146,BAJO
PN_4865,40.396030757816746,-3.76288044736093,5,1,0,1,53,0.0146,BAJO
PN_4866,40.473855494273344,-3.738243821416283,5,1,0,1,36,0.0146,BAJO
PN_4867,40.44586340854024,-3.714933562816719,5,1,0,1,37,0.0146,BAJO
PN_4868,40.49770388781055,-3.7062480301249145,5,1,0,1,25,0.0146,BAJO
PN_4869,40.45913860855059,-3.7062119908855755,5,1,0,1,58,0.0146,BAJO
PN_4870,40.42670124689761,-3.6350012480470837,5,1,0,1,61,0.0146,BAJO
PN_4871,40.38130646856069,-3.654041397255166,5,1,0,1,10,0.0146,BAJO
PN_4872,40.3951164406857,-3.6238945146825907,5,1,0,1,14,0.0146,BAJO
PN_4873,40.40387048301145,-3.7028929227838576,5,1,0,1,59,0.0146,BAJO
PN_4874,40.34297435357365,-3.6857766978115145,5,1,0,1,0,0.0146,BAJO
PN_4875,40.33772367890171,-3.701720949520143,5,1,0,1,3,0.0146,BAJO
PN_4876,40.37977460471765,-3.619410658267042,5,1,0,1,22,0.0146,BAJO
PN_4877,40.36719498793799,-3.659047391913879,5,1,0,1,0,0.0146,BAJO
PN_4878,40.36444100524493,-3.7485910290891034,5,1,0,1,43,0.0146,BAJO
PN_4879,40.388767856743165,-3.6703940670908652,5,1,0,1,19,0.0146,BAJO
PN_4880,40.35527972540525,-3.6859672970410045,5,1,0,1,18,0.0146,BAJO
PN_4881,40.35476221696892,-3.5687819598329478,5,1,0,1,0,0.0146,BAJO
PN_4882,40.3900637132665,-3.6179331541166633,5,1,0,1,7,0.0146,BAJO
PN_4883,40.41806509737072,-3.6903411106765533,5,1,0,1,69,0.0146,BAJO
PN_4884,40.39737236817323,-3.7065678036957292,5,1,0,1,85,0.0146,BAJO
PN_4885,40.45869733223166,-3.6711028421540925,5,1,0,1,82,0.0146,BAJO
PN_4886,40.378946057202015,-3.6629056906952613,5,1,0,1,31,0.0146,BAJO
PN_4887,40.399801661894486,-3.6607816925806618,5,1,0,1,8,0.0146,BAJO
PN_4888,40.48105664871251,-3.7081028221320915,5,1,0,1,87,0.0146,BAJO
PN_4889,40.464909240812894,-3.641067546103881,5,1,0,1,51,0.0146,BAJO
PN_4890,40.494128256973134,-3.6657230398340723,5,1,0,1,43,0.0146,BAJO
PN_4891,40.44873721825868,-3.649935165317431,5,1,0,1,50,0.0146,BAJO
PN_4892,40.434399580632416,-3.7153497516543483,5,1,0,1,67,0.0146,BAJO
PN_4893,40.38688519081456,-3.6669256992565544,5,1,0,1,27,0.0146,BAJO
PN_4894,40.43891965316165,-3.6070987547411306,5,1,0,1,18,0.0146,BAJO
PN_4895,40.496819077827794,-3.7047943148512674,5,1,0,1,16,0.0146,BAJO
PN_4896,40.378855994383635,-3.7560025281938474,5,1,0,1,14,0.0146,BAJO
PN_4897,40.471193173025355,-3.585159958156006,5,1,0,1,12,0.0146,BAJO
PN_4898,40.47171874320181,-3.6347715775610916,5,1,0,1,15,0.0146,BAJO
PN_4899,40.428007294965965,-3.617756864081617,5,1,0,1,0,0.0146,BAJO
PN_4900,40.36583420527232,-3.697817035790255,5,1,0,1,45,0.0146,BAJO
PN_4901,40.375997840634305,-3.6591991219449476,5,1,0,1,14,0.0146,BAJO
PN_4902,40.37490642606792,-3.6893986337206086,5,1,0,1,15,0.0146,BAJO
PN_4903,40.474686052270854,-3.692853043440536,5,1,0,1,37,0.0146,BAJO
PN_4904,40.40088153655874,-3.7548724802424376,5,1,0,1,34,0.0146,BAJO
PN_4905,40.46897037355329,-3.6388106388608614,5,1,0,1,37,0.0146,BAJO
PN_4906,40.34919542844305,-3.717660971031053,5,1,0,1,3,0.0146,BAJO
PN_4907,40.340936544404954,-3.6869805328180845,5,1,0,1,0,0.0146,BAJO
PN_4908,40.37315313665173,-3.6597650802592896,5,1,0,1,14,0.0146,BAJO
PN_4909,40.43572158946023,-3.7400478498255403,5,1,0,1,25,0.0146,BAJO
PN_4910,40.42083622045344,-3.6909541065845324,5,1,0,1,70,0.0146,BAJO
PN_4911,40.34496699892772,-3.7120468415542938,5,1,0,1,24,0.0146,BAJO
PN_4912,40.43613796412676,-3.664068374087041,5,1,0,1,76,0.0146,BAJO
PN_4913,40.371998111111566,-3.7568540784291775,5,1,0,1,20,0.0146,BAJO
PN_4914,40.404824188729066,-3.64917790185367,5,1,0,1,40,0.0146,BAJO
PN_4915,40.37094423693209,-3.7609437173717746,5,1,0,1,16,0.0146,BAJO
PN_4916,40.501263745276546,-3.65683368302399,5,1,0,1,32,0.0146,BAJO
PN_4917,40.37098920284685,-3.712301810531094,5,1,0,1,23,0.0146,BAJO
PN_4918,40.43570312799169,-3.734183175177621,5,1,0,1,51,0.0146,BAJO
PN_4919,40.37071645942425,-3.7340192730931334,5,1,0,1,24,0.0146,BAJO
PN_4920,40.415682385734854,-3.7106819416427563,5,1,0,1,35,0.0146,BAJO
PN_4921,40.45736061560673,-3.6441448085738983,5,1,0,1,18,0.0146,BAJO
PN_4922,40.43091269432842,-3.719189164086412,5,1,0,1,79,0.0146,BAJO
PN_4923,40.44988275321961,-3.597935349067785,5,1,0,1,0,0.0146,BAJO
PN_4924,40.430934279720134,-3.6703245377932716,5,1,0,1,70,0.0146,BAJO
PN_4925,40.459356903646,-3.6297770341841264,5,1,0,1,42,0.0146,BAJO
PN_4926,40.3940056741781,-3.7202280822386116,11,0,0,1,37,0.0144,MEDIO
PN_4927,40.46005404003684,-3.6530951440464308,11,0,0,1,27,0.0144,MEDIO
PN_4928,40.461215127445,-3.6968959583932173,11,0,0,1,104,0.0144,MEDIO
PN_4929,40.44771764897917,-3.6916407759512695,11,0,0,1,70,0.0144,MEDIO
PN_4930,40.34118013178438,-3.71881184510236,11,0,0,1,20,0.0144,MEDIO
PN_4931,40.46571258762917,-3.703060023837385,11,0,0,1,22,0.0144,MEDIO
PN_4932,40.45914438637976,-3.7801373020780944,11,0,0,1,47,0.0144,MEDIO
PN_4933,40.452063752910014,-3.704040242931943,11,0,0,1,68,0.0144,MEDIO
PN_4934,40.45055084880192,-3.660935453985181,11,0,0,1,51,0.0144,MEDIO
PN_4935,40.45887420585661,-3.7007263671985773,11,0,0,1,86,0.0144,MEDIO
PN_4936,40.391178006068785,-3.7378374074551006,11,0,0,1,44,0.0144,MEDIO
PN_4937,40.46967055590592,-3.5862135523767793,11,0,0,1,10,0.0144,MEDIO
PN_4938,40.428063018320394,-3.720905283823004,11,0,0,1,47,0.0144,MEDIO
PN_4939,40.46521418152928,-3.6392436516127686,11,0,0,1,53,0.0144,MEDIO
PN_4940,40.38910003676077,-3.733096525451998,11,0,0,1,63,0.0144,MEDIO
PN_4941,40.38785600897454,-3.695433398802426,11,0,0,1,74,0.0144,MEDIO
PN_4942,40.38794861478675,-3.7007148011373148,11,0,0,1,42,0.0144,MEDIO
PN_4943,40.39960423070422,-3.733285444627195,11,0,0,1,10,0.0144,MEDIO
PN_4944,40.465009928236086,-3.634993221202882,11,0,0,1,58,0.0144,MEDIO
PN_4945,40.38796825158497,-3.712113490892277,11,0,0,1,54,0.0144,MEDIO
PN_4946,40.38812624639577,-3.66180614028854,11,0,0,1,24,0.0144,MEDIO
PN_4947,40.38791042176487,-3.6910018117352594,11,0,0,1,67,0.0144,MEDIO
PN_4948,40.47314777738339,-3.624267185027291,11,0,0,1,0,0.0144,MEDIO
PN_4949,40.42707249974505,-3.622121952925268,11,0,0,1,9,0.0144,MEDIO
PN_4950,40.45829978503062,-3.658716872690851,11,0,0,1,63,0.0144,MEDIO
PN_4951,40.43598201452626,-3.6807698744277455,11,0,0,1,77,0.0144,MEDIO
PN_4952,40.38396961136511,-3.6710715784365506,11,0,0,1,31,0.0144,MEDIO
PN_4953,40.38889852065426,-3.6988437943538304,11,0,0,1,52,0.0144,MEDIO
PN_4954,40.40310434524261,-3.666070987196872,11,0,0,1,71,0.0144,MEDIO
PN_4955,40.428033460775225,-3.692103551349313,11,0,0,1,41,0.0144,MEDIO
PN_4956,40.46891718266546,-3.6341324453833797,11,0,0,1,24,0.0144,MEDIO
PN_4957,40.433919883676424,-3.652775766713883,11,0,0,1,80,0.0144,MEDIO
PN_4958,40.41665831489087,-3.670845476784454,11,0,0,1,60,0.0144,MEDIO
PN_4959,40.47086552519749,-3.5813391373737233,11,0,0,1,13,0.0144,MEDIO
PN_4960,40.48096954381601,-3.675757282027319,11,0,0,1,54,0.0144,MEDIO
PN_4961,40.403013410218584,-3.675113143799266,11,0,0,1,44,0.0144,MEDIO
PN_4962,40.42595714278202,-3.6959478468467224,11,0,0,1,41,0.0144,MEDIO
PN_4963,40.42712933745962,-3.6863242139168877,11,0,0,1,55,0.0144,MEDIO
PN_4964,40.39388352093339,-3.669833155777289,11,0,0,1,44,0.0144,MEDIO
PN_4965,40.40614332205046,-3.690151150560702,11,0,0,1,59,0.0144,MEDIO
PN_4966,40.4211114114113,-3.6259837818857705,11,0,0,1,51,0.0144,MEDIO
PN_4967,40.45995583438767,-3.6942559864053193,11,0,0,1,139,0.0144,MEDIO
PN_4968,40.392169452669116,-3.6576853618199876,11,0,0,1,44,0.0144,MEDIO
PN_4969,40.3936207987092,-3.5799276983767045,11,0,0,1,0,0.0144,MEDIO
PN_4970,40.38563305682866,-3.718106043628134,11,0,0,1,91,0.0144,MEDIO
PN_4971,40.46708054884063,-3.749678195451723,11,0,0,1,8,0.0144,MEDIO
PN_4972,40.422877647076625,-3.6540525000731856,7,0,0,2,48,0.0141,BAJO
PN_4973,40.46496699182023,-3.7047628869329587,7,0,0,2,36,0.0141,BAJO
PN_4974,40.38389396285201,-3.6637852765960446,7,0,0,2,25,0.0141,BAJO
PN_4975,40.38008125469064,-3.706879885050481,7,0,0,2,14,0.0141,BAJO
PN_4976,40.43828850999831,-3.696956689836139,7,0,0,2,31,0.0141,BAJO
PN_4977,40.42284560181788,-3.7128138291684207,7,0,0,2,79,0.0141,BAJO
PN_4978,40.380027619608185,-3.751115261384892,7,0,0,2,24,0.0141,BAJO
PN_4979,40.39930132901101,-3.6659314277453183,7,0,0,2,58,0.0141,BAJO
PN_4980,40.374773765223814,-3.742186862803938,7,0,0,2,44,0.0141,BAJO
PN_4981,40.462106904700974,-3.78680334365762,7,0,0,2,47,0.0141,BAJO
PN_4982,40.3847067241823,-3.753956047181243,7,0,0,2,21,0.0141,BAJO
PN_4983,40.45314971002046,-3.706251719797577,7,0,0,2,75,0.0141,BAJO
PN_4984,40.391050629337784,-3.6707718612113465,7,0,0,2,29,0.0141,BAJO
PN_4985,40.44482693325292,-3.61087443473267,7,0,0,2,44,0.0141,BAJO
PN_4986,40.46294313856783,-3.770611831316651,7,0,0,2,0,0.0141,BAJO
PN_4987,40.42827230252345,-3.713327520686321,7,0,0,2,87,0.0141,BAJO
PN_4988,40.34320877289906,-3.704040775551152,7,0,0,2,23,0.0141,BAJO
PN_4989,40.43613594058678,-3.6561735298718987,7,0,0,2,79,0.0141,BAJO
PN_4990,40.465867641100935,-3.7020542717673925,7,0,0,2,16,0.0141,BAJO
PN_4991,40.38631476642104,-3.710158072834189,7,0,0,2,36,0.0141,BAJO
PN_4992,40.3897209377581,-3.6408536078043134,7,0,0,2,49,0.0141,BAJO
PN_4993,40.47388139052656,-3.6481329644777003,7,0,0,2,26,0.0141,BAJO
PN_4994,40.34298416213659,-3.7079457609706457,7,0,0,2,23,0.0141,BAJO
PN_4995,40.40263813060291,-3.5556409127342556,7,0,0,2,7,0.0141,BAJO
PN_4996,40.41784106164281,-3.705789752832934,7,0,0,2,48,0.0141,BAJO
PN_4997,40.48586868879757,-3.673306089097657,7,0,0,2,42,0.0141,BAJO
PN_4998,40.428428647238285,-3.6270824714074563,7,0,0,2,50,0.0141,BAJO
PN_4999,40.433341132046145,-3.643017494488173,7,0,0,2,92,0.0141,BAJO
PN_5000,40.438052482375205,-3.6658184213582894,7,0,0,2,56,0.0141,BAJO
PN_5001,40.3491935416582,-3.6993542418232104,7,0,0,2,27,0.0141,BAJO
PN_5002,40.37488159198654,-3.6920050513038807,7,0,0,2,25,0.0141,BAJO
PN_5003,40.37333619035296,-3.7176384362194317,8,1,0,0,32,0.0135,BAJO
PN_5004,40.42269705741547,-3.6251037957837227,8,1,0,0,50,0.0135,BAJO
PN_5005,40.47717864295351,-3.6910409073551573,8,1,0,0,40,0.0135,BAJO
PN_5006,40.40469242798386,-3.7471299905282405,8,1,0,0,36,0.0135,BAJO
PN_5007,40.40475670361221,-3.743097338720429,8,1,0,0,26,0.0135,BAJO
PN_5008,40.43266917592991,-3.7271184896716316,8,1,0,0,20,0.0135,BAJO
PN_5009,40.405168531513084,-3.7057657451386703,8,1,0,0,47,0.0135,BAJO
PN_5010,40.43893456748875,-3.6120867207887373,8,1,0,0,18,0.0135,BAJO
PN_5011,40.47785035258393,-3.723703650041738,8,1,0,0,25,0.0135,BAJO
PN_5012,40.47898988439063,-3.6469974594090218,8,1,0,0,12,0.0135,BAJO
PN_5013,40.47916892441454,-3.6710934090122205,8,1,0,0,53,0.0135,BAJO
PN_5014,40.39511341668905,-3.7341406802515444,8,1,0,0,12,0.0135,BAJO
PN_5015,40.40703962727737,-3.752979327993729,8,1,0,0,25,0.0135,BAJO
PN_5016,40.41594463529577,-3.626168417216494,8,1,0,0,48,0.0135,BAJO
PN_5017,40.37901293129149,-3.6692047325731427,8,1,0,0,29,0.0135,BAJO
PN_5018,40.390242102907294,-3.7381556247963803,8,1,0,0,56,0.0135,BAJO
PN_5019,40.433995306170715,-3.6660798882025376,8,1,0,0,75,0.0135,BAJO
PN_5020,40.398883680610744,-3.70186447195718,8,1,0,0,78,0.0135,BAJO
PN_5021,40.4640063358877,-3.6891675732343083,8,1,0,0,80,0.0135,BAJO
PN_5022,40.483939019350906,-3.7152415331611444,8,1,0,0,61,0.0135,BAJO
PN_5023,40.36893198792495,-3.686831849879489,8,1,0,0,10,0.0135,BAJO
PN_5024,40.388772433142094,-3.6499860521769247,8,1,0,0,37,0.0135,BAJO
PN_5025,40.389909323131434,-3.720932212652426,8,1,0,0,41,0.0135,BAJO
PN_5026,40.4342337761132,-3.6301727535576527,8,1,0,0,64,0.0135,BAJO
PN_5027,40.44127110316783,-3.6552624716129776,8,1,0,0,55,0.0135,BAJO
PN_5028,40.41678607541514,-3.704966269938244,8,1,0,0,46,0.0135,BAJO
PN_5029,40.47221807972475,-3.6299526183937796,8,1,0,0,5,0.0135,BAJO
PN_5030,40.472192061810645,-3.672737411094516,8,1,0,0,49,0.0135,BAJO
PN_5031,40.457148682800025,-3.6261497973940133,8,1,0,0,38,0.0135,BAJO
PN_5032,40.38364770855745,-3.759335383227062,8,1,0,0,36,0.0135,BAJO
PN_5033,40.46208563339144,-3.6911648684165423,8,1,0,0,107,0.0135,BAJO
PN_5034,40.37095713904186,-3.698803654269723,8,1,0,0,59,0.0135,BAJO
PN_5035,40.475055034478025,-3.6526385495482794,8,1,0,0,31,0.0135,BAJO
PN_5036,40.46885379732123,-3.570191624713195,8,1,0,0,0,0.0135,BAJO
PN_5037,40.449064527812176,-3.7168248176471623,8,1,0,0,30,0.0135,BAJO
PN_5038,40.37073404902112,-3.613262592512398,8,1,0,0,9,0.0135,BAJO
PN_5039,40.46085478085477,-3.7907698418065516,8,1,0,0,30,0.0135,BAJO
PN_5040,40.48321749135541,-3.700109575250396,8,1,0,0,45,0.0135,BAJO
PN_5041,40.35772582018067,-3.69717286258053,8,1,0,0,31,0.0135,BAJO
PN_5042,40.47469807203667,-3.6411668305682796,8,1,0,0,28,0.0135,BAJO
PN_5043,40.36299595826383,-3.6845765485743085,8,1,0,0,23,0.0135,BAJO
PN_5044,40.34627371925313,-3.705033751363254,8,1,0,0,30,0.0135,BAJO
PN_5045,40.40374227944818,-3.634967521304856,8,1,0,0,26,0.0135,BAJO
PN_5046,40.392075185389245,-3.6184034060660513,8,1,0,0,6,0.0135,BAJO
PN_5047,40.43616476849349,-3.6698845278855052,8,1,0,0,59,0.0135,BAJO
PN_5048,40.401737766574456,-3.600827043183038,8,1,0,0,7,0.0135,BAJO
PN_5049,40.40197533552189,-3.6117886613739696,8,1,0,0,17,0.0135,BAJO
PN_5050,40.453678461728124,-3.6636059492300905,8,1,0,0,63,0.0135,BAJO
PN_5051,40.430114180889184,-3.624817315029606,8,1,0,0,25,0.0135,BAJO
PN_5052,40.40792769506452,-3.6257508600331874,8,1,0,0,19,0.0135,BAJO
PN_5053,40.414999173514914,-3.7281805711742915,8,1,0,0,75,0.0135,BAJO
PN_5054,40.379967290190436,-3.663839295960752,8,1,0,0,35,0.0135,BAJO
PN_5055,40.40009202924742,-3.7208994173093375,8,1,0,0,60,0.0135,BAJO
PN_5056,40.430125864663694,-3.6460485115106804,8,1,0,0,119,0.0135,BAJO
PN_5057,40.40308610597491,-3.6488981140292203,8,1,0,0,28,0.0135,BAJO
PN_5058,40.43080094689732,-3.6950768653247685,8,1,0,0,39,0.0135,BAJO
PN_5059,40.43779568396706,-3.6523090681765056,8,1,0,0,42,0.0135,BAJO
PN_5060,40.34982119017118,-3.698704672893316,8,1,0,0,27,0.0135,BAJO
PN_5061,40.397907483569746,-3.735714688536149,8,1,0,0,14,0.0135,BAJO
PN_5062,40.46305366987091,-3.5878425882789973,8,1,0,0,23,0.0135,BAJO
PN_5063,40.46504966551908,-3.6290363709284628,8,1,0,0,28,0.0135,BAJO
PN_5064,40.43832978868591,-3.6728831779290814,8,1,0,0,52,0.0135,BAJO
PN_5065,40.45824638988405,-3.675980276160597,8,1,0,0,115,0.0135,BAJO
PN_5066,40.39735882123298,-3.596796416076933,8,1,0,0,0,0.0135,BAJO
PN_5067,40.4350786523866,-3.708140195460918,8,1,0,0,48,0.0135,BAJO
PN_5068,40.47418456986237,-3.7439654227785617,8,1,0,0,27,0.0135,BAJO
PN_5069,40.37510611951201,-3.6647545778359527,8,1,0,0,12,0.0135,BAJO
PN_5070,40.47504003424332,-3.696125671761471,8,1,0,0,43,0.0135,BAJO
PN_5071,40.435077049703025,-3.6840941487286427,8,1,0,0,72,0.0135,BAJO
PN_5072,40.383029130333725,-3.7012566239716334,8,1,0,0,39,0.0135,BAJO
PN_5073,40.43898202165123,-3.697920173638944,8,1,0,0,29,0.0135,BAJO
PN_5074,40.439346793333414,-3.6941950716135517,8,1,0,0,49,0.0135,BAJO
PN_5075,40.44997708504629,-3.7419265374993946,8,1,0,0,4,0.0135,BAJO
PN_5076,40.396622037502645,-3.708204044978534,8,1,0,0,94,0.0135,BAJO
PN_5077,40.45434527596643,-3.6197611488463672,8,1,0,0,37,0.0135,BAJO
PN_5078,40.48913279771651,-3.6660362166297578,8,1,0,0,4,0.0135,BAJO
PN_5079,40.48822993437954,-3.7164478561765044,8,1,0,0,23,0.0135,BAJO
PN_5080,40.440210892538154,-3.6398766146179464,8,1,0,0,54,0.0135,BAJO
PN_5081,40.41121313346078,-3.7030709691744454,8,1,0,0,29,0.0135,BAJO
PN_5082,40.44907576587965,-3.7412901441142306,8,1,0,0,6,0.0135,BAJO
PN_5083,40.41076234043281,-3.6767056012472628,8,1,0,0,22,0.0135,BAJO
PN_5084,40.448948764618905,-3.5861011345884637,8,1,0,0,10,0.0135,BAJO
PN_5085,40.365933197317595,-3.6887050452604258,8,1,0,0,38,0.0135,BAJO
PN_5086,40.43582345996321,-3.6766679314393658,8,1,0,0,61,0.0135,BAJO
PN_5087,40.420648428852495,-3.666077892294456,8,1,0,0,56,0.0135,BAJO
PN_5088,40.44798926302485,-3.6987710041640036,8,1,0,0,92,0.0135,BAJO
PN_5089,40.44825083382712,-3.702065282795683,8,1,0,0,65,0.0135,BAJO
PN_5090,40.41216065329296,-3.6518728865011374,8,1,0,0,50,0.0135,BAJO
PN_5091,40.469586007522615,-3.5870177758744837,8,1,0,0,6,0.0135,BAJO
PN_5092,40.46462312029054,-3.680862593293203,8,1,0,0,56,0.0135,BAJO
PN_5093,40.456220716251956,-3.7139656727164105,8,1,0,0,69,0.0135,BAJO
PN_5094,40.456809841602364,-3.7462106571017024,8,1,0,0,15,0.0135,BAJO
PN_5095,40.45571808478306,-3.622055861813436,8,1,0,0,48,0.0135,BAJO
PN_5096,40.42226403024613,-3.712240606693833,8,1,0,0,80,0.0135,BAJO
PN_5097,40.49766490140918,-3.626243094147751,8,1,0,0,5,0.0135,BAJO
PN_5098,40.41215930279363,-3.7008090351553684,8,1,0,0,27,0.0135,BAJO
PN_5099,40.46297231398859,-3.6916590277266526,8,1,0,0,100,0.0135,BAJO
PN_5100,40.485742363928054,-3.7189832648659804,8,1,0,0,45,0.0135,BAJO
PN_5101,40.40587121810393,-3.702996231446854,8,1,0,0,50,0.0135,BAJO
PN_5102,40.42089414025116,-3.6099192689328823,8,1,0,0,49,0.0135,BAJO
PN_5103,40.468069971459315,-3.6980767011782287,8,1,0,0,21,0.0135,BAJO
PN_5104,40.40501894925506,-3.5864240719308356,8,1,0,0,0,0.0135,BAJO
PN_5105,40.451623763531046,-3.6761541917076435,8,1,0,0,59,0.0135,BAJO
PN_5106,40.43558765006979,-3.6255621321674516,8,1,0,0,68,0.0135,BAJO
PN_5107,40.404913612930294,-3.6501383482917795,8,1,0,0,30,0.0135,BAJO
PN_5108,40.42526620765517,-3.7169905954907954,8,1,0,0,66,0.0135,BAJO
PN_5109,40.43693828372736,-3.741133238516405,8,1,0,0,23,0.0135,BAJO
PN_5110,40.393187163557236,-3.712081434511955,8,1,0,0,67,0.0135,BAJO
PN_5111,40.3941031770521,-3.702987239927703,8,1,0,0,82,0.0135,BAJO
PN_5112,40.488948253964274,-3.698069644152269,14,0,0,0,43,0.0133,MEDIO
PN_5113,40.443940925252186,-3.668869090846669,14,0,0,0,58,0.0133,MEDIO
PN_5114,40.40809630948779,-3.7018021141061115,14,0,0,0,29,0.0133,MEDIO
PN_5115,40.48795548798629,-3.61283211039424,14,0,0,0,19,0.0133,MEDIO
PN_5116,40.433837200161165,-3.6321796624938707,14,0,0,0,78,0.0133,MEDIO
PN_5117,40.4547477727303,-3.69023000269732,14,0,0,0,87,0.0133,MEDIO
PN_5118,40.45715825963008,-3.67795350401576,14,0,0,0,101,0.0133,MEDIO
PN_5119,40.45374402016182,-3.704082898927801,14,0,0,0,75,0.0133,MEDIO
PN_5120,40.3961532248516,-3.702907771796834,14,0,0,0,80,0.0133,MEDIO
PN_5121,40.39036377694437,-3.7676487644299423,14,0,0,0,39,0.0133,MEDIO
PN_5122,40.428011754194436,-3.695253191838789,14,0,0,0,28,0.0133,MEDIO
PN_5123,40.38695322428982,-3.70898828580751,14,0,0,0,31,0.0133,MEDIO
PN_5124,40.39177900257615,-3.7382740309056195,14,0,0,0,45,0.0133,MEDIO
PN_5125,40.393954523868615,-3.6549878956747777,14,0,0,0,36,0.0133,MEDIO
PN_5126,40.41500578385618,-3.6911977146426636,14,0,0,0,49,0.0133,MEDIO
PN_5127,40.41685413092239,-3.704067801759878,14,0,0,0,56,0.0133,MEDIO
PN_5128,40.38904048905041,-3.744258891476215,14,0,0,0,54,0.0133,MEDIO
PN_5129,40.438874733946726,-3.7109070726569136,14,0,0,0,44,0.0133,MEDIO
PN_5130,40.47687455870929,-3.741133390698816,14,0,0,0,37,0.0133,MEDIO
PN_5131,40.482982081514145,-3.6749408390610947,10,0,0,1,59,0.0129,MEDIO
PN_5132,40.425984761436816,-3.7268239914880303,10,0,0,1,29,0.0129,MEDIO
PN_5133,40.47926043125681,-3.6939654193174993,10,0,0,1,25,0.0129,MEDIO
PN_5134,40.365982953191704,-3.7536479313434974,10,0,0,1,32,0.0129,MEDIO
PN_5135,40.36198851008189,-3.596144014002845,10,0,0,1,9,0.0129,MEDIO
PN_5136,40.43909259911493,-3.614266816098552,10,0,0,1,23,0.0129,MEDIO
PN_5137,40.398020305818925,-3.718815469855054,10,0,0,1,71,0.0129,MEDIO
PN_5138,40.395737857922136,-3.701135116313272,10,0,0,1,93,0.0129,MEDIO
PN_5139,40.374999073950946,-3.660875062225423,10,0,0,1,16,0.0129,MEDIO
PN_5140,40.43215950955888,-3.6461148379161186,10,0,0,1,115,0.0129,MEDIO
PN_5141,40.45885615640176,-3.646073312469877,10,0,0,1,19,0.0129,MEDIO
PN_5142,40.43316618365065,-3.6548560291427856,10,0,0,1,90,0.0129,MEDIO
PN_5143,40.369324848791265,-3.6001144791328343,10,0,0,1,20,0.0129,MEDIO
PN_5144,40.37097721724533,-3.6428468871286888,10,0,0,1,0,0.0129,MEDIO
PN_5145,40.42403075382315,-3.604107396844138,10,0,0,1,44,0.0129,MEDIO
PN_5146,40.45399259058827,-3.674241447931776,10,0,0,1,63,0.0129,MEDIO
PN_5147,40.39981012167509,-3.6321984488071934,10,0,0,1,19,0.0129,MEDIO
PN_5148,40.44525687294521,-3.6580852567579916,10,0,0,1,63,0.0129,MEDIO
PN_5149,40.45210269001693,-3.7098732104861973,10,0,0,1,61,0.0129,MEDIO
PN_5150,40.41112772615361,-3.659070349434655,10,0,0,1,72,0.0129,MEDIO
PN_5151,40.49268643743001,-3.5937071238556784,10,0,0,1,0,0.0129,MEDIO
PN_5152,40.491790570328426,-3.6529086327268048,10,0,0,1,40,0.0129,MEDIO
PN_5153,40.39907902734403,-3.7446993763769827,10,0,0,1,22,0.0129,MEDIO
PN_5154,40.376270266959075,-3.631200902887012,10,0,0,1,6,0.0129,MEDIO
PN_5155,40.47278144572563,-3.729903562822699,10,0,0,1,18,0.0129,MEDIO
PN_5156,40.45871847602654,-3.589048808005309,10,0,0,1,14,0.0129,MEDIO
PN_5157,40.425918629912516,-3.6469769809232604,10,0,0,1,72,0.0129,MEDIO
PN_5158,40.373667561544984,-3.76818453412087,10,0,0,1,35,0.0129,MEDIO
PN_5159,40.44000181317397,-3.629965438967936,10,0,0,1,34,0.0129,MEDIO
PN_5160,40.388165955778085,-3.652135443723587,10,0,0,1,24,0.0129,MEDIO
PN_5161,40.44582981005139,-3.6089391699847324,10,0,0,1,46,0.0129,MEDIO
PN_5162,40.43604101363739,-3.70286704726107,10,0,0,1,35,0.0129,MEDIO
PN_5163,40.43675236629433,-3.7009974161386148,10,0,0,1,32,0.0129,MEDIO
PN_5164,40.43098669515616,-3.6520231024263525,10,0,0,1,78,0.0129,MEDIO
PN_5165,40.38126277301681,-3.707083924892727,10,0,0,1,21,0.0129,MEDIO
PN_5166,40.38131827441051,-3.684990828435783,10,0,0,1,34,0.0129,MEDIO
PN_5167,40.46292356539097,-3.694267882761365,10,0,0,1,110,0.0129,MEDIO
PN_5168,40.446673413724355,-3.6979649403798063,10,0,0,1,73,0.0129,MEDIO
PN_5169,40.44127361465688,-3.66804539587815,10,0,0,1,50,0.0129,MEDIO
PN_5170,40.34402379949201,-3.7171410748780334,10,0,0,1,19,0.0129,MEDIO
PN_5171,40.38301062187541,-3.648936636802702,6,0,0,2,20,0.0126,BAJO
PN_5172,40.38682421372052,-3.7279226990913656,6,0,0,2,81,0.0126,BAJO
PN_5173,40.3451038123928,-3.6920799485182516,6,0,0,2,4,0.0126,BAJO
PN_5174,40.38974014970875,-3.7621795030502505,6,0,0,2,44,0.0126,BAJO
PN_5175,40.47087709645333,-3.577670000805604,6,0,0,2,6,0.0126,BAJO
PN_5176,40.49477705309746,-3.693076581905585,6,0,0,2,20,0.0126,BAJO
PN_5177,40.380936465655175,-3.731778368524223,6,0,0,2,28,0.0126,BAJO
PN_5178,40.38004104873192,-3.7160298691064377,6,0,0,2,5,0.0126,BAJO
PN_5179,40.43019019900708,-3.6809499319162526,6,0,0,2,46,0.0126,BAJO
PN_5180,40.380974491875094,-3.608061469697164,6,0,0,2,8,0.0126,BAJO
PN_5181,40.46418648417177,-3.7972874310695484,6,0,0,2,4,0.0126,BAJO
PN_5182,40.33178975922649,-3.7152822221549378,6,0,0,2,17,0.0126,BAJO
PN_5183,40.496617873409434,-3.700052170918948,6,0,0,2,12,0.0126,BAJO
PN_5184,40.394645834585404,-3.6489442421542244,6,0,0,2,19,0.0126,BAJO
PN_5185,40.40629758580847,-3.6492113082589577,6,0,0,2,33,0.0126,BAJO
PN_5186,40.36003359358496,-3.6970592354604634,6,0,0,2,36,0.0126,BAJO
PN_5187,40.45214854064431,-3.660441142920138,6,0,0,2,52,0.0126,BAJO
PN_5188,40.40568150564307,-3.7374300800339806,6,0,0,2,11,0.0126,BAJO
PN_5189,40.35604838761378,-3.6950907925863796,6,0,0,2,24,0.0126,BAJO
PN_5190,40.43782675096688,-3.674048875965584,6,0,0,2,66,0.0126,BAJO
PN_5191,40.355324154668914,-3.68763879843411,6,0,0,2,11,0.0126,BAJO
PN_5192,40.457250772835025,-3.600398399264522,6,0,0,2,8,0.0126,BAJO
PN_5193,40.37980701966389,-3.732775343099229,6,0,0,2,31,0.0126,BAJO
PN_5194,40.38006931248588,-3.687116744979928,6,0,0,2,30,0.0126,BAJO
PN_5195,40.47389269969098,-3.7116287699679806,6,0,0,2,64,0.0126,BAJO
PN_5196,40.39303446684869,-3.767852748689203,6,0,0,2,57,0.0126,BAJO
PN_5197,40.375138802248024,-3.689811327977895,6,0,0,2,17,0.0126,BAJO
PN_5198,40.37423196436411,-3.7459158696148567,6,0,0,2,42,0.0126,BAJO
PN_5199,40.42738158703266,-3.695960206824291,6,0,0,2,23,0.0126,BAJO
PN_5200,40.367082190644076,-3.7619693563727377,6,0,0,2,20,0.0126,BAJO
PN_5201,40.36711225233039,-3.6020692969318095,6,0,0,2,45,0.0126,BAJO
PN_5202,40.48094747472306,-3.7209530325665328,6,0,0,2,49,0.0126,BAJO
PN_5203,40.4813157686432,-3.65901026667342,6,0,0,2,21,0.0126,BAJO
PN_5204,40.40411707246338,-3.743971212279895,6,0,0,2,35,0.0126,BAJO
PN_5205,40.44772379914409,-3.6879566163308795,6,0,0,2,32,0.0126,BAJO
PN_5206,40.409808011675565,-3.7174275856142196,7,1,0,0,58,0.012,BAJO
PN_5207,40.422853884490074,-3.6949651667028056,7,1,0,0,74,0.012,BAJO
PN_5208,40.40996720010325,-3.699003065266408,7,1,0,0,28,0.012,BAJO
PN_5209,40.36701826037433,-3.690225182982683,7,1,0,0,41,0.012,BAJO
PN_5210,40.367193931404344,-3.6980528291053503,7,1,0,0,63,0.012,BAJO
PN_5211,40.36403113349545,-3.751937096644491,7,1,0,0,42,0.012,BAJO
PN_5212,40.40983670297677,-3.7041773434102425,7,1,0,0,30,0.012,BAJO
PN_5213,40.448155392521436,-3.586975941495551,7,1,0,0,12,0.012,BAJO
PN_5214,40.44481671967444,-3.682195004135674,7,1,0,0,22,0.012,BAJO
PN_5215,40.410933280952065,-3.6829286117197535,7,1,0,0,4,0.012,BAJO
PN_5216,40.44802101502502,-3.6612116063821842,7,1,0,0,60,0.012,BAJO
PN_5217,40.45690141876671,-3.647782745389802,7,1,0,0,28,0.012,BAJO
PN_5218,40.45715275739354,-3.649550895205912,7,1,0,0,30,0.012,BAJO
PN_5219,40.457730032344635,-3.701619102832478,7,1,0,0,89,0.012,BAJO
PN_5220,40.39833116452222,-3.7619812234163814,7,1,0,0,50,0.012,BAJO
PN_5221,40.45705038698162,-3.6743931567955426,7,1,0,0,95,0.012,BAJO
PN_5222,40.457106686461124,-3.6762116833747696,7,1,0,0,106,0.012,BAJO
PN_5223,40.45701236306966,-3.678690847499903,7,1,0,0,100,0.012,BAJO
PN_5224,40.39912826092113,-3.6949046289796277,7,1,0,0,78,0.012,BAJO
PN_5225,40.48220330767199,-3.717791577437983,7,1,0,0,63,0.012,BAJO
PN_5226,40.399023869585605,-3.7110171479982097,7,1,0,0,99,0.012,BAJO
PN_5227,40.369786005349916,-3.6961276617732293,7,1,0,0,69,0.012,BAJO
PN_5228,40.439415742499236,-3.7280980199884666,7,1,0,0,23,0.012,BAJO
PN_5229,40.37106995455645,-3.6271528985431627,7,1,0,0,0,0.012,BAJO
PN_5230,40.433960869931845,-3.7218258720537127,7,1,0,0,39,0.012,BAJO
PN_5231,40.43322954998301,-3.606018153808429,7,1,0,0,57,0.012,BAJO
PN_5232,40.43434368771853,-3.7368302375932947,7,1,0,0,41,0.012,BAJO
PN_5233,40.39968098747091,-3.671275000873801,7,1,0,0,65,0.012,BAJO
PN_5234,40.47919911057477,-3.692967192897179,7,1,0,0,30,0.012,BAJO
PN_5235,40.4789561274891,-3.666889782778366,7,1,0,0,45,0.012,BAJO
PN_5236,40.479189503798786,-3.7142066334818575,7,1,0,0,77,0.012,BAJO
PN_5237,40.47966866707274,-3.6516268865489114,7,1,0,0,11,0.012,BAJO
PN_5238,40.452079865318964,-3.649926598871469,7,1,0,0,48,0.012,BAJO
PN_5239,40.404129327971624,-3.723071108820425,7,1,0,0,46,0.012,BAJO
PN_5240,40.42525284949243,-3.703901919246559,7,1,0,0,31,0.012,BAJO
PN_5241,40.403016340365454,-3.611033349942278,7,1,0,0,21,0.012,BAJO
PN_5242,40.40289667409464,-3.6202141336924174,7,1,0,0,2,0.012,BAJO
PN_5243,40.45328029563067,-3.6635780242264886,7,1,0,0,66,0.012,BAJO
PN_5244,40.40304960186971,-3.607897262687094,7,1,0,0,17,0.012,BAJO
PN_5245,40.402784452418395,-3.7580280750573953,7,1,0,0,20,0.012,BAJO
PN_5246,40.453883787282834,-3.728976937127991,7,1,0,0,11,0.012,BAJO
PN_5247,40.42506325385764,-3.6109532586924393,7,1,0,0,57,0.012,BAJO
PN_5248,40.42492956338932,-3.6006068678037706,7,1,0,0,36,0.012,BAJO
PN_5249,40.36421878497826,-3.759852164658254,7,1,0,0,39,0.012,BAJO
PN_5250,40.438035671554466,-3.63189642738251,7,1,0,0,50,0.012,BAJO
PN_5251,40.36360955377383,-3.7147048428222362,7,1,0,0,6,0.012,BAJO
PN_5252,40.35926343505606,-3.6589859647247054,7,1,0,0,0,0.012,BAJO
PN_5253,40.438749791195605,-3.743154405755304,7,1,0,0,4,0.012,BAJO
PN_5254,40.43413230392739,-3.6391326418835743,7,1,0,0,98,0.012,BAJO
PN_5255,40.43381600871283,-3.6327596974559127,7,1,0,0,74,0.012,BAJO
PN_5256,40.42507845865632,-3.7059074991121035,7,1,0,0,49,0.012,BAJO
PN_5257,40.40518747148446,-3.670940799923432,7,1,0,0,83,0.012,BAJO
PN_5258,40.44411808177779,-3.6788811988203673,7,1,0,0,46,0.012,BAJO
PN_5259,40.406881241570325,-3.745120402476099,7,1,0,0,29,0.012,BAJO
PN_5260,40.403775258953154,-3.6022824753352887,7,1,0,0,12,0.012,BAJO
PN_5261,40.4131898122336,-3.6281516138124266,7,1,0,0,22,0.012,BAJO
PN_5262,40.44801382719028,-3.710156836853958,7,1,0,0,45,0.012,BAJO
PN_5263,40.41522266309584,-3.7270760851098683,7,1,0,0,77,0.012,BAJO
PN_5264,40.490069102216516,-3.59327628842119,7,1,0,0,0,0.012,BAJO
PN_5265,40.34910789702126,-3.706879373604213,7,1,0,0,34,0.012,BAJO
PN_5266,40.34899461020695,-3.7079362723746483,7,1,0,0,32,0.012,BAJO
PN_5267,40.34908743616115,-3.710009671636611,7,1,0,0,19,0.012,BAJO
PN_5268,40.3498517166816,-3.6919947475113104,7,1,0,0,20,0.012,BAJO
PN_5269,40.494777490831744,-3.6652628251831167,7,1,0,0,41,0.012,BAJO
PN_5270,40.41138982330465,-3.635120636241637,7,1,0,0,29,0.012,BAJO
PN_5271,40.488986245412086,-3.7162590988937363,7,1,0,0,21,0.012,BAJO
PN_5272,40.41026236259029,-3.723205777333667,7,1,0,0,58,0.012,BAJO
PN_5273,40.42270213697286,-3.7158283552682976,7,1,0,0,70,0.012,BAJO
PN_5274,40.46036627398941,-3.688052432299153,7,1,0,0,94,0.012,BAJO
PN_5275,40.392764481161585,-3.7052400296676367,7,1,0,0,81,0.012,BAJO
PN_5276,40.426833861715245,-3.704019447647144,7,1,0,0,45,0.012,BAJO
PN_5277,40.458674376823964,-3.715942127205077,7,1,0,0,40,0.012,BAJO
PN_5278,40.47717814099565,-3.7361219465765734,7,1,0,0,28,0.012,BAJO
PN_5279,40.44197635921838,-3.6858839403599433,7,1,0,0,38,0.012,BAJO
PN_5280,40.473091756017865,-3.5789234359821767,7,1,0,0,19,0.012,BAJO
PN_5281,40.4300229319657,-3.6968174568822603,7,1,0,0,33,0.012,BAJO
PN_5282,40.44042902061734,-3.6692579198207294,7,1,0,0,53,0.012,BAJO
PN_5283,40.46986106495348,-3.7125894522987375,7,1,0,0,60,0.012,BAJO
PN_5284,40.38222398775264,-3.6459577623429698,7,1,0,0,9,0.012,BAJO
PN_5285,40.38123372474082,-3.6367744369932486,7,1,0,0,10,0.012,BAJO
PN_5286,40.42691220941554,-3.6009764828329476,7,1,0,0,47,0.012,BAJO
PN_5287,40.46256072396978,-3.625992791883391,7,1,0,0,27,0.012,BAJO
PN_5288,40.46313311558124,-3.6878700380094656,7,1,0,0,70,0.012,BAJO
PN_5289,40.46182723777723,-3.7086779700248367,7,1,0,0,34,0.012,BAJO
PN_5290,40.47293220386494,-3.6750070421676004,7,1,0,0,43,0.012,BAJO
PN_5291,40.471971047469275,-3.7503204191045123,7,1,0,0,15,0.012,BAJO
PN_5292,40.4318629194943,-3.6848278991750214,7,1,0,0,49,0.012,BAJO
PN_5293,40.37833400570704,-3.685631909531991,7,1,0,0,14,0.012,BAJO
PN_5294,40.471643662677714,-3.707963826541133,7,1,0,0,44,0.012,BAJO
PN_5295,40.47273830040284,-3.722411158886088,7,1,0,0,43,0.012,BAJO
PN_5296,40.37671876737666,-3.6540872346756896,7,1,0,0,17,0.012,BAJO
PN_5297,40.39284148159873,-3.690131931739582,7,1,0,0,39,0.012,BAJO
PN_5298,40.47206170805292,-3.6873190654149544,7,1,0,0,52,0.012,BAJO
PN_5299,40.43987267124506,-3.720903711146515,7,1,0,0,30,0.012,BAJO
PN_5300,40.43207683138752,-3.703642961239651,7,1,0,0,66,0.012,BAJO
PN_5301,40.438853304648426,-3.667773493564549,7,1,0,0,62,0.012,BAJO
PN_5302,40.375194683359204,-3.632618234011939,7,1,0,0,4,0.012,BAJO
PN_5303,40.47381735962186,-3.6937494462820615,7,1,0,0,36,0.012,BAJO
PN_5304,40.373778197179114,-3.756595663943943,7,1,0,0,28,0.012,BAJO
PN_5305,40.395644394421886,-3.764245300512829,7,1,0,0,46,0.012,BAJO
PN_5306,40.39515764248097,-3.6509276142960174,7,1,0,0,15,0.012,BAJO
PN_5307,40.46426112729411,-3.6122451583980566,7,1,0,0,6,0.012,BAJO
PN_5308,40.4639224605312,-3.5869749987263817,7,1,0,0,23,0.012,BAJO
PN_5309,40.3889836133897,-3.622690337606586,7,1,0,0,7,0.012,BAJO
PN_5310,40.38785195682018,-3.645984599915985,7,1,0,0,38,0.012,BAJO
PN_5311,40.471310314347924,-3.613645553430905,7,1,0,0,0,0.012,BAJO
PN_5312,40.37980149408632,-3.655167198424419,7,1,0,0,15,0.012,BAJO
PN_5313,40.38518347702827,-3.61103038174797,7,1,0,0,7,0.012,BAJO
PN_5314,40.42892777158483,-3.606868774158989,7,1,0,0,57,0.012,BAJO
PN_5315,40.385242249457136,-3.7363605419742276,7,1,0,0,48,0.012,BAJO
PN_5316,40.38596179302324,-3.7578579583551486,7,1,0,0,34,0.012,BAJO
PN_5317,40.38618700464098,-3.72082246403644,7,1,0,0,97,0.012,BAJO
PN_5318,40.46594711584622,-3.571004531716057,7,1,0,0,0,0.012,BAJO
PN_5319,40.46683452823588,-3.7108403470549676,7,1,0,0,39,0.012,BAJO
PN_5320,40.466056253439326,-3.7010889989797335,7,1,0,0,22,0.012,BAJO
PN_5321,40.388083340963576,-3.6978611382909525,7,1,0,0,49,0.012,BAJO
PN_5322,40.386947384329865,-3.700337047136648,7,1,0,0,51,0.012,BAJO
PN_5323,40.4646760800421,-3.7032921698455286,7,1,0,0,24,0.012,BAJO
PN_5324,40.471251226216,-3.6798655316066515,7,1,0,0,44,0.012,BAJO
PN_5325,40.44590541874248,-3.6769585465856545,7,1,0,0,36,0.012,BAJO
PN_5326,40.509878767474106,-3.691826042075268,7,1,0,0,23,0.012,BAJO
PN_5327,40.46806259108008,-3.7497039757869537,7,1,0,0,8,0.012,BAJO
PN_5328,40.38313371804422,-3.627052705950883,7,1,0,0,49,0.012,BAJO
PN_5329,40.4213434286219,-3.7180519416330386,7,1,0,0,76,0.012,BAJO
PN_5330,40.41801225637848,-3.671871398405499,7,1,0,0,73,0.012,BAJO
PN_5331,40.50340022013403,-3.703949374131617,7,1,0,0,89,0.012,BAJO
PN_5332,40.416614857568106,-3.6989590400268884,7,1,0,0,66,0.012,BAJO
PN_5333,40.46800674848622,-3.7194064244144576,7,1,0,0,42,0.012,BAJO
PN_5334,40.50215134189567,-3.700218721233024,7,1,0,0,90,0.012,BAJO
PN_5335,40.34813030466064,-3.701080912890274,7,1,0,0,34,0.012,BAJO
PN_5336,40.446059525492856,-3.5799599267102407,7,1,0,0,11,0.012,BAJO
PN_5337,40.437015271420634,-3.6673611675858533,7,1,0,0,48,0.012,BAJO
PN_5338,40.43704362082953,-3.613212622068574,7,1,0,0,28,0.012,BAJO
PN_5339,40.49461541015331,-3.666812159781781,7,1,0,0,43,0.012,BAJO
PN_5340,40.49685731072804,-3.7142051401841094,7,1,0,0,23,0.012,BAJO
PN_5341,40.4370281024079,-3.7279341454155053,7,1,0,0,29,0.012,BAJO
PN_5342,40.437134313594186,-3.6641216330633064,7,1,0,0,68,0.012,BAJO
PN_5343,40.51580058878738,-3.6670236871905835,7,1,0,0,19,0.012,BAJO
PN_5344,40.500184286778286,-3.6589467625296903,7,1,0,0,33,0.012,BAJO
PN_5345,40.43486678761609,-3.6061564551119125,13,0,0,0,40,0.0118,MEDIO
PN_5346,40.44636448569551,-3.6938881074779197,13,0,0,0,84,0.0118,MEDIO
PN_5347,40.4099694957118,-3.7072536478229656,13,0,0,0,34,0.0118,MEDIO
PN_5348,40.5131253215678,-3.664707621623196,13,0,0,0,26,0.0118,MEDIO
PN_5349,40.44078857514718,-3.6727908020538433,13,0,0,0,54,0.0118,MEDIO
PN_5350,40.41209215183459,-3.735904395312824,13,0,0,0,54,0.0118,MEDIO
PN_5351,40.39022894198865,-3.7111446217983195,13,0,0,0,35,0.0118,MEDIO
PN_5352,40.362718054936764,-3.757826017490435,13,0,0,0,48,0.0118,MEDIO
PN_5353,40.41964053531744,-3.619928110345863,13,0,0,0,40,0.0118,MEDIO
PN_5354,40.429021215375954,-3.6468390342159536,13,0,0,0,97,0.0118,MEDIO
PN_5355,40.473133085293206,-3.717807117211873,13,0,0,0,72,0.0118,MEDIO
PN_5356,40.460936050118704,-3.6150915830189776,13,0,0,0,24,0.0118,MEDIO
PN_5357,40.37781316948734,-3.7429772515788544,13,0,0,0,28,0.0118,MEDIO
PN_5358,40.45971465710303,-3.695002575561409,13,0,0,0,136,0.0118,MEDIO
PN_5359,40.41386738981233,-3.719313916870056,13,0,0,0,72,0.0118,MEDIO
PN_5360,40.4140431914077,-3.7160001625875925,13,0,0,0,50,0.0118,MEDIO
PN_5361,40.42817274843623,-3.6937337510618704,13,0,0,0,30,0.0118,MEDIO
PN_5362,40.39793715296439,-3.6610562437468896,13,0,0,0,28,0.0118,MEDIO
PN_5363,40.43387785904561,-3.698170081580754,13,0,0,0,38,0.0118,MEDIO
PN_5364,40.47389337037852,-3.6850224286058526,13,0,0,0,48,0.0118,MEDIO
PN_5365,40.48131627335082,-3.666014656137613,13,0,0,0,33,0.0118,MEDIO
PN_5366,40.3832818036052,-3.704081729435797,13,0,0,0,22,0.0118,MEDIO
PN_5367,40.46187367775773,-3.687996913692892,13,0,0,0,76,0.0118,MEDIO
PN_5368,40.39401264496861,-3.6942858052239362,13,0,0,0,67,0.0118,MEDIO
PN_5369,40.474959191354486,-3.6846729940445946,13,0,0,0,43,0.0118,MEDIO
PN_5370,40.48915143545331,-3.646213355652144,13,0,0,0,20,0.0118,MEDIO
PN_5371,40.47163044613919,-3.6821419436497465,13,0,0,0,49,0.0118,MEDIO
PN_5372,40.49671668107298,-3.6672217467380928,13,0,0,0,43,0.0118,MEDIO
PN_5373,40.408122214337794,-3.736054252160642,9,0,0,1,43,0.0115,BAJO
PN_5374,40.494157311690145,-3.6649882862567527,9,0,0,1,44,0.0115,BAJO
PN_5375,40.50067079128046,-3.6592186524529584,9,0,0,1,31,0.0115,BAJO
PN_5376,40.504292623632026,-3.664941500927251,9,0,0,1,45,0.0115,BAJO
PN_5377,40.44889602668823,-3.6758995181457896,9,0,0,1,40,0.0115,BAJO
PN_5378,40.45081359268895,-3.707245944295244,9,0,0,1,75,0.0115,BAJO
PN_5379,40.423727339230005,-3.712976755731609,9,0,0,1,74,0.0115,BAJO
PN_5380,40.42185663084937,-3.6890106446932234,9,0,0,1,73,0.0115,BAJO
PN_5381,40.38997896982529,-3.725760579762883,9,0,0,1,74,0.0115,BAJO
PN_5382,40.3638370552531,-3.599925392050145,9,0,0,1,30,0.0115,BAJO
PN_5383,40.440643519479195,-3.6280220886843435,9,0,0,1,45,0.0115,BAJO
PN_5384,40.485761475566875,-3.6607128235175272,9,0,0,1,37,0.0115,BAJO
PN_5385,40.43412615460179,-3.607953778597733,9,0,0,1,52,0.0115,BAJO
PN_5386,40.458685564566345,-3.6839377988538593,9,0,0,1,79,0.0115,BAJO
PN_5387,40.376942694195414,-3.7359177118612683,9,0,0,1,50,0.0115,BAJO
PN_5388,40.43420048932481,-3.711406638004679,9,0,0,1,52,0.0115,BAJO
PN_5389,40.39796530188665,-3.734118466931327,9,0,0,1,12,0.0115,BAJO
PN_5390,40.40282533655925,-3.697719118324183,9,0,0,1,101,0.0115,BAJO
PN_5391,40.390902129225246,-3.669993680779188,9,0,0,1,18,0.0115,BAJO
PN_5392,40.38985474584036,-3.6698772600600966,9,0,0,1,27,0.0115,BAJO
PN_5393,40.45318071876143,-3.7436491981607736,9,0,0,1,15,0.0115,BAJO
PN_5394,40.43014511822187,-3.630939863281567,9,0,0,1,82,0.0115,BAJO
PN_5395,40.38088282582302,-3.7682160914485667,9,0,0,1,19,0.0115,BAJO
PN_5396,40.42686844794217,-3.7342531886395927,9,0,0,1,15,0.0115,BAJO
PN_5397,40.36784404985738,-3.686677828055016,9,0,0,1,14,0.0115,BAJO
PN_5398,40.44326136369677,-3.6168260740499374,9,0,0,1,34,0.0115,BAJO
PN_5399,40.40832708373578,-3.6690612293336327,9,0,0,1,89,0.0115,BAJO
PN_5400,40.387745592300384,-3.656088541294955,9,0,0,1,14,0.0115,BAJO
PN_5401,40.393209202442364,-3.708166815618387,9,0,0,1,74,0.0115,BAJO
PN_5402,40.45885689228287,-3.678987231731749,9,0,0,1,97,0.0115,BAJO
PN_5403,40.46086211751686,-3.676729738153787,9,0,0,1,92,0.0115,BAJO
PN_5404,40.422659847135414,-3.722877868560892,9,0,0,1,51,0.0115,BAJO
PN_5405,40.432026501842905,-3.6882249724732006,9,0,0,1,53,0.0115,BAJO
PN_5406,40.39203800579255,-3.7332240749491654,9,0,0,1,35,0.0115,BAJO
PN_5407,40.393003327238866,-3.672394637191105,9,0,0,1,40,0.0115,BAJO
PN_5408,40.38876263469667,-3.761880476989685,9,0,0,1,46,0.0115,BAJO
PN_5409,40.42808488947597,-3.6420598686325443,9,0,0,1,79,0.0115,BAJO
PN_5410,40.42208455733464,-3.685862983339524,9,0,0,1,54,0.0115,BAJO
PN_5411,40.454996098257105,-3.679828956891974,9,0,0,1,88,0.0115,BAJO
PN_5412,40.48483520537736,-3.6540871916694675,9,0,0,1,21,0.0115,BAJO
PN_5413,40.34302745993512,-3.7177426458269665,9,0,0,1,19,0.0115,BAJO
PN_5414,40.46785560831714,-3.6631691112972096,9,0,0,1,46,0.0115,BAJO
PN_5415,40.42102863055497,-3.695725119384848,9,0,0,1,83,0.0115,BAJO
PN_5416,40.38299233562048,-3.6718578755968707,9,0,0,1,29,0.0115,BAJO
PN_5417,40.50798869509109,-3.6707588172277252,9,0,0,1,37,0.0115,BAJO
PN_5418,40.40860485265371,-3.7105883678264817,9,0,0,1,38,0.0115,BAJO
PN_5419,40.40708322927462,-3.6080901286795677,9,0,0,1,41,0.0115,BAJO
PN_5420,40.42912642811986,-3.6518102219534803,9,0,0,1,75,0.0115,BAJO
PN_5421,40.488226091255825,-3.655056203440646,9,0,0,1,46,0.0115,BAJO
PN_5422,40.421941822381164,-3.7108190627861157,9,0,0,1,81,0.0115,BAJO
PN_5423,40.41602535849896,-3.701729392797743,9,0,0,1,54,0.0115,BAJO
PN_5424,40.38607968702151,-3.7400307455891078,9,0,0,1,76,0.0115,BAJO
PN_5425,40.38592869268553,-3.6690280507974,9,0,0,1,32,0.0115,BAJO
PN_5426,40.394104638385066,-3.6761368805292025,9,0,0,1,53,0.0115,BAJO
PN_5427,40.37401365144893,-3.6459623720905845,9,0,0,1,8,0.0115,BAJO
PN_5428,40.39584308013885,-3.720606158058406,9,0,0,1,48,0.0115,BAJO
PN_5429,40.466141576573754,-3.6547983416586476,9,0,0,1,30,0.0115,BAJO
PN_5430,40.34316070199593,-3.712771972293153,5,0,0,2,25,0.0111,BAJO
PN_5431,40.426174627402155,-3.6867789819630543,5,0,0,2,57,0.0111,BAJO
PN_5432,40.42604731197601,-3.633007537834959,5,0,0,2,58,0.0111,BAJO
PN_5433,40.39699246557926,-3.765947939945427,5,0,0,2,42,0.0111,BAJO
PN_5434,40.38523608862772,-3.779898270720274,5,0,0,2,7,0.0111,BAJO
PN_5435,40.463003454478994,-3.593043487074984,5,0,0,2,15,0.0111,BAJO
PN_5436,40.46380191631674,-3.712042823786482,5,0,0,2,32,0.0111,BAJO
PN_5437,40.39998763963113,-3.663859148105401,5,0,0,2,50,0.0111,BAJO
PN_5438,40.38196556164608,-3.6930826149830365,5,0,0,2,48,0.0111,BAJO
PN_5439,40.40112835168926,-3.6581573517817985,5,0,0,2,20,0.0111,BAJO
PN_5440,40.38007190938166,-3.6099182225207045,5,0,0,2,4,0.0111,BAJO
PN_5441,40.3817151793388,-3.7780504868034988,5,0,0,2,0,0.0111,BAJO
PN_5442,40.42723042511844,-3.656075184884601,5,0,0,2,47,0.0111,BAJO
PN_5443,40.42701827741182,-3.6369823855301817,5,0,0,2,35,0.0111,BAJO
PN_5444,40.40205409441274,-3.591193135574476,5,0,0,2,7,0.0111,BAJO
PN_5445,40.42718022039047,-3.6120057891240718,5,0,0,2,24,0.0111,BAJO
PN_5446,40.47121367082673,-3.673707050582105,5,0,0,2,48,0.0111,BAJO
PN_5447,40.46323383941233,-3.571269355285658,5,0,0,2,0,0.0111,BAJO
PN_5448,40.42376548066407,-3.6988279380291624,5,0,0,2,31,0.0111,BAJO
PN_5449,40.403061816580724,-3.657820286346284,5,0,0,2,31,0.0111,BAJO
PN_5450,40.391863461424585,-3.6250239060104006,5,0,0,2,7,0.0111,BAJO
PN_5451,40.376764130948956,-3.7338987767577114,5,0,0,2,50,0.0111,BAJO
PN_5452,40.462100583770486,-3.6429516186858257,5,0,0,2,33,0.0111,BAJO
PN_5453,40.39134564040436,-3.642249923137476,5,0,0,2,55,0.0111,BAJO
PN_5454,40.43096415856972,-3.6470548058050327,5,0,0,2,123,0.0111,BAJO
PN_5455,40.37895847968016,-3.7910525308350858,5,0,0,2,8,0.0111,BAJO
PN_5456,40.37921414715817,-3.654113050388381,5,0,0,2,15,0.0111,BAJO
PN_5457,40.37707566128603,-3.6330178373807582,5,0,0,2,6,0.0111,BAJO
PN_5458,40.39507069504052,-3.7108068949756072,5,0,0,2,90,0.0111,BAJO
PN_5459,40.37332753799773,-3.6679911592313323,5,0,0,2,0,0.0111,BAJO
PN_5460,40.395998125190786,-3.7331083491635804,5,0,0,2,14,0.0111,BAJO
PN_5461,40.39603936006465,-3.757735947246789,5,0,0,2,29,0.0111,BAJO
PN_5462,40.44195382332059,-3.6430992173856547,5,0,0,2,33,0.0111,BAJO
PN_5463,40.373275867158,-3.622682365842876,5,0,0,2,0,0.0111,BAJO
PN_5464,40.38011909627345,-3.746010249430357,5,0,0,2,22,0.0111,BAJO
PN_5465,40.40862851122938,-3.7340090865394315,5,0,0,2,52,0.0111,BAJO
PN_5466,40.38499232477542,-3.7038700735427144,5,0,0,2,28,0.0111,BAJO
PN_5467,40.466046601410255,-3.6541761865499347,5,0,0,2,30,0.0111,BAJO
PN_5468,40.46475838274283,-3.6341186381802535,5,0,0,2,52,0.0111,BAJO
PN_5469,40.387613528872336,-3.6602619779540433,5,0,0,2,24,0.0111,BAJO
PN_5470,40.40718122905356,-3.603907221113237,5,0,0,2,20,0.0111,BAJO
PN_5471,40.44409142450131,-3.6038907555062116,5,0,0,2,11,0.0111,BAJO
PN_5472,40.410752076720925,-3.7369621342618964,5,0,0,2,45,0.0111,BAJO
PN_5473,40.44827495127986,-3.5942064609714777,5,0,0,2,6,0.0111,BAJO
PN_5474,40.3541448433739,-3.7118631040979393,5,0,0,2,0,0.0111,BAJO
PN_5475,40.35381330280679,-3.6850103571148862,5,0,0,2,16,0.0111,BAJO
PN_5476,40.44777404710881,-3.666253634277685,5,0,0,2,67,0.0111,BAJO
PN_5477,40.447288979533084,-3.686033968509983,5,0,0,2,25,0.0111,BAJO
PN_5478,40.41505879219346,-3.722627048725625,5,0,0,2,95,0.0111,BAJO
PN_5479,40.34363086373513,-3.6959256617874274,5,0,0,2,4,0.0111,BAJO
PN_5480,40.43622901898305,-3.6383072932109477,5,0,0,2,77,0.0111,BAJO
PN_5481,40.34767895761156,-3.7028815037504628,5,0,0,2,40,0.0111,BAJO
PN_5482,40.34362628968323,-3.694088051596934,6,1,0,0,4,0.0106,BAJO
PN_5483,40.49811659551315,-3.6609998894813445,6,1,0,0,40,0.0106,BAJO
PN_5484,40.43570281275468,-3.6490008257671067,6,1,0,0,73,0.0106,BAJO
PN_5485,40.512886488405634,-3.679930637423194,6,1,0,0,6,0.0106,BAJO
PN_5486,40.34692434552377,-3.6772524982349233,6,1,0,0,11,0.0106,BAJO
PN_5487,40.34705640452041,-3.675725054745769,6,1,0,0,11,0.0106,BAJO
PN_5488,40.49535360434633,-3.719852405403144,6,1,0,0,43,0.0106,BAJO
PN_5489,40.445856696073434,-3.590912468720432,6,1,0,0,16,0.0106,BAJO
PN_5490,40.49125873309382,-3.6531760581752906,6,1,0,0,37,0.0106,BAJO
PN_5491,40.48962268927101,-3.6426269787700356,6,1,0,0,2,0.0106,BAJO
PN_5492,40.35403861987989,-3.6838789968405834,6,1,0,0,17,0.0106,BAJO
PN_5493,40.49002096658064,-3.6582989310690146,6,1,0,0,37,0.0106,BAJO
PN_5494,40.353037996067634,-3.6860101329515693,6,1,0,0,9,0.0106,BAJO
PN_5495,40.488707522675256,-3.669216416648597,6,1,0,0,17,0.0106,BAJO
PN_5496,40.35580303353437,-3.7048665586541567,6,1,0,0,19,0.0106,BAJO
PN_5497,40.411114960925154,-3.704029031393999,6,1,0,0,26,0.0106,BAJO
PN_5498,40.41086208408073,-3.6569376442403807,6,1,0,0,67,0.0106,BAJO
PN_5499,40.428834454396345,-3.709886282660005,6,1,0,0,80,0.0106,BAJO
PN_5500,40.466957124595666,-3.7040574095856935,6,1,0,0,24,0.0106,BAJO
PN_5501,40.386074549649145,-3.7270329730966973,6,1,0,0,81,0.0106,BAJO
PN_5502,40.3879093392206,-3.6197840459278106,6,1,0,0,7,0.0106,BAJO
PN_5503,40.38898937453894,-3.7779649233600807,6,1,0,0,0,0.0106,BAJO
PN_5504,40.48184436350169,-3.663982543003143,6,1,0,0,41,0.0106,BAJO
PN_5505,40.407881956331956,-3.7380197955721832,6,1,0,0,45,0.0106,BAJO
PN_5506,40.40803912020792,-3.640094310851351,6,1,0,0,33,0.0106,BAJO
PN_5507,40.42199072988709,-3.6090436052054518,6,1,0,0,65,0.0106,BAJO
PN_5508,40.42335319861561,-3.675171602002068,6,1,0,0,60,0.0106,BAJO
PN_5509,40.443820406710856,-3.6518538753607417,6,1,0,0,41,0.0106,BAJO
PN_5510,40.44408942546508,-3.609136894312648,6,1,0,0,37,0.0106,BAJO
PN_5511,40.44919466695771,-3.5911814880006525,6,1,0,0,8,0.0106,BAJO
PN_5512,40.40884541092693,-3.7019330826014247,6,1,0,0,32,0.0106,BAJO
PN_5513,40.39076858494638,-3.647933007008836,6,1,0,0,35,0.0106,BAJO
PN_5514,40.3921114475881,-3.651050613588202,6,1,0,0,24,0.0106,BAJO
PN_5515,40.37698927458132,-3.7683106093345415,6,1,0,0,33,0.0106,BAJO
PN_5516,40.376621082911946,-3.745418009337136,6,1,0,0,39,0.0106,BAJO
PN_5517,40.376635538957395,-3.6232088385960233,6,1,0,0,16,0.0106,BAJO
PN_5518,40.47301951217563,-3.683908884409321,6,1,0,0,44,0.0106,BAJO
PN_5519,40.37783432014002,-3.6688013806548656,6,1,0,0,24,0.0106,BAJO
PN_5520,40.472154792492965,-3.7038934553279006,6,1,0,0,27,0.0106,BAJO
PN_5521,40.471795997410645,-3.693951092093473,6,1,0,0,30,0.0106,BAJO
PN_5522,40.39308329533986,-3.666795963073456,6,1,0,0,38,0.0106,BAJO
PN_5523,40.39289485332426,-3.6561660089118195,6,1,0,0,42,0.0106,BAJO
PN_5524,40.3941507649798,-3.7316229006152333,6,1,0,0,7,0.0106,BAJO
PN_5525,40.44167741385894,-3.7058629658233535,6,1,0,0,30,0.0106,BAJO
PN_5526,40.395214300871686,-3.763826063508745,6,1,0,0,50,0.0106,BAJO
PN_5527,40.39427613802792,-3.6441685541648496,6,1,0,0,46,0.0106,BAJO
PN_5528,40.394035687900676,-3.632235954843233,6,1,0,0,0,0.0106,BAJO
PN_5529,40.45904990853919,-3.6518929382534786,6,1,0,0,26,0.0106,BAJO
PN_5530,40.39542734163377,-3.6331052223818916,6,1,0,0,5,0.0106,BAJO
PN_5531,40.37409832276937,-3.7753650990818257,6,1,0,0,23,0.0106,BAJO
PN_5532,40.476416791006876,-3.7179276945734596,6,1,0,0,41,0.0106,BAJO
PN_5533,40.37410723343293,-3.7003081453444646,6,1,0,0,32,0.0106,BAJO
PN_5534,40.47485173033016,-3.5886478919558678,6,1,0,0,2,0.0106,BAJO
PN_5535,40.438908424600186,-3.6770309692476975,6,1,0,0,79,0.0106,BAJO
PN_5536,40.43865762422957,-3.678064078284217,6,1,0,0,91,0.0106,BAJO
PN_5537,40.47519950043145,-3.6682820387361783,6,1,0,0,57,0.0106,BAJO
PN_5538,40.47528836100892,-3.74206646341284,6,1,0,0,31,0.0106,BAJO
PN_5539,40.375892136883905,-3.6926461720671138,6,1,0,0,23,0.0106,BAJO
PN_5540,40.473208027897115,-3.5778492328925124,6,1,0,0,15,0.0106,BAJO
PN_5541,40.37690444826724,-3.7776315352276164,6,1,0,0,25,0.0106,BAJO
PN_5542,40.39618591604208,-3.7649407496970393,6,1,0,0,43,0.0106,BAJO
PN_5543,40.39578998103172,-3.6728517930776357,6,1,0,0,54,0.0106,BAJO
PN_5544,40.39625777033552,-3.6943022196137676,6,1,0,0,64,0.0106,BAJO
PN_5545,40.396851132416025,-3.7369586201969334,6,1,0,0,16,0.0106,BAJO
PN_5546,40.426275706599434,-3.6667935654488653,6,1,0,0,29,0.0106,BAJO
PN_5547,40.42570370987259,-3.652836183698364,6,1,0,0,42,0.0106,BAJO
PN_5548,40.457065053678136,-3.6492024073876883,6,1,0,0,32,0.0106,BAJO
PN_5549,40.39898159110056,-3.58991912963916,6,1,0,0,0,0.0106,BAJO
PN_5550,40.40023514521403,-3.7482414411909413,6,1,0,0,32,0.0106,BAJO
PN_5551,40.481366387052084,-3.719990058120365,6,1,0,0,56,0.0106,BAJO
PN_5552,40.36782966921627,-3.608155332869328,6,1,0,0,48,0.0106,BAJO
PN_5553,40.47998331632319,-3.7068873605187918,6,1,0,0,80,0.0106,BAJO
PN_5554,40.47994138531775,-3.6999614923879265,6,1,0,0,51,0.0106,BAJO
PN_5555,40.37004085299573,-3.5949848584782025,6,1,0,0,0,0.0106,BAJO
PN_5556,40.480155299455,-3.720132459831543,6,1,0,0,49,0.0106,BAJO
PN_5557,40.37000604499128,-3.622702133596196,6,1,0,0,0,0.0106,BAJO
PN_5558,40.47881225202627,-3.651155963100136,6,1,0,0,16,0.0106,BAJO
PN_5559,40.370798677696904,-3.726228792925148,6,1,0,0,12,0.0106,BAJO
PN_5560,40.371705018657686,-3.6599319635716943,6,1,0,0,2,0.0106,BAJO
PN_5561,40.401416256173015,-3.760983482927116,6,1,0,0,33,0.0106,BAJO
PN_5562,40.455244815821146,-3.6492772717888813,6,1,0,0,40,0.0106,BAJO
PN_5563,40.430131668587386,-3.6223407365129376,6,1,0,0,20,0.0106,BAJO
PN_5564,40.38193231298042,-3.6861696389802066,6,1,0,0,40,0.0106,BAJO
PN_5565,40.470142046927236,-3.6998125500490975,6,1,0,0,19,0.0106,BAJO
PN_5566,40.470304902237814,-3.7180592067233,6,1,0,0,64,0.0106,BAJO
PN_5567,40.381829563333724,-3.6649473081378967,6,1,0,0,38,0.0106,BAJO
PN_5568,40.468866756400544,-3.612347085738612,6,1,0,0,0,0.0106,BAJO
PN_5569,40.46915803634665,-3.649751369614816,6,1,0,0,30,0.0106,BAJO
PN_5570,40.46885828044103,-3.633149419984559,6,1,0,0,22,0.0106,BAJO
PN_5571,40.38311218254969,-3.744943700738571,6,1,0,0,47,0.0106,BAJO
PN_5572,40.46909648564906,-3.7698036371909485,6,1,0,0,0,0.0106,BAJO
PN_5573,40.389824297925124,-3.6368211181287307,6,1,0,0,33,0.0106,BAJO
PN_5574,40.39025660665419,-3.6577663666030102,6,1,0,0,40,0.0106,BAJO
PN_5575,40.38962617391697,-3.643857182257514,6,1,0,0,51,0.0106,BAJO
PN_5576,40.42678018109216,-3.64023658098705,6,1,0,0,53,0.0106,BAJO
PN_5577,40.427131252571826,-3.6408293493927277,6,1,0,0,57,0.0106,BAJO
PN_5578,40.428062087984,-3.729993995642659,6,1,0,0,28,0.0106,BAJO
PN_5579,40.427052058897466,-3.613069938542111,6,1,0,0,17,0.0106,BAJO
PN_5580,40.463042852575995,-3.784043841240982,6,1,0,0,31,0.0106,BAJO
PN_5581,40.390897865175724,-3.6999479108887905,6,1,0,0,63,0.0106,BAJO
PN_5582,40.462184491911074,-3.6752653685093755,6,1,0,0,70,0.0106,BAJO
PN_5583,40.401981459322606,-3.7468387978495272,6,1,0,0,35,0.0106,BAJO
PN_5584,40.44275481009495,-3.6536319622904716,6,1,0,0,44,0.0106,BAJO
PN_5585,40.40317656539483,-3.7091747456376942,6,1,0,0,54,0.0106,BAJO
PN_5586,40.40282650845703,-3.7588761904258594,6,1,0,0,13,0.0106,BAJO
PN_5587,40.40280413851331,-3.673781899040399,6,1,0,0,45,0.0106,BAJO
PN_5588,40.40372674509136,-3.6767510221420174,6,1,0,0,49,0.0106,BAJO
PN_5589,40.45263071601103,-3.6656427515471157,6,1,0,0,58,0.0106,BAJO
PN_5590,40.45267415015851,-3.6651400013820066,6,1,0,0,58,0.0106,BAJO
PN_5591,40.40428725111166,-3.597947698721869,6,1,0,0,11,0.0106,BAJO
PN_5592,40.403644116849165,-3.6460471578602855,6,1,0,0,20,0.0106,BAJO
PN_5593,40.404977710887174,-3.710994774924656,6,1,0,0,54,0.0106,BAJO
PN_5594,40.4518650192595,-3.6871851233642765,6,1,0,0,49,0.0106,BAJO
PN_5595,40.404825734081825,-3.7439790155640584,6,1,0,0,31,0.0106,BAJO
PN_5596,40.42381227576112,-3.681634160586087,6,1,0,0,64,0.0106,BAJO
PN_5597,40.40494671237232,-3.692099329211562,6,1,0,0,72,0.0106,BAJO
PN_5598,40.40513085158428,-3.59886653553897,6,1,0,0,11,0.0106,BAJO
PN_5599,40.40533745092663,-3.603028472021497,6,1,0,0,10,0.0106,BAJO
PN_5600,40.45231115741204,-3.778122765550922,6,1,0,0,37,0.0106,BAJO
PN_5601,40.4062203211154,-3.668047142215933,6,1,0,0,89,0.0106,BAJO
PN_5602,40.405898662034595,-3.5619682720814794,6,1,0,0,8,0.0106,BAJO
PN_5603,40.4059922844255,-3.62226565880467,6,1,0,0,6,0.0106,BAJO
PN_5604,40.407095319529326,-3.703305563162805,6,1,0,0,40,0.0106,BAJO
PN_5605,40.45017810088655,-3.646178097098115,6,1,0,0,35,0.0106,BAJO
PN_5606,40.41185107926852,-3.7239060978943077,6,1,0,0,74,0.0106,BAJO
PN_5607,40.4117539157859,-3.6682157933811013,6,1,0,0,57,0.0106,BAJO
PN_5608,40.41293102063572,-3.696968325752167,6,1,0,0,34,0.0106,BAJO
PN_5609,40.412953972132506,-3.6908927253299932,6,1,0,0,43,0.0106,BAJO
PN_5610,40.413006503448244,-3.683316631003064,6,1,0,0,8,0.0106,BAJO
PN_5611,40.41297637885261,-3.719468832657396,6,1,0,0,61,0.0106,BAJO
PN_5612,40.41295639528454,-3.717368695934873,6,1,0,0,59,0.0106,BAJO
PN_5613,40.447001868720626,-3.6666367264221917,6,1,0,0,68,0.0106,BAJO
PN_5614,40.41507384761767,-3.6969393604034857,6,1,0,0,67,0.0106,BAJO
PN_5615,40.41912061191085,-3.6582183191853574,6,1,0,0,71,0.0106,BAJO
PN_5616,40.44112366813232,-3.655842739889439,6,1,0,0,62,0.0106,BAJO
PN_5617,40.42799177504806,-3.614809484324098,6,1,0,0,11,0.0106,BAJO
PN_5618,40.44114793038788,-3.7297149781679573,6,1,0,0,17,0.0106,BAJO
PN_5619,40.46429142934533,-3.5860393595820317,6,1,0,0,19,0.0106,BAJO
PN_5620,40.38915884050348,-3.689748168110937,6,1,0,0,61,0.0106,BAJO
PN_5621,40.46372987410166,-3.805108096559215,6,1,0,0,0,0.0106,BAJO
PN_5622,40.48673419798492,-3.6651182229058956,6,1,0,0,24,0.0106,BAJO
PN_5623,40.35930113557257,-3.6811351440772775,6,1,0,0,22,0.0106,BAJO
PN_5624,40.35919663734509,-3.6707546857067492,6,1,0,0,0,0.0106,BAJO
PN_5625,40.36012564322128,-3.6687558972700565,6,1,0,0,0,0.0106,BAJO
PN_5626,40.36224209069111,-3.778756575091734,6,1,0,0,9,0.0106,BAJO
PN_5627,40.43364166938209,-3.663997441986373,6,1,0,0,82,0.0106,BAJO
PN_5628,40.43842431998402,-3.6552505518653287,6,1,0,0,53,0.0106,BAJO
PN_5629,40.361765977022536,-3.695375248914493,6,1,0,0,36,0.0106,BAJO
PN_5630,40.365302274724776,-3.7726986643096807,6,1,0,0,9,0.0106,BAJO
PN_5631,40.364791315461495,-3.5882743437807556,6,1,0,0,0,0.0106,BAJO
PN_5632,40.41853219439923,-3.619043410000566,6,1,0,0,36,0.0106,BAJO
PN_5633,40.42095952202244,-3.7231373322688612,6,1,0,0,67,0.0106,BAJO
PN_5634,40.44612563371176,-3.6647000598431383,6,1,0,0,78,0.0106,BAJO
PN_5635,40.44647918693432,-3.6349263483862173,6,1,0,0,2,0.0106,BAJO
PN_5636,40.41776421755673,-3.6211344865774593,6,1,0,0,43,0.0106,BAJO
PN_5637,40.416116421887686,-3.69884190659278,6,1,0,0,64,0.0106,BAJO
PN_5638,40.50310977339732,-3.6710334620362066,6,1,0,0,34,0.0106,BAJO
PN_5639,40.342846627212,-3.7058109722382326,6,1,0,0,20,0.0106,BAJO
PN_5640,40.38391714656774,-3.662248331511263,6,1,0,0,12,0.0106,BAJO
PN_5641,40.34511514554015,-3.691189128807279,6,1,0,0,4,0.0106,BAJO
PN_5642,40.44894158880722,-3.6721197938709706,6,1,0,0,51,0.0106,BAJO
PN_5643,40.408834007619035,-3.6380865043725366,6,1,0,0,29,0.0106,BAJO
PN_5644,40.4101523899915,-3.6958612569847418,6,1,0,0,37,0.0106,BAJO
PN_5645,40.410028955559945,-3.646780001464213,6,1,0,0,26,0.0106,BAJO
PN_5646,40.44931581039898,-3.695913233590796,6,1,0,0,108,0.0106,BAJO
PN_5647,40.410110588393245,-3.7120977264436057,6,1,0,0,43,0.0106,BAJO
PN_5648,40.33378367926571,-3.7155426498129813,6,1,0,0,29,0.0106,BAJO
PN_5649,40.34872147085196,-3.6879720885474234,6,1,0,0,8,0.0106,BAJO
PN_5650,40.51734648604606,-3.665123575798278,6,1,0,0,7,0.0106,BAJO
PN_5651,40.434912839141916,-3.7049295764576295,6,1,0,0,45,0.0106,BAJO
PN_5652,40.414959993599915,-3.695898996864313,6,1,0,0,63,0.0106,BAJO
PN_5653,40.435629079198144,-3.7190657059709014,6,1,0,0,50,0.0106,BAJO
PN_5654,40.435869041797254,-3.6740057447627272,6,1,0,0,74,0.0106,BAJO
PN_5655,40.35107096700785,-3.697065073920934,6,1,0,0,26,0.0106,BAJO
PN_5656,40.38607331983858,-3.623909443621299,12,0,0,0,25,0.0103,MEDIO
PN_5657,40.45704834165917,-3.694570852712852,12,0,0,0,119,0.0103,MEDIO
PN_5658,40.39520097504816,-3.6747263341598124,12,0,0,0,48,0.0103,MEDIO
PN_5659,40.44103714048565,-3.6598342082074447,12,0,0,0,82,0.0103,MEDIO
PN_5660,40.47378428780836,-3.5771611020803005,12,0,0,0,13,0.0103,MEDIO
PN_5661,40.37593605832672,-3.7390365937825343,12,0,0,0,50,0.0103,MEDIO
PN_5662,40.496994579001274,-3.6738096861013445,12,0,0,0,15,0.0103,MEDIO
PN_5663,40.480688494048785,-3.7108894076516665,12,0,0,0,80,0.0103,MEDIO
PN_5664,40.37638874650611,-3.655092911050163,12,0,0,0,21,0.0103,MEDIO
PN_5665,40.37487747501948,-3.6271957709571043,12,0,0,0,6,0.0103,MEDIO
PN_5666,40.442068187583104,-3.672038557690826,12,0,0,0,66,0.0103,MEDIO
PN_5667,40.44071515639983,-3.6428969861953138,12,0,0,0,53,0.0103,MEDIO
PN_5668,40.44397801732753,-3.5819431265057315,12,0,0,0,21,0.0103,MEDIO
PN_5669,40.436389315164206,-3.6650610439662414,12,0,0,0,73,0.0103,MEDIO
PN_5670,40.439782406191725,-3.674829909855282,12,0,0,0,73,0.0103,MEDIO
PN_5671,40.39105234337142,-3.6498111073582535,12,0,0,0,25,0.0103,MEDIO
PN_5672,40.443813438420115,-3.691179113226162,12,0,0,0,57,0.0103,MEDIO
PN_5673,40.470035454004154,-3.6709439901177148,12,0,0,0,67,0.0103,MEDIO
PN_5674,40.38661637250165,-3.7602228930339563,12,0,0,0,37,0.0103,MEDIO
PN_5675,40.37403143275932,-3.6199435097975745,12,0,0,0,0,0.0103,MEDIO
PN_5676,40.4076626657859,-3.6523760344050533,12,0,0,0,42,0.0103,MEDIO
PN_5677,40.391768135715914,-3.738665683615253,12,0,0,0,44,0.0103,MEDIO
PN_5678,40.422885286638795,-3.719755146603919,12,0,0,0,70,0.0103,MEDIO
PN_5679,40.4631750139219,-3.6889565940200915,12,0,0,0,77,0.0103,MEDIO
PN_5680,40.407023621792284,-3.647862975549143,12,0,0,0,17,0.0103,MEDIO
PN_5681,40.427910911718214,-3.7179293736645955,12,0,0,0,74,0.0103,MEDIO
PN_5682,40.406222678117075,-3.7017428075142242,12,0,0,0,48,0.0103,MEDIO
PN_5683,40.39073178708768,-3.71080467154518,12,0,0,0,39,0.0103,MEDIO
PN_5684,40.43475772432772,-3.7319429930833685,12,0,0,0,34,0.0103,MEDIO
PN_5685,40.44082173708356,-3.7389910847219867,12,0,0,0,10,0.0103,MEDIO
PN_5686,40.43081508111696,-3.6882597805715363,12,0,0,0,43,0.0103,MEDIO
PN_5687,40.42612243961228,-3.664988395626329,12,0,0,0,30,0.0103,MEDIO
PN_5688,40.479101363049224,-3.7127268952901384,12,0,0,0,84,0.0103,MEDIO
PN_5689,40.43028492735478,-3.683090650435647,12,0,0,0,48,0.0103,MEDIO
PN_5690,40.4270719452175,-3.7199215934617667,12,0,0,0,52,0.0103,MEDIO
PN_5691,40.48681339360091,-3.659025689324667,12,0,0,0,40,0.0103,MEDIO
PN_5692,40.47888637015772,-3.720039265069227,12,0,0,0,55,0.0103,MEDIO
PN_5693,40.363980616560276,-3.750864339419189,12,0,0,0,45,0.0103,MEDIO
PN_5694,40.40491798340508,-3.706899879495342,12,0,0,0,46,0.0103,MEDIO
PN_5695,40.40431864755252,-3.6681785978742254,12,0,0,0,95,0.0103,MEDIO
PN_5696,40.49503763540874,-3.7012777646513464,12,0,0,0,14,0.0103,MEDIO
PN_5697,40.42683569800539,-3.7169836846247453,12,0,0,0,73,0.0103,MEDIO
PN_5698,40.40298754367487,-3.71085893451606,8,0,0,1,58,0.01,BAJO
PN_5699,40.428715370354645,-3.675892287799509,8,0,0,1,49,0.01,BAJO
PN_5700,40.41087465908423,-3.6979715037304373,8,0,0,1,32,0.01,BAJO
PN_5701,40.476593814470114,-3.717166189149676,8,0,0,1,58,0.01,BAJO
PN_5702,40.40410388041566,-3.7159145505272906,8,0,0,1,57,0.01,BAJO
PN_5703,40.446780493683974,-3.6763134903878045,8,0,0,1,34,0.01,BAJO
PN_5704,40.46418749532911,-3.7840797587233514,8,0,0,1,16,0.01,BAJO
PN_5705,40.38886044912198,-3.654944223378797,8,0,0,1,26,0.01,BAJO
PN_5706,40.40199369170227,-3.6878718781840476,8,0,0,1,29,0.01,BAJO
PN_5707,40.402066390995984,-3.643153730234838,8,0,0,1,13,0.01,BAJO
PN_5708,40.411684003260575,-3.676237497450869,8,0,0,1,22,0.01,BAJO
PN_5709,40.48321773036862,-3.6647875640136918,8,0,0,1,37,0.01,BAJO
PN_5710,40.388773758881875,-3.728188166460482,8,0,0,1,76,0.01,BAJO
PN_5711,40.42170982132883,-3.704915997751551,8,0,0,1,59,0.01,BAJO
PN_5712,40.46389040251983,-3.680987891019976,8,0,0,1,57,0.01,BAJO
PN_5713,40.442639980512325,-3.6382414669191125,8,0,0,1,20,0.01,BAJO
PN_5714,40.44412652218154,-3.710065807244668,8,0,0,1,48,0.01,BAJO
PN_5715,40.43432250104935,-3.7358122754898613,8,0,0,1,43,0.01,BAJO
PN_5716,40.404263776391446,-3.753142844473875,8,0,0,1,31,0.01,BAJO
PN_5717,40.38894134613168,-3.7429146418190284,8,0,0,1,59,0.01,BAJO
PN_5718,40.38806266851561,-3.664306107681197,8,0,0,1,18,0.01,BAJO
PN_5719,40.45384831329683,-3.707868416791217,8,0,0,1,87,0.01,BAJO
PN_5720,40.38890498093645,-3.722889112694873,8,0,0,1,69,0.01,BAJO
PN_5721,40.43695965478589,-3.713026452139357,8,0,0,1,51,0.01,BAJO
PN_5722,40.395103865966156,-3.6957995949653455,8,0,0,1,65,0.01,BAJO
PN_5723,40.45887237927178,-3.659038097263115,8,0,0,1,58,0.01,BAJO
PN_5724,40.44188702460057,-3.6138335673729864,8,0,0,1,32,0.01,BAJO
PN_5725,40.443051801829995,-3.7141520612256778,8,0,0,1,44,0.01,BAJO
PN_5726,40.35285282832359,-3.708689475968601,8,0,0,1,19,0.01,BAJO
PN_5727,40.44528632578202,-3.6256859428024653,8,0,0,1,39,0.01,BAJO
PN_5728,40.35194131893239,-3.686927335330066,8,0,0,1,12,0.01,BAJO
PN_5729,40.44164405838592,-3.713983876001865,8,0,0,1,43,0.01,BAJO
PN_5730,40.376682061620215,-3.621329866398005,8,0,0,1,16,0.01,BAJO
PN_5731,40.439807246906945,-3.67211233423169,8,0,0,1,50,0.01,BAJO
PN_5732,40.40670956517595,-3.624228122433207,8,0,0,1,10,0.01,BAJO
PN_5733,40.405864419904596,-3.6528742691851925,8,0,0,1,26,0.01,BAJO
PN_5734,40.471144083633035,-3.698854659097174,8,0,0,1,39,0.01,BAJO
PN_5735,40.40503468319285,-3.5600818756421546,8,0,0,1,9,0.01,BAJO
PN_5736,40.380777832584464,-3.7820501300197957,8,0,0,1,15,0.01,BAJO
PN_5737,40.379282132554145,-3.6133489321707843,8,0,0,1,14,0.01,BAJO
PN_5738,40.45087420959775,-3.6960015413067686,8,0,0,1,86,0.01,BAJO
PN_5739,40.42114702387422,-3.7002392376457722,8,0,0,1,62,0.01,BAJO
PN_5740,40.40299909900667,-3.6347498874098614,8,0,0,1,29,0.01,BAJO
PN_5741,40.410373234580916,-3.731181764400632,8,0,0,1,71,0.01,BAJO
PN_5742,40.439299002085235,-3.6461038899774416,8,0,0,1,31,0.01,BAJO
PN_5743,40.4088997036699,-3.732158751738447,8,0,0,1,53,0.01,BAJO
PN_5744,40.47604172766001,-3.719929734144314,8,0,0,1,38,0.01,BAJO
PN_5745,40.43897702565239,-3.651104553567882,8,0,0,1,30,0.01,BAJO
PN_5746,40.384790855100945,-3.764785317371226,8,0,0,1,37,0.01,BAJO
PN_5747,40.468763751418514,-3.820144704924248,8,0,0,1,6,0.01,BAJO
PN_5748,40.42319911041443,-3.7237821542471123,8,0,0,1,33,0.01,BAJO
PN_5749,40.420849754118876,-3.654885994081795,8,0,0,1,57,0.01,BAJO
PN_5750,40.4232373620832,-3.674244586703061,8,0,0,1,60,0.01,BAJO
PN_5751,40.47010701236159,-3.7031112128523724,8,0,0,1,19,0.01,BAJO
PN_5752,40.42402983483408,-3.6310117366127135,8,0,0,1,52,0.01,BAJO
PN_5753,40.47313126010304,-3.713849836621621,8,0,0,1,74,0.01,BAJO
PN_5754,40.407052010594406,-3.731935433406011,8,0,0,1,17,0.01,BAJO
PN_5755,40.40782301053734,-3.6452076274587437,8,0,0,1,28,0.01,BAJO
PN_5756,40.47316504282952,-3.6950033049525635,8,0,0,1,38,0.01,BAJO
PN_5757,40.4078713604583,-3.6619551811219595,8,0,0,1,66,0.01,BAJO
PN_5758,40.5037045070703,-3.709959014269755,8,0,0,1,41,0.01,BAJO
PN_5759,40.4227736571073,-3.6898531849850844,8,0,0,1,67,0.01,BAJO
PN_5760,40.39169278058051,-3.7368856917079283,8,0,0,1,40,0.01,BAJO
PN_5761,40.34662394643909,-3.708351986278343,8,0,0,1,26,0.01,BAJO
PN_5762,40.4199758699662,-3.611074996242694,8,0,0,1,43,0.01,BAJO
PN_5763,40.40129917609836,-3.6371084557605986,8,0,0,1,20,0.01,BAJO
PN_5764,40.43502299099679,-3.68523577150175,8,0,0,1,68,0.01,BAJO
PN_5765,40.40094778293445,-3.696854053490113,8,0,0,1,89,0.01,BAJO
PN_5766,40.35329504675717,-3.6796665052457462,8,0,0,1,17,0.01,BAJO
PN_5767,40.39370713008036,-3.6980961471899647,8,0,0,1,74,0.01,BAJO
PN_5768,40.489301411261636,-3.700748029885072,8,0,0,1,23,0.01,BAJO
PN_5769,40.348101255771525,-3.71497174045719,8,0,0,1,3,0.01,BAJO
PN_5770,40.460768647737446,-3.615978059590357,8,0,0,1,26,0.01,BAJO
PN_5771,40.39167999358447,-3.763845530635576,8,0,0,1,42,0.01,BAJO
PN_5772,40.39944702768602,-3.689841863379759,8,0,0,1,33,0.01,BAJO
PN_5773,40.365083448809855,-3.7757795268534924,8,0,0,1,11,0.01,BAJO
PN_5774,40.4469857340485,-3.6349645265216917,8,0,0,1,2,0.01,BAJO
PN_5775,40.399291579659575,-3.6868221208988428,8,0,0,1,31,0.01,BAJO
PN_5776,40.4059984152852,-3.681754939130745,8,0,0,1,23,0.01,BAJO
PN_5777,40.356689465583585,-3.6897106114605465,8,0,0,1,21,0.01,BAJO
PN_5778,40.48942407428714,-3.6558648221470587,8,0,0,1,49,0.01,BAJO
PN_5779,40.4398289090685,-3.686137350270252,5,1,0,0,63,0.0091,BAJO
PN_5780,40.43457892612507,-3.6125963458979866,5,1,0,0,35,0.0091,BAJO
PN_5781,40.380749034787236,-3.6748548492079793,5,1,0,0,6,0.0091,BAJO
PN_5782,40.47007163668131,-3.5799598430844726,5,1,0,0,6,0.0091,BAJO
PN_5783,40.457042239781785,-3.686923362977887,5,1,0,0,96,0.0091,BAJO
PN_5784,40.470055074895015,-3.572075040150652,5,1,0,0,0,0.0091,BAJO
PN_5785,40.42509645540697,-3.703080825847747,5,1,0,0,33,0.0091,BAJO
PN_5786,40.43619760158502,-3.708355908125308,5,1,0,0,50,0.0091,BAJO
PN_5787,40.37771258285913,-3.772251030457165,5,1,0,0,23,0.0091,BAJO
PN_5788,40.37756233203263,-3.768027328506379,5,1,0,0,29,0.0091,BAJO
PN_5789,40.42370214959233,-3.623243786526295,5,1,0,0,38,0.0091,BAJO
PN_5790,40.43585203379401,-3.731442376015509,5,1,0,0,30,0.0091,BAJO
PN_5791,40.421032841253485,-3.71287889081711,5,1,0,0,79,0.0091,BAJO
PN_5792,40.383654641170914,-3.7848775948785773,5,1,0,0,7,0.0091,BAJO
PN_5793,40.3781948690836,-3.676257128972337,5,1,0,0,2,0.0091,BAJO
PN_5794,40.408025713547445,-3.743190451334717,5,1,0,0,31,0.0091,BAJO
PN_5795,40.408182996270696,-3.7312393793952183,5,1,0,0,35,0.0091,BAJO
PN_5796,40.498765595486795,-3.68673980798028,5,1,0,0,17,0.0091,BAJO
PN_5797,40.407012668502965,-3.6068496811722803,5,1,0,0,33,0.0091,BAJO
PN_5798,40.4070932135882,-3.552319739736199,5,1,0,0,9,0.0091,BAJO
PN_5799,40.40878118536588,-3.7369170632270623,5,1,0,0,41,0.0091,BAJO
PN_5800,40.518978649276114,-3.7760182189844054,5,1,0,0,0,0.0091,BAJO
PN_5801,40.43104111341287,-3.6361101950692314,5,1,0,0,87,0.0091,BAJO
PN_5802,40.37389682067925,-3.657633175624349,5,1,0,0,14,0.0091,BAJO
PN_5803,40.374947609187984,-3.623750860269682,5,1,0,0,0,0.0091,BAJO
PN_5804,40.37491569909478,-3.620975269076188,5,1,0,0,2,0.0091,BAJO
PN_5805,40.39899167189672,-3.71311063230213,5,1,0,0,107,0.0091,BAJO
PN_5806,40.399551469980935,-3.741558270748269,5,1,0,0,19,0.0091,BAJO
PN_5807,40.37576875128182,-3.6579788536972706,5,1,0,0,14,0.0091,BAJO
PN_5808,40.444879010286286,-3.712406747214871,5,1,0,0,38,0.0091,BAJO
PN_5809,40.461086093333925,-3.663686504960329,5,1,0,0,73,0.0091,BAJO
PN_5810,40.399978199794205,-3.6648748406182867,5,1,0,0,56,0.0091,BAJO
PN_5811,40.4001891312824,-3.684311218187659,5,1,0,0,31,0.0091,BAJO
PN_5812,40.404112114414744,-3.6638383861876904,5,1,0,0,63,0.0091,BAJO
PN_5813,40.43867595408509,-3.7058563338035406,5,1,0,0,36,0.0091,BAJO
PN_5814,40.46907388018509,-3.6951852542610424,5,1,0,0,27,0.0091,BAJO
PN_5815,40.37515588457204,-3.7539444911943676,5,1,0,0,28,0.0091,BAJO
PN_5816,40.38271657684674,-3.7813182736504993,5,1,0,0,7,0.0091,BAJO
PN_5817,40.4690645082252,-3.640033609057442,5,1,0,0,39,0.0091,BAJO
PN_5818,40.46877068350899,-3.612796036994557,5,1,0,0,0,0.0091,BAJO
PN_5819,40.46894041159406,-3.5888089985557174,5,1,0,0,0,0.0091,BAJO
PN_5820,40.38108612312409,-3.65984246791085,5,1,0,0,22,0.0091,BAJO
PN_5821,40.3934042145959,-3.7723053688442447,5,1,0,0,44,0.0091,BAJO
PN_5822,40.469901064508534,-3.695158395580706,5,1,0,0,15,0.0091,BAJO
PN_5823,40.3924339523504,-3.5869921002303498,5,1,0,0,0,0.0091,BAJO
PN_5824,40.38180964635139,-3.730702014394731,5,1,0,0,29,0.0091,BAJO
PN_5825,40.46885495090715,-3.684165468854432,5,1,0,0,47,0.0091,BAJO
PN_5826,40.49229184226764,-3.6537985057285285,5,1,0,0,41,0.0091,BAJO
PN_5827,40.45985973938197,-3.5830423860768286,5,1,0,0,0,0.0091,BAJO
PN_5828,40.37587963714198,-3.6286528084220135,5,1,0,0,8,0.0091,BAJO
PN_5829,40.47282696746061,-3.58595744794338,5,1,0,0,13,0.0091,BAJO
PN_5830,40.425909829396154,-3.6380234710763717,5,1,0,0,25,0.0091,BAJO
PN_5831,40.5011946646007,-3.67074254166855,5,1,0,0,28,0.0091,BAJO
PN_5832,40.500244291457875,-3.692270939387298,5,1,0,0,11,0.0091,BAJO
PN_5833,40.42578190660153,-3.621148115209901,5,1,0,0,8,0.0091,BAJO
PN_5834,40.43004988195645,-3.64879793346858,5,1,0,0,113,0.0091,BAJO
PN_5835,40.40587292832103,-3.673111680652132,5,1,0,0,58,0.0091,BAJO
PN_5836,40.49798004212128,-3.655078685320215,5,1,0,0,27,0.0091,BAJO
PN_5837,40.42970877523502,-3.692082356973272,5,1,0,0,40,0.0091,BAJO
PN_5838,40.49794956609089,-3.6760136668096193,5,1,0,0,8,0.0091,BAJO
PN_5839,40.40467052755952,-3.56299591492285,5,1,0,0,8,0.0091,BAJO
PN_5840,40.34592740447861,-3.710283683978706,5,1,0,0,21,0.0091,BAJO
PN_5841,40.404647587766775,-3.6378509480421366,5,1,0,0,26,0.0091,BAJO
PN_5842,40.38403004638294,-3.7561192782780033,5,1,0,0,23,0.0091,BAJO
PN_5843,40.37999741267003,-3.6599143088146646,5,1,0,0,28,0.0091,BAJO
PN_5844,40.43200290944594,-3.7071942346558586,5,1,0,0,72,0.0091,BAJO
PN_5845,40.379986003304886,-3.750150814833743,5,1,0,0,22,0.0091,BAJO
PN_5846,40.381020446778294,-3.7717516029698053,5,1,0,0,13,0.0091,BAJO
PN_5847,40.471932712011494,-3.720296666019943,5,1,0,0,54,0.0091,BAJO
PN_5848,40.472217203300964,-3.7110157443834346,5,1,0,0,66,0.0091,BAJO
PN_5849,40.47235997092706,-3.6922463783188078,5,1,0,0,28,0.0091,BAJO
PN_5850,40.43901521245516,-3.6159427736339738,5,1,0,0,42,0.0091,BAJO
PN_5851,40.431869565386314,-3.6643682815778824,5,1,0,0,67,0.0091,BAJO
PN_5852,40.472110617839476,-3.6540038151438154,5,1,0,0,41,0.0091,BAJO
PN_5853,40.43865852769885,-3.622990425525754,5,1,0,0,75,0.0091,BAJO
PN_5854,40.379013857114145,-3.773005694059937,5,1,0,0,15,0.0091,BAJO
PN_5855,40.37903789920628,-3.618018534930294,5,1,0,0,16,0.0091,BAJO
PN_5856,40.407001928123336,-3.7020203903844617,5,1,0,0,39,0.0091,BAJO
PN_5857,40.50378596007049,-3.711948540477509,5,1,0,0,14,0.0091,BAJO
PN_5858,40.50791238091044,-3.675268607553158,5,1,0,0,20,0.0091,BAJO
PN_5859,40.50844694938581,-3.688191179301831,5,1,0,0,25,0.0091,BAJO
PN_5860,40.511082889467914,-3.667000208195932,5,1,0,0,48,0.0091,BAJO
PN_5861,40.50474390695187,-3.6858306260065374,5,1,0,0,18,0.0091,BAJO
PN_5862,40.510057935755526,-3.664766313144124,5,1,0,0,45,0.0091,BAJO
PN_5863,40.49775978200404,-3.721698642620429,5,1,0,0,35,0.0091,BAJO
PN_5864,40.503526188495975,-3.7131684940365126,5,1,0,0,7,0.0091,BAJO
PN_5865,40.34062108080056,-3.7166988494180897,5,1,0,0,24,0.0091,BAJO
PN_5866,40.50218111636358,-3.669659511786874,5,1,0,0,26,0.0091,BAJO
PN_5867,40.41919285158859,-3.665167694890978,5,1,0,0,54,0.0091,BAJO
PN_5868,40.39517159612298,-3.67718342872313,5,1,0,0,60,0.0091,BAJO
PN_5869,40.418166095269676,-3.7287849203808916,5,1,0,0,19,0.0091,BAJO
PN_5870,40.418449437477555,-3.6189636765907545,5,1,0,0,35,0.0091,BAJO
PN_5871,40.39596155538374,-3.64683744156427,5,1,0,0,13,0.0091,BAJO
PN_5872,40.50189411640982,-3.6565613082680315,5,1,0,0,32,0.0091,BAJO
PN_5873,40.442276731986595,-3.6801792709518026,5,1,0,0,55,0.0091,BAJO
PN_5874,40.33996128052843,-3.6757433466965352,5,1,0,0,0,0.0091,BAJO
PN_5875,40.3969058735538,-3.6058940173159812,5,1,0,0,0,0.0091,BAJO
PN_5876,40.45814774102549,-3.708253803854537,5,1,0,0,54,0.0091,BAJO
PN_5877,40.39912848853621,-3.7712371721656472,5,1,0,0,29,0.0091,BAJO
PN_5878,40.43505300461288,-3.6520883188407396,5,1,0,0,77,0.0091,BAJO
PN_5879,40.49567736573245,-3.6960710455971557,5,1,0,0,12,0.0091,BAJO
PN_5880,40.495314853482526,-3.6124285530710116,5,1,0,0,19,0.0091,BAJO
PN_5881,40.49158099588075,-3.6609330022365625,5,1,0,0,30,0.0091,BAJO
PN_5882,40.44570392256226,-3.6471984943887525,5,1,0,0,38,0.0091,BAJO
PN_5883,40.45784449600135,-3.5899528641149,5,1,0,0,8,0.0091,BAJO
PN_5884,40.39713619273667,-3.731223547243219,5,1,0,0,8,0.0091,BAJO
PN_5885,40.49283381549192,-3.6541813749734913,5,1,0,0,38,0.0091,BAJO
PN_5886,40.397011564785004,-3.663139402533484,5,1,0,0,45,0.0091,BAJO
PN_5887,40.46023749485534,-3.673026528667613,5,1,0,0,90,0.0091,BAJO
PN_5888,40.3673543251812,-3.660174955288425,5,1,0,0,0,0.0091,BAJO
PN_5889,40.39953113250261,-3.5859648956892882,5,1,0,0,0,0.0091,BAJO
PN_5890,40.40005778033519,-3.6350100884398264,5,1,0,0,23,0.0091,BAJO
PN_5891,40.38908858849285,-3.7049330511897693,5,1,0,0,33,0.0091,BAJO
PN_5892,40.40125810092191,-3.704628674840138,5,1,0,0,56,0.0091,BAJO
PN_5893,40.46517582960347,-3.78612772454698,5,1,0,0,9,0.0091,BAJO
PN_5894,40.46273193902408,-3.707889125399975,5,1,0,0,35,0.0091,BAJO
PN_5895,40.428885186973204,-3.717816537127626,5,1,0,0,86,0.0091,BAJO
PN_5896,40.46539622193342,-3.773221381073065,5,1,0,0,0,0.0091,BAJO
PN_5897,40.44368626479047,-3.7129837374622925,5,1,0,0,42,0.0091,BAJO
PN_5898,40.45583487291079,-3.7824807161231435,5,1,0,0,45,0.0091,BAJO
PN_5899,40.47962860572427,-3.6623872558171997,5,1,0,0,32,0.0091,BAJO
PN_5900,40.37003694731301,-3.6801261945899335,5,1,0,0,4,0.0091,BAJO
PN_5901,40.370266635063466,-3.6591291403836648,5,1,0,0,0,0.0091,BAJO
PN_5902,40.50672927850414,-3.694011238027945,5,1,0,0,50,0.0091,BAJO
PN_5903,40.368697525035515,-3.602595380879135,5,1,0,0,51,0.0091,BAJO
PN_5904,40.43291362187241,-3.6099521046818617,5,1,0,0,47,0.0091,BAJO
PN_5905,40.399955938205466,-3.6368191609311515,5,1,0,0,25,0.0091,BAJO
PN_5906,40.422150538657704,-3.7226534231729502,5,1,0,0,64,0.0091,BAJO
PN_5907,40.44827431998268,-3.666987349424068,5,1,0,0,62,0.0091,BAJO
PN_5908,40.46233560042061,-3.575092752183874,5,1,0,0,0,0.0091,BAJO
PN_5909,40.44530227014939,-3.669943693222875,5,1,0,0,62,0.0091,BAJO
PN_5910,40.38811889938265,-3.7373421695209275,5,1,0,0,67,0.0091,BAJO
PN_5911,40.390966215057944,-3.666004507514425,5,1,0,0,26,0.0091,BAJO
PN_5912,40.390889414019846,-3.673044951056666,5,1,0,0,48,0.0091,BAJO
PN_5913,40.391288890701425,-3.623984086275642,5,1,0,0,7,0.0091,BAJO
PN_5914,40.4646931085359,-3.785044006599159,5,1,0,0,16,0.0091,BAJO
PN_5915,40.38668436950967,-3.642891342411153,5,1,0,0,44,0.0091,BAJO
PN_5916,40.38728155243674,-3.6233320893411523,5,1,0,0,13,0.0091,BAJO
PN_5917,40.36776356668331,-3.649634892068724,5,1,0,0,0,0.0091,BAJO
PN_5918,40.44616404962416,-3.5751647929604973,5,1,0,0,0,0.0091,BAJO
PN_5919,40.42722132218743,-3.638064157371617,5,1,0,0,40,0.0091,BAJO
PN_5920,40.358892861445796,-3.659873363767543,5,1,0,0,0,0.0091,BAJO
PN_5921,40.361282970833884,-3.7747699291940586,5,1,0,0,9,0.0091,BAJO
PN_5922,40.36339899612897,-3.5920024457968354,5,1,0,0,0,0.0091,BAJO
PN_5923,40.462708072779,-3.6291478100064536,5,1,0,0,41,0.0091,BAJO
PN_5924,40.43367999821087,-3.661922005002844,5,1,0,0,88,0.0091,BAJO
PN_5925,40.46311159966492,-3.664890666561052,5,1,0,0,68,0.0091,BAJO
PN_5926,40.46336380241971,-3.662074119302569,5,1,0,0,55,0.0091,BAJO
PN_5927,40.40183792783789,-3.5929424065088207,5,1,0,0,9,0.0091,BAJO
PN_5928,40.40219801391968,-3.671116502593139,5,1,0,0,81,0.0091,BAJO
PN_5929,40.43379535950909,-3.6411327330782584,5,1,0,0,105,0.0091,BAJO
PN_5930,40.45514279630881,-3.6088699211059514,5,1,0,0,2,0.0091,BAJO
PN_5931,40.45507803578794,-3.579762501206967,5,1,0,0,0,0.0091,BAJO
PN_5932,40.40098081721377,-3.7431624635590226,5,1,0,0,21,0.0091,BAJO
PN_5933,40.36364213256056,-3.6561343141642135,5,1,0,0,0,0.0091,BAJO
PN_5934,40.48196278043094,-3.7327001046820336,5,1,0,0,2,0.0091,BAJO
PN_5935,40.482108695155944,-3.726998359019136,5,1,0,0,26,0.0091,BAJO
PN_5936,40.366874025324414,-3.625344232795382,5,1,0,0,0,0.0091,BAJO
PN_5937,40.366936219220314,-3.598956686340629,5,1,0,0,38,0.0091,BAJO
PN_5938,40.36709546192954,-3.701097346820442,5,1,0,0,24,0.0091,BAJO
PN_5939,40.48227908417797,-3.6493618844126545,5,1,0,0,21,0.0091,BAJO
PN_5940,40.48218847645353,-3.6141875502861054,5,1,0,0,20,0.0091,BAJO
PN_5941,40.41103692543926,-3.6309363239212424,5,1,0,0,27,0.0091,BAJO
PN_5942,40.362656831470915,-3.690135941858665,5,1,0,0,43,0.0091,BAJO
PN_5943,40.412902320182994,-3.7086065933361767,5,1,0,0,38,0.0091,BAJO
PN_5944,40.3658472158997,-3.5976985642176067,5,1,0,0,25,0.0091,BAJO
PN_5945,40.43379825268537,-3.618104607505624,5,1,0,0,42,0.0091,BAJO
PN_5946,40.36622818885868,-3.697321706278243,5,1,0,0,53,0.0091,BAJO
PN_5947,40.364124712167005,-3.599082554955673,5,1,0,0,28,0.0091,BAJO
PN_5948,40.40413477847939,-3.689824017896264,5,1,0,0,59,0.0091,BAJO
PN_5949,40.4293490491314,-3.634172614609927,5,1,0,0,79,0.0091,BAJO
PN_5950,40.40296231357768,-3.598179916813794,5,1,0,0,11,0.0091,BAJO
PN_5951,40.45391360221099,-3.7852204459036534,5,1,0,0,25,0.0091,BAJO
PN_5952,40.45385123626283,-3.7837903586964123,5,1,0,0,35,0.0091,BAJO
PN_5953,40.488786734829,-3.701831185101123,5,1,0,0,24,0.0091,BAJO
PN_5954,40.40372594985249,-3.679446958875856,5,1,0,0,26,0.0091,BAJO
PN_5955,40.4042332652502,-3.6762018164963886,5,1,0,0,55,0.0091,BAJO
PN_5956,40.43260343527295,-3.6967218176126466,5,1,0,0,44,0.0091,BAJO
PN_5957,40.43193259122805,-3.649150853595436,5,1,0,0,100,0.0091,BAJO
PN_5958,40.431764675898926,-3.644058488629466,5,1,0,0,112,0.0091,BAJO
PN_5959,40.44925757380868,-3.6480745812867896,5,1,0,0,47,0.0091,BAJO
PN_5960,40.44938132558409,-3.624945602030335,5,1,0,0,33,0.0091,BAJO
PN_5961,40.48939234770329,-3.7112276615104856,5,1,0,0,22,0.0091,BAJO
PN_5962,40.387896866862796,-3.745834504826827,5,1,0,0,49,0.0091,BAJO
PN_5963,40.474614363217924,-3.6522231538474985,5,1,0,0,37,0.0091,BAJO
PN_5964,40.4494066461886,-3.5781854259999575,5,1,0,0,0,0.0091,BAJO
PN_5965,40.44936941946822,-3.609971137617511,5,1,0,0,38,0.0091,BAJO
PN_5966,40.489952499421804,-3.6721244467369885,5,1,0,0,13,0.0091,BAJO
PN_5967,40.40931927601094,-3.7282039099581548,5,1,0,0,53,0.0091,BAJO
PN_5968,40.37376676113683,-3.6813439968397708,5,1,0,0,6,0.0091,BAJO
PN_5969,40.37286219020523,-3.643933184968111,5,1,0,0,2,0.0091,BAJO
PN_5970,40.37291485675719,-3.62780070156769,5,1,0,0,0,0.0091,BAJO
PN_5971,40.354036322376245,-3.701312997791226,5,1,0,0,29,0.0091,BAJO
PN_5972,40.35596647071283,-3.685013304737038,5,1,0,0,16,0.0091,BAJO
PN_5973,40.46778706125616,-3.713863728317226,5,1,0,0,45,0.0091,BAJO
PN_5974,40.355067786338566,-3.6870674043205525,5,1,0,0,8,0.0091,BAJO
PN_5975,40.469031783676705,-3.703038660079714,5,1,0,0,23,0.0091,BAJO
PN_5976,40.38388604787211,-3.7407856063249434,5,1,0,0,57,0.0091,BAJO
PN_5977,40.35268786404164,-3.6963579041782175,5,1,0,0,39,0.0091,BAJO
PN_5978,40.40283604546537,-3.6897612650711396,5,1,0,0,44,0.0091,BAJO
PN_5979,40.39063854119372,-3.639139714636321,5,1,0,0,43,0.0091,BAJO
PN_5980,40.4168950166504,-3.6955696452137397,5,1,0,0,71,0.0091,BAJO
PN_5981,40.38461356631138,-3.692292129122778,5,1,0,0,68,0.0091,BAJO
PN_5982,40.38580699226046,-3.7820726555998925,5,1,0,0,7,0.0091,BAJO
PN_5983,40.41701050444102,-3.7080084794717707,5,1,0,0,38,0.0091,BAJO
PN_5984,40.4759967762399,-3.67103203538581,5,1,0,0,47,0.0091,BAJO
PN_5985,40.47603942241097,-3.5806317315497282,5,1,0,0,13,0.0091,BAJO
PN_5986,40.416098346484105,-3.7223529288820187,5,1,0,0,90,0.0091,BAJO
PN_5987,40.37376242105559,-3.692689936810864,5,1,0,0,42,0.0091,BAJO
PN_5988,40.44809736193847,-3.5823676106471596,5,1,0,0,10,0.0091,BAJO
PN_5989,40.409719712646144,-3.5528126432978127,5,1,0,0,8,0.0091,BAJO
PN_5990,40.49086510457216,-3.653749258157365,5,1,0,0,37,0.0091,BAJO
PN_5991,40.411194097474905,-3.6690042407759704,5,1,0,0,45,0.0091,BAJO
PN_5992,40.41701325398975,-3.668189635923087,5,1,0,0,55,0.0091,BAJO
PN_5993,40.370920651927364,-3.6180221179200993,5,1,0,0,0,0.0091,BAJO
PN_5994,40.44893515510813,-3.7271171766824667,5,1,0,0,24,0.0091,BAJO
PN_5995,40.44876848902116,-3.7113346007953054,5,1,0,0,55,0.0091,BAJO
PN_5996,40.409943499375075,-3.7062914767202364,5,1,0,0,28,0.0091,BAJO
PN_5997,40.40997567969764,-3.6971295521605243,5,1,0,0,38,0.0091,BAJO
PN_5998,40.411066766082904,-3.7149659014390957,5,1,0,0,63,0.0091,BAJO
PN_5999,40.36987086688474,-3.5941698380017733,5,1,0,0,0,0.0091,BAJO
PN_6000,40.490868934086784,-3.6929840589803007,5,1,0,0,27,0.0091,BAJO
PN_6001,40.34994877645908,-3.687069617773573,5,1,0,0,9,0.0091,BAJO
PN_6002,40.46782450906271,-3.7950762667571376,5,1,0,0,0,0.0091,BAJO
PN_6003,40.38513666369268,-3.6399571789768714,5,1,0,0,27,0.0091,BAJO
PN_6004,40.42989531628321,-3.703861734774505,5,1,0,0,51,0.0091,BAJO
PN_6005,40.429035492571835,-3.658037929443732,5,1,0,0,59,0.0091,BAJO
PN_6006,40.44616931576155,-3.6181306611005057,5,1,0,0,26,0.0091,BAJO
PN_6007,40.45270854346347,-3.6775224680139877,5,1,0,0,65,0.0091,BAJO
PN_6008,40.47794117204176,-3.6641238042045536,5,1,0,0,47,0.0091,BAJO
PN_6009,40.4367623578315,-3.6222326956216992,11,0,0,0,69,0.0089,MEDIO
PN_6010,40.45994725958547,-3.6160035281376537,11,0,0,0,29,0.0089,MEDIO
PN_6011,40.436163821047614,-3.6898899397992264,11,0,0,0,62,0.0089,MEDIO
PN_6012,40.337739575132986,-3.701314618059033,11,0,0,0,3,0.0089,MEDIO
PN_6013,40.50704244028487,-3.6549498956869524,11,0,0,0,0,0.0089,MEDIO
PN_6014,40.47101340683486,-3.65794348363383,11,0,0,0,26,0.0089,MEDIO
PN_6015,40.471128821084434,-3.676119760560285,11,0,0,0,47,0.0089,MEDIO
PN_6016,40.37980169502537,-3.6210786041970064,11,0,0,0,28,0.0089,MEDIO
PN_6017,40.439996074391814,-3.6595554264416066,11,0,0,0,81,0.0089,MEDIO
PN_6018,40.44027238983873,-3.6731414501274084,11,0,0,0,54,0.0089,MEDIO
PN_6019,40.40085175448952,-3.720883820068248,11,0,0,0,59,0.0089,MEDIO
PN_6020,40.420015972372475,-3.712904590902401,11,0,0,0,68,0.0089,MEDIO
PN_6021,40.44581257544548,-3.588724830329283,11,0,0,0,20,0.0089,MEDIO
PN_6022,40.41912340013402,-3.720938437981826,11,0,0,0,72,0.0089,MEDIO
PN_6023,40.40821293249556,-3.7046823469131756,11,0,0,0,27,0.0089,MEDIO
PN_6024,40.40007370955903,-3.6661246776245435,11,0,0,0,61,0.0089,MEDIO
PN_6025,40.45984642964778,-3.7841072884813185,11,0,0,0,56,0.0089,MEDIO
PN_6026,40.4543690409375,-3.6222739317444397,11,0,0,0,48,0.0089,MEDIO
PN_6027,40.4587489623697,-3.6169436342836794,11,0,0,0,27,0.0089,MEDIO
PN_6028,40.38736442015226,-3.715334281021036,11,0,0,0,70,0.0089,MEDIO
PN_6029,40.38587006272829,-3.7340993531961173,11,0,0,0,55,0.0089,MEDIO
PN_6030,40.368808928370186,-3.623815261223729,11,0,0,0,0,0.0089,MEDIO
PN_6031,40.427722911565155,-3.6810959859269157,11,0,0,0,56,0.0089,MEDIO
PN_6032,40.38498289370672,-3.700189247166141,11,0,0,0,48,0.0089,MEDIO
PN_6033,40.46714708088611,-3.5821896142822847,11,0,0,0,18,0.0089,MEDIO
PN_6034,40.403975296874556,-3.690719315085016,11,0,0,0,70,0.0089,MEDIO
PN_6035,40.42878127454788,-3.673792081987646,11,0,0,0,51,0.0089,MEDIO
PN_6036,40.46703343756141,-3.6942848949549782,11,0,0,0,47,0.0089,MEDIO
PN_6037,40.4449279149578,-3.676173384568432,11,0,0,0,37,0.0089,MEDIO
PN_6038,40.43284033064954,-3.655689194293805,11,0,0,0,95,0.0089,MEDIO
PN_6039,40.44105026053685,-3.6976223955305243,11,0,0,0,33,0.0089,MEDIO
PN_6040,40.46403503930332,-3.612893683016115,11,0,0,0,6,0.0089,MEDIO
PN_6041,40.4410477937238,-3.7012787157927978,11,0,0,0,20,0.0089,MEDIO
PN_6042,40.40426501748323,-3.6222365388823246,11,0,0,0,4,0.0089,MEDIO
PN_6043,40.46820660423567,-3.6697957000493044,11,0,0,0,54,0.0089,MEDIO
PN_6044,40.383153485428814,-3.7029817024048657,11,0,0,0,25,0.0089,MEDIO
PN_6045,40.40382432561835,-3.5958153855058272,11,0,0,0,11,0.0089,MEDIO
PN_6046,40.40198155608079,-3.715149382620578,11,0,0,0,85,0.0089,MEDIO
PN_6047,40.41399203883396,-3.7138600045530334,11,0,0,0,44,0.0089,MEDIO
PN_6048,40.36594745879559,-3.6038795483293056,11,0,0,0,51,0.0089,MEDIO
PN_6049,40.38368480827697,-3.6482057103457026,11,0,0,0,18,0.0089,MEDIO
PN_6050,40.373616919866606,-3.7221258967949704,11,0,0,0,27,0.0089,MEDIO
PN_6051,40.45204456692589,-3.575839967826762,11,0,0,0,0,0.0089,MEDIO
PN_6052,40.38900205120535,-3.671135450290627,11,0,0,0,19,0.0089,MEDIO
PN_6053,40.40163809102443,-3.6747276610777178,11,0,0,0,35,0.0089,MEDIO
PN_6054,40.451912597171344,-3.688204818293004,11,0,0,0,55,0.0089,MEDIO
PN_6055,40.48192630182676,-3.7198154910581533,11,0,0,0,57,0.0089,MEDIO
PN_6056,40.38994849463,-3.6660934532953546,11,0,0,0,22,0.0089,MEDIO
PN_6057,40.46287380617703,-3.5719650015121274,11,0,0,0,0,0.0089,MEDIO
PN_6058,40.381953816243794,-3.7089892652277,11,0,0,0,17,0.0089,MEDIO
PN_6059,40.48517805229232,-3.6152516066849376,11,0,0,0,20,0.0089,MEDIO
PN_6060,40.44698026364594,-3.7140481149885276,11,0,0,0,45,0.0089,MEDIO
PN_6061,40.43393212275079,-3.6061550698112836,11,0,0,0,49,0.0089,MEDIO
PN_6062,40.3878086148976,-3.661065054167642,11,0,0,0,24,0.0089,MEDIO
PN_6063,40.44520306759651,-3.703086401617658,11,0,0,0,42,0.0089,MEDIO
PN_6064,40.43491080657733,-3.6568368733523724,11,0,0,0,98,0.0089,MEDIO
PN_6065,40.44309504214184,-3.6732178453566973,11,0,0,0,58,0.0089,MEDIO
PN_6066,40.457936753782924,-3.660333416938475,11,0,0,0,69,0.0089,MEDIO
PN_6067,40.394859267902085,-3.702895616154444,11,0,0,0,77,0.0089,MEDIO
PN_6068,40.46018178404374,-3.7456824994713034,11,0,0,0,13,0.0089,MEDIO
PN_6069,40.46005138977878,-3.6788576036663474,11,0,0,0,97,0.0089,MEDIO
PN_6070,40.42700472293392,-3.7080742610589423,11,0,0,0,59,0.0089,MEDIO
PN_6071,40.450907378894186,-3.689218404064523,11,0,0,0,52,0.0089,MEDIO
PN_6072,40.42723127255535,-3.6751323256857713,11,0,0,0,50,0.0089,MEDIO
PN_6073,40.39785425501292,-3.697098136559833,11,0,0,0,75,0.0089,MEDIO
PN_6074,40.45789078355251,-3.6975799776421083,11,0,0,0,109,0.0089,MEDIO
PN_6075,40.461745967444266,-3.7002623554742065,7,0,0,1,63,0.0085,BAJO
PN_6076,40.45602994909319,-3.7450093795805643,7,0,0,1,15,0.0085,BAJO
PN_6077,40.401082831945864,-3.6081825959978526,7,0,0,1,10,0.0085,BAJO
PN_6078,40.46196300953438,-3.5761015767548785,7,0,0,1,0,0.0085,BAJO
PN_6079,40.45586149440197,-3.731079069820544,7,0,0,1,15,0.0085,BAJO
PN_6080,40.474004993027066,-3.724831313695417,7,0,0,1,42,0.0085,BAJO
PN_6081,40.40786991249778,-3.6109863266581743,7,0,0,1,47,0.0085,BAJO
PN_6082,40.37676550785272,-3.6242068499211677,7,0,0,1,18,0.0085,BAJO
PN_6083,40.50709259307989,-3.6853210655855184,7,0,0,1,14,0.0085,BAJO
PN_6084,40.50191209911842,-3.6757678412595163,7,0,0,1,16,0.0085,BAJO
PN_6085,40.335739733755005,-3.7116844411522636,7,0,0,1,32,0.0085,BAJO
PN_6086,40.34596945835555,-3.6768717658384955,7,0,0,1,8,0.0085,BAJO
PN_6087,40.39420847856064,-3.6693000178495887,7,0,0,1,47,0.0085,BAJO
PN_6088,40.43598460183838,-3.679912728587699,7,0,0,1,82,0.0085,BAJO
PN_6089,40.43800584976185,-3.7164572184054796,7,0,0,1,57,0.0085,BAJO
PN_6090,40.39307659315555,-3.7330709411469876,7,0,0,1,27,0.0085,BAJO
PN_6091,40.39299915101401,-3.7556964366955334,7,0,0,1,32,0.0085,BAJO
PN_6092,40.39408139389725,-3.7249616736011975,7,0,0,1,22,0.0085,BAJO
PN_6093,40.399829073537305,-3.702036107606581,7,0,0,1,71,0.0085,BAJO
PN_6094,40.33587753092659,-3.715217748900146,7,0,0,1,30,0.0085,BAJO
PN_6095,40.43736547966853,-3.6376944873051635,7,0,0,1,70,0.0085,BAJO
PN_6096,40.347918418559594,-3.691165878479198,7,0,0,1,14,0.0085,BAJO
PN_6097,40.43638490738432,-3.6499202979103282,7,0,0,1,71,0.0085,BAJO
PN_6098,40.50564783168672,-3.7068139049748092,7,0,0,1,52,0.0085,BAJO
PN_6099,40.3800576702104,-3.713027405720087,7,0,0,1,13,0.0085,BAJO
PN_6100,40.391149054217536,-3.692930671128925,7,0,0,1,62,0.0085,BAJO
PN_6101,40.39215844498745,-3.757117788588176,7,0,0,1,29,0.0085,BAJO
PN_6102,40.406045232995005,-3.75100371883445,7,0,0,1,37,0.0085,BAJO
PN_6103,40.38076604471786,-3.7687893994716055,7,0,0,1,21,0.0085,BAJO
PN_6104,40.44008655650487,-3.694372808890273,7,0,0,1,46,0.0085,BAJO
PN_6105,40.42963476196684,-3.6429805068779832,7,0,0,1,81,0.0085,BAJO
PN_6106,40.473948048186266,-3.6511570013545662,7,0,0,1,36,0.0085,BAJO
PN_6107,40.405860977074816,-3.7480587774234917,7,0,0,1,45,0.0085,BAJO
PN_6108,40.45091030635718,-3.659187953634199,7,0,0,1,46,0.0085,BAJO
PN_6109,40.45115313279301,-3.6526839681839314,7,0,0,1,60,0.0085,BAJO
PN_6110,40.39202239552852,-3.7222531517591504,7,0,0,1,23,0.0085,BAJO
PN_6111,40.35497020979682,-3.6911318918283045,7,0,0,1,31,0.0085,BAJO
PN_6112,40.481705795775504,-3.697735892506194,7,0,0,1,47,0.0085,BAJO
PN_6113,40.39022145611051,-3.6380844484759725,7,0,0,1,41,0.0085,BAJO
PN_6114,40.400814303033734,-3.6061347759822673,7,0,0,1,8,0.0085,BAJO
PN_6115,40.39096064743019,-3.726151897926029,7,0,0,1,41,0.0085,BAJO
PN_6116,40.39017190119965,-3.6497569173647144,7,0,0,1,29,0.0085,BAJO
PN_6117,40.43087724646843,-3.708925591889662,7,0,0,1,70,0.0085,BAJO
PN_6118,40.382698050597746,-3.712075738024212,7,0,0,1,28,0.0085,BAJO
PN_6119,40.43883545935106,-3.6993053415103145,7,0,0,1,27,0.0085,BAJO
PN_6120,40.38125924437236,-3.701959422003743,7,0,0,1,27,0.0085,BAJO
PN_6121,40.43884969860604,-3.68619072847854,7,0,0,1,66,0.0085,BAJO
PN_6122,40.360940879995034,-3.6949666258942853,7,0,0,1,35,0.0085,BAJO
PN_6123,40.373790378111856,-3.649825033351859,7,0,0,1,8,0.0085,BAJO
PN_6124,40.47384496007011,-3.577832784683419,7,0,0,1,15,0.0085,BAJO
PN_6125,40.41488710696699,-3.717958045667579,7,0,0,1,69,0.0085,BAJO
PN_6126,40.44383858075982,-3.7149946496027053,7,0,0,1,42,0.0085,BAJO
PN_6127,40.39003748336592,-3.7276450650228936,7,0,0,1,62,0.0085,BAJO
PN_6128,40.41206271200997,-3.7178640444630804,7,0,0,1,71,0.0085,BAJO
PN_6129,40.388828355184714,-3.645834028906506,7,0,0,1,43,0.0085,BAJO
PN_6130,40.40375155017051,-3.6510625788545252,7,0,0,1,32,0.0085,BAJO
PN_6131,40.40410590808825,-3.655087966569994,7,0,0,1,31,0.0085,BAJO
PN_6132,40.401663288347955,-3.6869998422144135,7,0,0,1,31,0.0085,BAJO
PN_6133,40.40199317791026,-3.6923246885006678,7,0,0,1,63,0.0085,BAJO
PN_6134,40.40874349552123,-3.725086991609783,7,0,0,1,44,0.0085,BAJO
PN_6135,40.482867099314014,-3.7057186588222,7,0,0,1,74,0.0085,BAJO
PN_6136,40.38381997226279,-3.69113382110881,7,0,0,1,60,0.0085,BAJO
PN_6137,40.409380418032846,-3.6421798976057005,7,0,0,1,30,0.0085,BAJO
PN_6138,40.37307611613399,-3.6620720733535754,7,0,0,1,12,0.0085,BAJO
PN_6139,40.373947198651074,-3.741030138080596,7,0,0,1,47,0.0085,BAJO
PN_6140,40.42385366956545,-3.72023418948076,7,0,0,1,58,0.0085,BAJO
PN_6141,40.46898580972597,-3.6959190736355754,7,0,0,1,25,0.0085,BAJO
PN_6142,40.41338513722633,-3.701823383557142,7,0,0,1,35,0.0085,BAJO
PN_6143,40.37830874201786,-3.67328425553926,7,0,0,1,6,0.0085,BAJO
PN_6144,40.47021502573997,-3.689669609846917,7,0,0,1,49,0.0085,BAJO
PN_6145,40.38135165334175,-3.6550627250541017,7,0,0,1,10,0.0085,BAJO
PN_6146,40.427119165970716,-3.6169066805768617,7,0,0,1,5,0.0085,BAJO
PN_6147,40.40497889830647,-3.6970608241406007,7,0,0,1,92,0.0085,BAJO
PN_6148,40.441108937962056,-3.608159112701195,7,0,0,1,0,0.0085,BAJO
PN_6149,40.42701737548338,-3.6178926407222547,7,0,0,1,0,0.0085,BAJO
PN_6150,40.414226790205326,-3.628689967350943,7,0,0,1,22,0.0085,BAJO
PN_6151,40.35909152792313,-3.7021954813327937,7,0,0,1,17,0.0085,BAJO
PN_6152,40.357648864658515,-3.6880485223744333,7,0,0,1,11,0.0085,BAJO
PN_6153,40.37086281291314,-3.741139380370626,7,0,0,1,53,0.0085,BAJO
PN_6154,40.46703644763683,-3.6319895255878727,7,0,0,1,34,0.0085,BAJO
PN_6155,40.3732986161501,-3.751390553864365,7,0,0,1,40,0.0085,BAJO
PN_6156,40.372280861063906,-3.692165231393077,7,0,0,1,51,0.0085,BAJO
PN_6157,40.425240535282164,-3.6061249567581792,7,0,0,1,56,0.0085,BAJO
PN_6158,40.466082717862356,-3.665926633446575,7,0,0,1,59,0.0085,BAJO
PN_6159,40.421057116518945,-3.651441567647199,7,0,0,1,34,0.0085,BAJO
PN_6160,40.44467612677711,-3.669257929643674,7,0,0,1,60,0.0085,BAJO
PN_6161,40.422085759886116,-3.6989853507480284,7,0,0,1,56,0.0085,BAJO
PN_6162,40.46497120315241,-3.6758271575464763,7,0,0,1,60,0.0085,BAJO
PN_6163,40.36967334748117,-3.7049521524636497,7,0,0,1,19,0.0085,BAJO
PN_6164,40.44475513430903,-3.6769082606673016,7,0,0,1,37,0.0085,BAJO
PN_6165,40.448117707611296,-3.6681212462391963,7,0,0,1,59,0.0085,BAJO
PN_6166,40.43210690170199,-3.630869120976199,7,0,0,1,77,0.0085,BAJO
PN_6167,40.43297671812509,-3.723819611410236,7,0,0,1,29,0.0085,BAJO
PN_6168,40.45262489901021,-3.553906061187736,7,0,0,1,0,0.0085,BAJO
PN_6169,40.45333493281312,-3.7020434338082757,7,0,0,1,85,0.0085,BAJO
PN_6170,40.42508789275339,-3.667037813136484,7,0,0,1,32,0.0085,BAJO
PN_6171,40.37097775143128,-3.690982413201982,7,0,0,1,57,0.0085,BAJO
PN_6172,40.4777374175981,-3.6581205086595228,7,0,0,1,14,0.0085,BAJO
PN_6173,40.42916642308088,-3.6408708412264557,7,0,0,1,69,0.0085,BAJO
PN_6174,40.491690838927624,-3.705064315533995,7,0,0,1,8,0.0085,BAJO
PN_6175,40.395791581786106,-3.666836147543047,7,0,0,1,53,0.0085,BAJO
PN_6176,40.43586400590573,-3.608965807709559,7,0,0,1,42,0.0085,BAJO
PN_6177,40.495201852265154,-3.649027576615949,7,0,0,1,11,0.0085,BAJO
PN_6178,40.395624739120684,-3.754697281242143,7,0,0,1,30,0.0085,BAJO
PN_6179,40.38661357933828,-3.7190765885572055,7,0,0,1,94,0.0085,BAJO
PN_6180,40.38680051492697,-3.722123311409035,7,0,0,1,95,0.0085,BAJO
PN_6181,40.39905486391002,-3.6718276736159727,7,0,0,1,57,0.0085,BAJO
PN_6182,40.35205706462307,-3.6970253214877835,7,0,0,1,34,0.0085,BAJO
PN_6183,40.379718949946856,-3.740103814213982,7,0,0,1,20,0.0085,BAJO
PN_6184,40.458223869873564,-3.7046418708168956,7,0,0,1,58,0.0085,BAJO
PN_6185,40.34493073917171,-3.7099475827789172,7,0,0,1,19,0.0085,BAJO
PN_6186,40.3973296026724,-3.701840125909828,7,0,0,1,83,0.0085,BAJO
PN_6187,40.34508445282395,-3.709017328510452,7,0,0,1,18,0.0085,BAJO
PN_6188,40.42566647359082,-3.620211041867983,7,0,0,1,6,0.0085,BAJO
PN_6189,40.396939696253646,-3.6548838376014006,7,0,0,1,3,0.0085,BAJO
PN_6190,40.396137404934244,-3.6161221872383082,10,0,0,0,5,0.0074,MEDIO
PN_6191,40.397073912372626,-3.6489750168360664,10,0,0,0,14,0.0074,MEDIO
PN_6192,40.45798746513514,-3.6803424091146235,10,0,0,0,92,0.0074,MEDIO
PN_6193,40.426114370192224,-3.6786760634120292,10,0,0,0,50,0.0074,MEDIO
PN_6194,40.39715271128378,-3.682085200230175,10,0,0,0,41,0.0074,MEDIO
PN_6195,40.43303453345603,-3.676622288578879,10,0,0,0,63,0.0074,MEDIO
PN_6196,40.43892819573823,-3.6571073931292397,10,0,0,0,78,0.0074,MEDIO
PN_6197,40.429930389084916,-3.720976560819344,10,0,0,0,61,0.0074,MEDIO
PN_6198,40.42606339391377,-3.6580407922253584,10,0,0,0,43,0.0074,MEDIO
PN_6199,40.37921606053,-3.695320989663086,10,0,0,0,34,0.0074,MEDIO
PN_6200,40.37885781543448,-3.6909090980321166,10,0,0,0,30,0.0074,MEDIO
PN_6201,40.38004390301031,-3.7289830026481936,10,0,0,0,33,0.0074,MEDIO
PN_6202,40.4720649706421,-3.6721678397062796,10,0,0,0,51,0.0074,MEDIO
PN_6203,40.42718096004388,-3.675613447791945,10,0,0,0,46,0.0074,MEDIO
PN_6204,40.35092317876102,-3.705097182732188,10,0,0,0,36,0.0074,MEDIO
PN_6205,40.35295074449418,-3.7081105399264316,10,0,0,0,19,0.0074,MEDIO
PN_6206,40.436061197064724,-3.694759047636329,10,0,0,0,47,0.0074,MEDIO
PN_6207,40.44593846464734,-3.673018306689903,10,0,0,0,41,0.0074,MEDIO
PN_6208,40.45410445008385,-3.6870679882594906,10,0,0,0,65,0.0074,MEDIO
PN_6209,40.46687141330758,-3.7030420828394597,10,0,0,0,20,0.0074,MEDIO
PN_6210,40.38512535223438,-3.693032531191497,10,0,0,0,63,0.0074,MEDIO
PN_6211,40.38599063492093,-3.7161780885921822,10,0,0,0,78,0.0074,MEDIO
PN_6212,40.403724036682235,-3.7079953455158856,10,0,0,0,41,0.0074,MEDIO
PN_6213,40.42188411662029,-3.710256830057085,10,0,0,0,80,0.0074,MEDIO
PN_6214,40.429882314034714,-3.714936416825638,10,0,0,0,88,0.0074,MEDIO
PN_6215,40.466921437031154,-3.570131638002116,10,0,0,0,0,0.0074,MEDIO
PN_6216,40.37224270590872,-3.7599453145673474,10,0,0,0,12,0.0074,MEDIO
PN_6217,40.37103751967511,-3.710745137889096,10,0,0,0,25,0.0074,MEDIO
PN_6218,40.36989693285737,-3.599071236853137,10,0,0,0,11,0.0074,MEDIO
PN_6219,40.42201428898629,-3.659698789533482,10,0,0,0,52,0.0074,MEDIO
PN_6220,40.45198699931652,-3.672108073786297,10,0,0,0,51,0.0074,MEDIO
PN_6221,40.467833645565484,-3.569116644696062,10,0,0,0,0,0.0074,MEDIO
PN_6222,40.467656575832926,-3.6762359252634065,10,0,0,0,53,0.0074,MEDIO
PN_6223,40.43892706121146,-3.6501378120786176,10,0,0,0,25,0.0074,MEDIO
PN_6224,40.38513027222434,-3.7310065132308017,10,0,0,0,59,0.0074,MEDIO
PN_6225,40.389215255851326,-3.7008424299097245,10,0,0,0,42,0.0074,MEDIO
PN_6226,40.42461039074856,-3.671953381449486,10,0,0,0,45,0.0074,MEDIO
PN_6227,40.390991899489734,-3.664985577578366,10,0,0,0,42,0.0074,MEDIO
PN_6228,40.4619847864423,-3.6939751407077366,10,0,0,0,118,0.0074,MEDIO
PN_6229,40.44134096184131,-3.625077483798792,10,0,0,0,52,0.0074,MEDIO
PN_6230,40.40518799429792,-3.633287017434111,10,0,0,0,32,0.0074,MEDIO
PN_6231,40.463136988811925,-3.747859732178063,10,0,0,0,7,0.0074,MEDIO
PN_6232,40.42307727834795,-3.6101720955116603,10,0,0,0,61,0.0074,MEDIO
PN_6233,40.3752533025261,-3.6827124613238587,10,0,0,0,4,0.0074,MEDIO
PN_6234,40.38510602108518,-3.7081196438050386,10,0,0,0,16,0.0074,MEDIO
PN_6235,40.376101521540576,-3.6897701001410277,10,0,0,0,15,0.0074,MEDIO
PN_6236,40.41880650728355,-3.710130163879145,10,0,0,0,57,0.0074,MEDIO
PN_6237,40.360063686209266,-3.613121437360578,10,0,0,0,0,0.0074,MEDIO
PN_6238,40.49192069595075,-3.5938785571075256,10,0,0,0,0,0.0074,MEDIO
PN_6239,40.430262221862456,-3.6859870574375173,10,0,0,0,43,0.0074,MEDIO
PN_6240,40.49088979752617,-3.7160153576465924,10,0,0,0,18,0.0074,MEDIO
PN_6241,40.47082976957627,-3.7506334651379296,10,0,0,0,10,0.0074,MEDIO
PN_6242,40.41777967587681,-3.703860792092686,6,0,0,1,66,0.007,BAJO
PN_6243,40.45889491190615,-3.6548754067321614,6,0,0,1,49,0.007,BAJO
PN_6244,40.394779661615125,-3.7557065230575564,6,0,0,1,34,0.007,BAJO
PN_6245,40.460301002264295,-3.6799800653453794,6,0,0,1,95,0.007,BAJO
PN_6246,40.45995300609965,-3.705230567666673,6,0,0,1,61,0.007,BAJO
PN_6247,40.35203287998652,-3.698900209818708,6,0,0,1,17,0.007,BAJO
PN_6248,40.441973727897185,-3.6650050427884633,6,0,0,1,77,0.007,BAJO
PN_6249,40.35095177384441,-3.6779639894777922,6,0,0,1,13,0.007,BAJO
PN_6250,40.35206684690538,-3.705424289864723,6,0,0,1,28,0.007,BAJO
PN_6251,40.44493846054065,-3.5818973623412718,6,0,0,1,21,0.007,BAJO
PN_6252,40.43498422747916,-3.645938298722658,6,0,0,1,78,0.007,BAJO
PN_6253,40.35019798535365,-3.6901537589586586,6,0,0,1,20,0.007,BAJO
PN_6254,40.43518325816411,-3.63984860003104,6,0,0,1,83,0.007,BAJO
PN_6255,40.37872656410894,-3.6697801173543922,6,0,0,1,28,0.007,BAJO
PN_6256,40.43623255135872,-3.6186555018663626,6,0,0,1,62,0.007,BAJO
PN_6257,40.45781542685638,-3.6250257126306096,6,0,0,1,39,0.007,BAJO
PN_6258,40.42711213265226,-3.7188924682370694,6,0,0,1,67,0.007,BAJO
PN_6259,40.37292593670362,-3.7537445170407353,6,0,0,1,30,0.007,BAJO
PN_6260,40.44485570604257,-3.655171500844805,6,0,0,1,53,0.007,BAJO
PN_6261,40.41109489591614,-3.7102557410870687,6,0,0,1,42,0.007,BAJO
PN_6262,40.411048115992166,-3.721208332935974,6,0,0,1,68,0.007,BAJO
PN_6263,40.429258497161136,-3.6160411987858136,6,0,0,1,9,0.007,BAJO
PN_6264,40.452975317335266,-3.67893719791881,6,0,0,1,66,0.007,BAJO
PN_6265,40.370025973203475,-3.611936453778579,6,0,0,1,25,0.007,BAJO
PN_6266,40.4027879518078,-3.647979492740221,6,0,0,1,21,0.007,BAJO
PN_6267,40.38712083411698,-3.6549632069499864,6,0,0,1,8,0.007,BAJO
PN_6268,40.38698225012768,-3.738048851846551,6,0,0,1,71,0.007,BAJO
PN_6269,40.38782697891254,-3.7166641036713544,6,0,0,1,83,0.007,BAJO
PN_6270,40.464957441560635,-3.5708683662204073,6,0,0,1,0,0.007,BAJO
PN_6271,40.445358609359346,-3.672188263944508,6,0,0,1,57,0.007,BAJO
PN_6272,40.42182307027027,-3.6896867936960636,6,0,0,1,71,0.007,BAJO
PN_6273,40.48077903176624,-3.581650242996106,6,0,0,1,2,0.007,BAJO
PN_6274,40.432703813961965,-3.727996706712041,6,0,0,1,20,0.007,BAJO
PN_6275,40.37381376378929,-3.6909345356364742,6,0,0,1,29,0.007,BAJO
PN_6276,40.45012229529699,-3.6008499071736844,6,0,0,1,6,0.007,BAJO
PN_6277,40.40724830272381,-3.649966845989681,6,0,0,1,36,0.007,BAJO
PN_6278,40.378335181190806,-3.6240589368129807,6,0,0,1,28,0.007,BAJO
PN_6279,40.42605261546962,-3.6780435743720314,6,0,0,1,52,0.007,BAJO
PN_6280,40.41817634493583,-3.722799099952557,6,0,0,1,78,0.007,BAJO
PN_6281,40.4278232914746,-3.6359631658162512,6,0,0,1,56,0.007,BAJO
PN_6282,40.42808101678497,-3.6379677518949856,6,0,0,1,46,0.007,BAJO
PN_6283,40.365980709044315,-3.7611894137655777,6,0,0,1,26,0.007,BAJO
PN_6284,40.364921898702256,-3.6946715598870994,6,0,0,1,60,0.007,BAJO
PN_6285,40.389287107332144,-3.6400208144001236,6,0,0,1,52,0.007,BAJO
PN_6286,40.46434235416636,-3.6598901972009816,6,0,0,1,46,0.007,BAJO
PN_6287,40.37016926281917,-3.6129487693904436,6,0,0,1,15,0.007,BAJO
PN_6288,40.44294032679964,-3.5859855653793997,6,0,0,1,21,0.007,BAJO
PN_6289,40.480388411896286,-3.7191065522562923,6,0,0,1,53,0.007,BAJO
PN_6290,40.434023873796185,-3.6819121533060795,6,0,0,1,74,0.007,BAJO
PN_6291,40.44926132521228,-3.643101259205388,6,0,0,1,4,0.007,BAJO
PN_6292,40.40893223447266,-3.6999952549827597,6,0,0,1,28,0.007,BAJO
PN_6293,40.40895343823323,-3.671095212395162,6,0,0,1,56,0.007,BAJO
PN_6294,40.40904240391499,-3.640858096144749,6,0,0,1,29,0.007,BAJO
PN_6295,40.366988907815355,-3.70173226846223,6,0,0,1,19,0.007,BAJO
PN_6296,40.36706550537948,-3.6987531541511416,6,0,0,1,51,0.007,BAJO
PN_6297,40.41285010582424,-3.7001713946851127,6,0,0,1,33,0.007,BAJO
PN_6298,40.431951692703755,-3.613878797190571,6,0,0,1,28,0.007,BAJO
PN_6299,40.36824422205451,-3.7569608854220213,6,0,0,1,14,0.007,BAJO
PN_6300,40.40206927209072,-3.6179832108596135,6,0,0,1,5,0.007,BAJO
PN_6301,40.46392145691569,-3.805841683772037,6,0,0,1,0,0.007,BAJO
PN_6302,40.390707328905,-3.712217321716697,6,0,0,1,32,0.007,BAJO
PN_6303,40.44678614202875,-3.6847906737431586,6,0,0,1,22,0.007,BAJO
PN_6304,40.3781301166599,-3.670875662416149,6,0,0,1,20,0.007,BAJO
PN_6305,40.36785177909239,-3.7591060542252976,6,0,0,1,18,0.007,BAJO
PN_6306,40.367020193623155,-3.7558577005640523,6,0,0,1,17,0.007,BAJO
PN_6307,40.406888512330035,-3.7419216375772355,6,0,0,1,31,0.007,BAJO
PN_6308,40.4721083480811,-3.583048039631858,6,0,0,1,17,0.007,BAJO
PN_6309,40.38095972016301,-3.6868626884009266,6,0,0,1,36,0.007,BAJO
PN_6310,40.3809584791767,-3.6142167671810324,6,0,0,1,14,0.007,BAJO
PN_6311,40.381938170622455,-3.650872159793415,6,0,0,1,16,0.007,BAJO
PN_6312,40.382737011847816,-3.740235019566153,6,0,0,1,39,0.007,BAJO
PN_6313,40.45533358130699,-3.68817771616076,6,0,0,1,89,0.007,BAJO
PN_6314,40.366019505637844,-3.757338413931285,6,0,0,1,42,0.007,BAJO
PN_6315,40.38298409602908,-3.689078456121178,6,0,0,1,53,0.007,BAJO
PN_6316,40.46906028184673,-3.693199436238977,6,0,0,1,32,0.007,BAJO
PN_6317,40.44823399938091,-3.7010042782785644,6,0,0,1,84,0.007,BAJO
PN_6318,40.47380085614157,-3.6787182942993684,6,0,0,1,34,0.007,BAJO
PN_6319,40.383865331864506,-3.7010944690196137,6,0,0,1,42,0.007,BAJO
PN_6320,40.388882392640625,-3.7572115439843192,6,0,0,1,36,0.007,BAJO
PN_6321,40.44310251752665,-3.575820645421704,6,0,0,1,0,0.007,BAJO
PN_6322,40.48001377980299,-3.6558769541159104,6,0,0,1,21,0.007,BAJO
PN_6323,40.375828981994744,-3.7460080871613517,6,0,0,1,43,0.007,BAJO
PN_6324,40.47389643638655,-3.642827001344559,6,0,0,1,35,0.007,BAJO
PN_6325,40.47521373775808,-3.6878655080331484,6,0,0,1,50,0.007,BAJO
PN_6326,40.37488891663057,-3.660076894201516,6,0,0,1,14,0.007,BAJO
PN_6327,40.47533787262723,-3.660929814989174,6,0,0,1,46,0.007,BAJO
PN_6328,40.37556165774285,-3.78014874255611,6,0,0,1,19,0.007,BAJO
PN_6329,40.37524252004349,-3.743111665239527,6,0,0,1,44,0.007,BAJO
PN_6330,40.43857689235133,-3.702151817544861,6,0,0,1,29,0.007,BAJO
PN_6331,40.38103153430604,-3.6508222004105044,6,0,0,1,12,0.007,BAJO
PN_6332,40.382618908822444,-3.714855501187165,6,0,0,1,49,0.007,BAJO
PN_6333,40.43374429954168,-3.61701747262368,6,0,0,1,41,0.007,BAJO
PN_6334,40.484153753147766,-3.7028172825580845,6,0,0,1,56,0.007,BAJO
PN_6335,40.43399750964545,-3.6507981222521786,6,0,0,1,81,0.007,BAJO
PN_6336,40.43811871293665,-3.6500734285863516,6,0,0,1,21,0.007,BAJO
PN_6337,40.434018655687346,-3.669186778677329,6,0,0,1,69,0.007,BAJO
PN_6338,40.44723583998174,-3.784825117360729,6,0,0,1,0,0.007,BAJO
PN_6339,40.39097896645021,-3.702173671964326,6,0,0,1,62,0.007,BAJO
PN_6340,40.39144082262292,-3.674787973381701,6,0,0,1,51,0.007,BAJO
PN_6341,40.45586138716491,-3.661029840470915,6,0,0,1,65,0.007,BAJO
PN_6342,40.400736058994255,-3.7457762455680848,6,0,0,1,27,0.007,BAJO
PN_6343,40.38008519990721,-3.604699928784168,6,0,0,1,5,0.007,BAJO
PN_6344,40.38005702766864,-3.6221820773786657,6,0,0,1,34,0.007,BAJO
PN_6345,40.41709606373169,-3.7059496305898185,6,0,0,1,50,0.007,BAJO
PN_6346,40.38104010397779,-3.7809011095866265,6,0,0,1,15,0.007,BAJO
PN_6347,40.43004749874103,-3.6240277976105406,6,0,0,1,21,0.007,BAJO
PN_6348,40.47083063141674,-3.7004075526543967,6,0,0,1,32,0.007,BAJO
PN_6349,40.37607591193171,-3.774902831658931,6,0,0,1,25,0.007,BAJO
PN_6350,40.429932127466195,-3.6079186283813036,6,0,0,1,43,0.007,BAJO
PN_6351,40.40820486033346,-3.7213527974704683,6,0,0,1,55,0.007,BAJO
PN_6352,40.362292999473965,-3.7550020701691156,6,0,0,1,44,0.007,BAJO
PN_6353,40.48462628768022,-3.6979335649063487,6,0,0,1,48,0.007,BAJO
PN_6354,40.48512640667547,-3.693673437922548,6,0,0,1,39,0.007,BAJO
PN_6355,40.47286781260422,-3.6540850892427224,6,0,0,1,37,0.007,BAJO
PN_6356,40.40777369292931,-3.6427395857355704,6,0,0,1,32,0.007,BAJO
PN_6357,40.40897560884353,-3.732975726020699,6,0,0,1,57,0.007,BAJO
PN_6358,40.49039213098184,-3.6961702231385325,6,0,0,1,37,0.007,BAJO
PN_6359,40.487897379428176,-3.595554401892532,6,0,0,1,0,0.007,BAJO
PN_6360,40.35529786027656,-3.7007749397824647,6,0,0,1,28,0.007,BAJO
PN_6361,40.39881360050846,-3.6286394377103712,6,0,0,1,9,0.007,BAJO
PN_6362,40.48955361554231,-3.6453225534798133,6,0,0,1,12,0.007,BAJO
PN_6363,40.46082137310303,-3.692983032160708,6,0,0,1,132,0.007,BAJO
PN_6364,40.46091199183067,-3.6878670382148773,6,0,0,1,91,0.007,BAJO
PN_6365,40.39156481062877,-3.653195670771618,6,0,0,1,28,0.007,BAJO
PN_6366,40.39406049649765,-3.6998746115846175,6,0,0,1,89,0.007,BAJO
PN_6367,40.393997245576465,-3.7349950982830595,6,0,0,1,16,0.007,BAJO
PN_6368,40.39368665969263,-3.7330671768388366,6,0,0,1,14,0.007,BAJO
PN_6369,40.4598822436277,-3.671735416799029,6,0,0,1,88,0.007,BAJO
PN_6370,40.39200476632562,-3.693671367785934,6,0,0,1,59,0.007,BAJO
PN_6371,40.43504016196429,-3.611069380073958,6,0,0,1,40,0.007,BAJO
PN_6372,40.434862051504886,-3.6101088349100228,6,0,0,1,43,0.007,BAJO
PN_6373,40.420062156204274,-3.6748695510487916,6,0,0,1,70,0.007,BAJO
PN_6374,40.34704920299293,-3.7158594408521477,6,0,0,1,11,0.007,BAJO
PN_6375,40.43661474511078,-3.661098729507866,6,0,0,1,87,0.007,BAJO
PN_6376,40.33963638084507,-3.706054193214382,6,0,0,1,17,0.007,BAJO
PN_6377,40.343241484071505,-3.691148418276556,6,0,0,1,4,0.007,BAJO
PN_6378,40.50371754367739,-3.711013478343702,6,0,0,1,25,0.007,BAJO
PN_6379,40.33605646546629,-3.701162516579196,6,0,0,1,0,0.007,BAJO
PN_6380,40.34381522418246,-3.7087391188266263,6,0,0,1,21,0.007,BAJO
PN_6381,40.41904816044963,-3.6656279414894306,6,0,0,1,58,0.007,BAJO
PN_6382,40.32995689620022,-3.6927492257247176,6,0,0,1,0,0.007,BAJO
PN_6383,40.417828003237375,-3.66683195798331,6,0,0,1,52,0.007,BAJO
PN_6384,40.33779581650662,-3.70674139793363,6,0,0,1,16,0.007,BAJO
PN_6385,40.349124520761734,-3.714124921235104,6,0,0,1,3,0.007,BAJO
PN_6386,40.34821952568958,-3.689054215543651,6,0,0,1,8,0.007,BAJO
PN_6387,40.504736198023615,-3.6730449230516107,9,0,0,0,26,0.0059,BAJO
PN_6388,40.44611849963125,-3.710739593442489,9,0,0,0,48,0.0059,BAJO
PN_6389,40.42586906837237,-3.655190911389344,9,0,0,0,46,0.0059,BAJO
PN_6390,40.425728416243054,-3.705950969508191,9,0,0,0,50,0.0059,BAJO
PN_6391,40.35503626783387,-3.6978491153699533,9,0,0,0,22,0.0059,BAJO
PN_6392,40.38826005265998,-3.6502509678587223,9,0,0,0,37,0.0059,BAJO
PN_6393,40.465218039835975,-3.6481590224874645,9,0,0,0,25,0.0059,BAJO
PN_6394,40.42521082745324,-3.61163009229844,9,0,0,0,56,0.0059,BAJO
PN_6395,40.389951266901704,-3.69123558346867,9,0,0,0,65,0.0059,BAJO
PN_6396,40.46321296724779,-3.687163147291037,9,0,0,0,67,0.0059,BAJO
PN_6397,40.402894743008986,-3.663828784588009,9,0,0,0,60,0.0059,BAJO
PN_6398,40.41517846355217,-3.711075290260297,9,0,0,0,40,0.0059,BAJO
PN_6399,40.38681577650594,-3.6581805987579434,9,0,0,0,6,0.0059,BAJO
PN_6400,40.385833289066476,-3.6531481535995263,9,0,0,0,14,0.0059,BAJO
PN_6401,40.385855922679,-3.607111127548963,9,0,0,0,6,0.0059,BAJO
PN_6402,40.464894179056124,-3.639811324486131,9,0,0,0,53,0.0059,BAJO
PN_6403,40.36917701526805,-3.6782617541696347,9,0,0,0,4,0.0059,BAJO
PN_6404,40.375973718433684,-3.7195331963866445,9,0,0,0,19,0.0059,BAJO
PN_6405,40.434650518854454,-3.6769699203057575,9,0,0,0,64,0.0059,BAJO
PN_6406,40.443026890576604,-3.739233377455856,9,0,0,0,6,0.0059,BAJO
PN_6407,40.427323303729345,-3.6788258832692162,9,0,0,0,55,0.0059,BAJO
PN_6408,40.44376412327168,-3.667938508886551,9,0,0,0,62,0.0059,BAJO
PN_6409,40.43917612015025,-3.7382819900045194,9,0,0,0,16,0.0059,BAJO
PN_6410,40.43278622081576,-3.65285293041129,9,0,0,0,80,0.0059,BAJO
PN_6411,40.37093351104924,-3.697992133614411,9,0,0,0,63,0.0059,BAJO
PN_6412,40.422885480520755,-3.697056650655736,9,0,0,0,57,0.0059,BAJO
PN_6413,40.42286621616935,-3.67790745140804,9,0,0,0,66,0.0059,BAJO
PN_6414,40.41495850944894,-3.6741008793394343,9,0,0,0,64,0.0059,BAJO
PN_6415,40.44714292601938,-3.6663040046292696,9,0,0,0,74,0.0059,BAJO
PN_6416,40.430081774644634,-3.701676373613557,9,0,0,0,48,0.0059,BAJO
PN_6417,40.38502704577734,-3.650916290908096,9,0,0,0,22,0.0059,BAJO
PN_6418,40.463073835252075,-3.7100179200295806,9,0,0,0,35,0.0059,BAJO
PN_6419,40.40101797031267,-3.657325094254383,9,0,0,0,22,0.0059,BAJO
PN_6420,40.40116847896887,-3.761975803708042,9,0,0,0,35,0.0059,BAJO
PN_6421,40.43765524353185,-3.6110773345529186,9,0,0,0,33,0.0059,BAJO
PN_6422,40.38531728173477,-3.7533066474018293,9,0,0,0,15,0.0059,BAJO
PN_6423,40.46920342297229,-3.689937312572404,9,0,0,0,46,0.0059,BAJO
PN_6424,40.48491757152677,-3.615771717087201,9,0,0,0,18,0.0059,BAJO
PN_6425,40.44688585158738,-3.7192223494048684,9,0,0,0,23,0.0059,BAJO
PN_6426,40.38170656217196,-3.6608221428274796,9,0,0,0,16,0.0059,BAJO
PN_6427,40.48430799989315,-3.6983432250385366,9,0,0,0,48,0.0059,BAJO
PN_6428,40.46901720522898,-3.6850623072979505,9,0,0,0,42,0.0059,BAJO
PN_6429,40.45244777598988,-3.6700188468041595,9,0,0,0,42,0.0059,BAJO
PN_6430,40.350739494803484,-3.687218685920322,9,0,0,0,16,0.0059,BAJO
PN_6431,40.46898444695229,-3.5798209940074677,9,0,0,0,8,0.0059,BAJO
PN_6432,40.38236075187088,-3.688694458891613,9,0,0,0,50,0.0059,BAJO
PN_6433,40.43434641222169,-3.6548657778257976,9,0,0,0,94,0.0059,BAJO
PN_6434,40.43828131600023,-3.663300269611759,9,0,0,0,73,0.0059,BAJO
PN_6435,40.44531652843029,-3.5879924967881394,9,0,0,0,25,0.0059,BAJO
PN_6436,40.49593405766775,-3.7020551337552132,9,0,0,0,12,0.0059,BAJO
PN_6437,40.42201944904043,-3.71882515480875,9,0,0,0,76,0.0059,BAJO
PN_6438,40.37884830651143,-3.683954403380481,9,0,0,0,14,0.0059,BAJO
PN_6439,40.397195616474875,-3.5962948272413637,9,0,0,0,0,0.0059,BAJO
PN_6440,40.49595500421458,-3.6738173143576804,9,0,0,0,11,0.0059,BAJO
PN_6441,40.397889084054235,-3.6618405470410584,9,0,0,0,30,0.0059,BAJO
PN_6442,40.432136415066026,-3.665867670676112,9,0,0,0,78,0.0059,BAJO
PN_6443,40.47199814399582,-3.6530765583916693,9,0,0,0,42,0.0059,BAJO
PN_6444,40.472215638670896,-3.6430292115197997,9,0,0,0,25,0.0059,BAJO
PN_6445,40.40612492666997,-3.650099425220815,9,0,0,0,38,0.0059,BAJO
PN_6446,40.438777303254234,-3.644992687139346,9,0,0,0,57,0.0059,BAJO
PN_6447,40.43991343008887,-3.681969694776348,9,0,0,0,77,0.0059,BAJO
PN_6448,40.431027792881224,-3.710189017668671,9,0,0,0,82,0.0059,BAJO
PN_6449,40.451646213692456,-3.7411518130447923,9,0,0,0,10,0.0059,BAJO
PN_6450,40.36622949728753,-3.678352606181967,9,0,0,0,4,0.0059,BAJO
PN_6451,40.366143543764125,-3.6617432463016666,9,0,0,0,0,0.0059,BAJO
PN_6452,40.41209858390588,-3.7260204325418735,9,0,0,0,87,0.0059,BAJO
PN_6453,40.4001057195782,-3.7140957490737088,9,0,0,0,107,0.0059,BAJO
PN_6454,40.459877724997824,-3.669235592110369,9,0,0,0,75,0.0059,BAJO
PN_6455,40.471234809325885,-3.684150299580666,9,0,0,0,46,0.0059,BAJO
PN_6456,40.40039101011545,-3.7131219932166277,9,0,0,0,102,0.0059,BAJO
PN_6457,40.50197641431217,-3.682780110929523,9,0,0,0,14,0.0059,BAJO
PN_6458,40.4368814319817,-3.731890041385195,9,0,0,0,27,0.0059,BAJO
PN_6459,40.50689507848287,-3.671023321504615,9,0,0,0,35,0.0059,BAJO
PN_6460,40.50806938978919,-3.6781994102916347,9,0,0,0,7,0.0059,BAJO
PN_6461,40.37327678617577,-3.773378061254174,9,0,0,0,27,0.0059,BAJO
PN_6462,40.445766767070275,-3.58803441690227,9,0,0,0,25,0.0059,BAJO
PN_6463,40.446019960678086,-3.5860752009355306,9,0,0,0,21,0.0059,BAJO
PN_6464,40.490982136148965,-3.689253033519433,9,0,0,0,32,0.0059,BAJO
PN_6465,40.499062348876286,-3.686359158839423,9,0,0,0,15,0.0059,BAJO
PN_6466,40.38896207681796,-3.704043097865182,9,0,0,0,30,0.0059,BAJO
PN_6467,40.38911463837367,-3.647088478046866,9,0,0,0,42,0.0059,BAJO
PN_6468,40.3887868459782,-3.585968902936169,9,0,0,0,0,0.0059,BAJO
PN_6469,40.45505303703939,-3.674037534718357,9,0,0,0,74,0.0059,BAJO
PN_6470,40.38884663314049,-3.700305665417603,9,0,0,0,48,0.0059,BAJO
PN_6471,40.464269028847475,-3.643872144146881,9,0,0,0,30,0.0059,BAJO
PN_6472,40.47504683109077,-3.580950617444922,9,0,0,0,17,0.0059,BAJO
PN_6473,40.40965412733858,-3.7419467703061193,9,0,0,0,31,0.0059,BAJO
PN_6474,40.44944070353694,-3.619978805704738,9,0,0,0,8,0.0059,BAJO
PN_6475,40.433971746801305,-3.7069214218633757,9,0,0,0,50,0.0059,BAJO
PN_6476,40.43384804470836,-3.68083421616791,9,0,0,0,74,0.0059,BAJO
PN_6477,40.45891107761552,-3.783109266363883,9,0,0,0,63,0.0059,BAJO
PN_6478,40.459071767200015,-3.779179693133579,9,0,0,0,41,0.0059,BAJO
PN_6479,40.411007689616746,-3.699024118794593,9,0,0,0,21,0.0059,BAJO
PN_6480,40.495958067287745,-3.672948018644002,9,0,0,0,27,0.0059,BAJO
PN_6481,40.37184597928536,-3.703189599488211,9,0,0,0,24,0.0059,BAJO
PN_6482,40.436842204319234,-3.6349315782615874,5,0,0,1,77,0.0056,BAJO
PN_6483,40.436998275697064,-3.6311082043340086,5,0,0,1,54,0.0056,BAJO
PN_6484,40.37277681544438,-3.7437524634952704,5,0,0,1,43,0.0056,BAJO
PN_6485,40.373375569290566,-3.724075700056491,5,0,0,1,24,0.0056,BAJO
PN_6486,40.37317561709288,-3.692290497646053,5,0,0,1,45,0.0056,BAJO
PN_6487,40.37411194577344,-3.670065034810178,5,0,0,1,0,0.0056,BAJO
PN_6488,40.37085199404215,-3.59713733863152,5,0,0,1,5,0.0056,BAJO
PN_6489,40.371850977935836,-3.747339624681179,5,0,0,1,34,0.0056,BAJO
PN_6490,40.41115945557202,-3.6388105212665645,5,0,0,1,21,0.0056,BAJO
PN_6491,40.45976159025416,-3.7919146466545763,5,0,0,1,28,0.0056,BAJO
PN_6492,40.39519994808502,-3.759896999394125,5,0,0,1,45,0.0056,BAJO
PN_6493,40.395345963278395,-3.755211282494865,5,0,0,1,30,0.0056,BAJO
PN_6494,40.39524045958028,-3.6599759050266245,5,0,0,1,50,0.0056,BAJO
PN_6495,40.45916077383306,-3.6559705431887126,5,0,0,1,54,0.0056,BAJO
PN_6496,40.45882196731985,-3.6479966411907347,5,0,0,1,26,0.0056,BAJO
PN_6497,40.39704735356471,-3.731880104945366,5,0,0,1,10,0.0056,BAJO
PN_6498,40.44761610711013,-3.613745358043815,5,0,0,1,46,0.0056,BAJO
PN_6499,40.409176806626604,-3.6559823336413686,5,0,0,1,57,0.0056,BAJO
PN_6500,40.44883286325887,-3.5957326202105966,5,0,0,1,6,0.0056,BAJO
PN_6501,40.47459007115159,-3.636870187153492,5,0,0,1,23,0.0056,BAJO
PN_6502,40.41001967346285,-3.7210975663095214,5,0,0,1,61,0.0056,BAJO
PN_6503,40.37122181471294,-3.762843258351874,5,0,0,1,28,0.0056,BAJO
PN_6504,40.356069096967026,-3.6910838938695747,5,0,0,1,32,0.0056,BAJO
PN_6505,40.427886778104046,-3.6220870149432116,5,0,0,1,8,0.0056,BAJO
PN_6506,40.38917173542313,-3.683886285470204,5,0,0,1,27,0.0056,BAJO
PN_6507,40.44103394959793,-3.699129357102953,5,0,0,1,24,0.0056,BAJO
PN_6508,40.46421946018972,-3.7018089566652224,5,0,0,1,32,0.0056,BAJO
PN_6509,40.4637499486434,-3.699305852318895,5,0,0,1,54,0.0056,BAJO
PN_6510,40.390053082870246,-3.7611281238170697,5,0,0,1,42,0.0056,BAJO
PN_6511,40.390240148510635,-3.7578853830236865,5,0,0,1,29,0.0056,BAJO
PN_6512,40.45583987868905,-3.7825397429570367,5,0,0,1,47,0.0056,BAJO
PN_6513,40.401622053696045,-3.652753148405143,5,0,0,1,30,0.0056,BAJO
PN_6514,40.40199816124849,-3.6082305631387213,5,0,0,1,17,0.0056,BAJO
PN_6515,40.49825402408129,-3.6879288747419894,5,0,0,1,15,0.0056,BAJO
PN_6516,40.34384782679994,-3.6861505447582474,5,0,0,1,0,0.0056,BAJO
PN_6517,40.34379896559021,-3.684970269126725,5,0,0,1,0,0.0056,BAJO
PN_6518,40.34298723273618,-3.7140205567765867,5,0,0,1,21,0.0056,BAJO
PN_6519,40.33698849470445,-3.7187465965337316,5,0,0,1,10,0.0056,BAJO
PN_6520,40.37232038736544,-3.612317259603992,5,0,0,1,9,0.0056,BAJO
PN_6521,40.379716511549034,-3.6058884297197467,5,0,0,1,4,0.0056,BAJO
PN_6522,40.3813136350106,-3.7437827260753025,5,0,0,1,26,0.0056,BAJO
PN_6523,40.47130798336102,-3.6321323679447266,5,0,0,1,8,0.0056,BAJO
PN_6524,40.39995318795392,-3.6509034308311357,5,0,0,1,20,0.0056,BAJO
PN_6525,40.39906349353504,-3.6388776465657413,5,0,0,1,29,0.0056,BAJO
PN_6526,40.39209914957292,-3.7276649001799362,5,0,0,1,33,0.0056,BAJO
PN_6527,40.39234734989613,-3.6967285677534982,5,0,0,1,75,0.0056,BAJO
PN_6528,40.457179990471694,-3.7132655333359024,5,0,0,1,67,0.0056,BAJO
PN_6529,40.39217832065912,-3.663273441926654,5,0,0,1,59,0.0056,BAJO
PN_6530,40.46105282148113,-3.63431261027226,5,0,0,1,46,0.0056,BAJO
PN_6531,40.39270685047621,-3.6971705921662155,5,0,0,1,80,0.0056,BAJO
PN_6532,40.404875168452435,-3.6052348054166488,5,0,0,1,20,0.0056,BAJO
PN_6533,40.4710048559647,-3.6931761782351833,5,0,0,1,24,0.0056,BAJO
PN_6534,40.45110073741547,-3.582056258118547,5,0,0,1,0,0.0056,BAJO
PN_6535,40.41162909236229,-3.638925751279192,5,0,0,1,21,0.0056,BAJO
PN_6536,40.41322665837515,-3.6579946960229313,5,0,0,1,83,0.0056,BAJO
PN_6537,40.47018827504004,-3.632935814909768,5,0,0,1,16,0.0056,BAJO
PN_6538,40.42271166514774,-3.65190311593172,5,0,0,1,36,0.0056,BAJO
PN_6539,40.422994081610014,-3.6062930646490843,5,0,0,1,62,0.0056,BAJO
PN_6540,40.38088448848929,-3.636342667166584,5,0,0,1,11,0.0056,BAJO
PN_6541,40.38103773365303,-3.7291056332125647,5,0,0,1,35,0.0056,BAJO
PN_6542,40.38233869837866,-3.6220777970030893,5,0,0,1,33,0.0056,BAJO
PN_6543,40.4732004240485,-3.655960868381334,5,0,0,1,29,0.0056,BAJO
PN_6544,40.40696946115069,-3.749948267336067,5,0,0,1,37,0.0056,BAJO
PN_6545,40.43225992148369,-3.725041755739545,5,0,0,1,16,0.0056,BAJO
PN_6546,40.40717943065562,-3.6491298216133314,5,0,0,1,28,0.0056,BAJO
PN_6547,40.40692506653899,-3.6273152031668303,5,0,0,1,23,0.0056,BAJO
PN_6548,40.40726646168163,-3.7100418578973113,5,0,0,1,52,0.0056,BAJO
PN_6549,40.43237748858063,-3.6759012476128503,5,0,0,1,75,0.0056,BAJO
PN_6550,40.37925103247741,-3.713976817387573,5,0,0,1,8,0.0056,BAJO
PN_6551,40.482097989230475,-3.734107940798091,5,0,0,1,2,0.0056,BAJO
PN_6552,40.36828696257159,-3.7652506689703586,5,0,0,1,14,0.0056,BAJO
PN_6553,40.48216032314569,-3.670166055131088,5,0,0,1,62,0.0056,BAJO
PN_6554,40.3662669921723,-3.599796436300431,5,0,0,1,38,0.0056,BAJO
PN_6555,40.39442640486375,-3.6449021085419666,5,0,0,1,42,0.0056,BAJO
PN_6556,40.39812485359532,-3.774206990126699,5,0,0,1,28,0.0056,BAJO
PN_6557,40.49586966024865,-3.6907485134017883,5,0,0,1,13,0.0056,BAJO
PN_6558,40.495819025455546,-3.7062801884543006,5,0,0,1,8,0.0056,BAJO
PN_6559,40.42103038482391,-3.6211751340218,5,0,0,1,47,0.0056,BAJO
PN_6560,40.44815531216494,-3.6738375896335524,5,0,0,1,40,0.0056,BAJO
PN_6561,40.444901141628726,-3.710567449200551,5,0,0,1,42,0.0056,BAJO
PN_6562,40.37994950009245,-3.7322322331254645,5,0,0,1,31,0.0056,BAJO
PN_6563,40.471741576900456,-3.7060113433837465,5,0,0,1,29,0.0056,BAJO
PN_6564,40.469999124357756,-3.6668955393158065,5,0,0,1,66,0.0056,BAJO
PN_6565,40.4379940770823,-3.625915458659228,5,0,0,1,74,0.0056,BAJO
PN_6566,40.44486567406824,-3.6253400774671354,5,0,0,1,39,0.0056,BAJO
PN_6567,40.44472731968915,-3.581067357995367,5,0,0,1,19,0.0056,BAJO
PN_6568,40.352072295761204,-3.6850845908061425,5,0,0,1,8,0.0056,BAJO
PN_6569,40.39931055100734,-3.6881391668859287,5,0,0,1,25,0.0056,BAJO
PN_6570,40.36485911450277,-3.738770534387384,5,0,0,1,30,0.0056,BAJO
PN_6571,40.36204589596676,-3.6979616993259525,5,0,0,1,27,0.0056,BAJO
PN_6572,40.3623267079162,-3.6923114081730426,5,0,0,1,30,0.0056,BAJO
PN_6573,40.38153963857085,-3.6621441541465756,5,0,0,1,21,0.0056,BAJO
PN_6574,40.45301114610386,-3.7793274635279643,5,0,0,1,40,0.0056,BAJO
PN_6575,40.40392937035908,-3.6468052865139926,5,0,0,1,23,0.0056,BAJO
PN_6576,40.452001665751666,-3.6215074092864916,5,0,0,1,30,0.0056,BAJO
PN_6577,40.452311012766486,-3.669055689154021,5,0,0,1,45,0.0056,BAJO
PN_6578,40.469290582036294,-3.686057272529439,5,0,0,1,45,0.0056,BAJO
PN_6579,40.38365471785454,-3.7679598594615995,5,0,0,1,16,0.0056,BAJO
PN_6580,40.38435152307791,-3.754348611493975,5,0,0,1,15,0.0056,BAJO
PN_6581,40.46814163959444,-3.6962018872333298,5,0,0,1,32,0.0056,BAJO
PN_6582,40.36221425028427,-3.7518782100121326,5,0,0,1,38,0.0056,BAJO
PN_6583,40.484922877186065,-3.689999138521658,5,0,0,1,25,0.0056,BAJO
PN_6584,40.3839121264351,-3.6737742665238513,5,0,0,1,24,0.0056,BAJO
PN_6585,40.4851687381593,-3.7162235735473566,5,0,0,1,55,0.0056,BAJO
PN_6586,40.38495526436299,-3.7318976518686773,5,0,0,1,53,0.0056,BAJO
PN_6587,40.384054012144745,-3.652168829457459,5,0,0,1,20,0.0056,BAJO
PN_6588,40.42883122257185,-3.672246496333765,5,0,0,1,65,0.0056,BAJO
PN_6589,40.426936581146194,-3.662735331485117,5,0,0,1,33,0.0056,BAJO
PN_6590,40.42708932664986,-3.64883078538334,5,0,0,1,69,0.0056,BAJO
PN_6591,40.42688535334267,-3.6388673330276404,5,0,0,1,41,0.0056,BAJO
PN_6592,40.40111587565343,-3.706086078087547,5,0,0,1,48,0.0056,BAJO
PN_6593,40.492161681063514,-3.659897925125567,5,0,0,1,35,0.0056,BAJO
PN_6594,40.45286035812428,-3.6568385818330453,5,0,0,1,66,0.0056,BAJO
PN_6595,40.42876012764428,-3.628845492226317,5,0,0,1,67,0.0056,BAJO
PN_6596,40.46834816385192,-3.819167370051352,5,0,0,1,6,0.0056,BAJO
PN_6597,40.44001898999084,-3.6498111071091914,5,0,0,1,28,0.0056,BAJO
PN_6598,40.38492799923985,-3.698730353381061,5,0,0,1,50,0.0056,BAJO
PN_6599,40.40311340579538,-3.739063676889188,5,0,0,1,5,0.0056,BAJO
PN_6600,40.44716222755619,-3.650934129745758,5,0,0,1,53,0.0056,BAJO
PN_6601,40.41417484492663,-3.6969725152793145,5,0,0,1,58,0.0056,BAJO
PN_6602,40.413931939273695,-3.691213498484474,5,0,0,1,45,0.0056,BAJO
PN_6603,40.415088497725684,-3.6918500279861695,5,0,0,1,53,0.0056,BAJO
PN_6604,40.44714930202102,-3.6901268265722273,5,0,0,1,50,0.0056,BAJO
PN_6605,40.38593783521223,-3.700976933917579,5,0,0,1,53,0.0056,BAJO
PN_6606,40.42316756325638,-3.70471814553287,5,0,0,1,60,0.0056,BAJO
PN_6607,40.422928111569135,-3.718156360329948,5,0,0,1,75,0.0056,BAJO
PN_6608,40.45677951947405,-3.5871436544379462,5,0,0,1,0,0.0056,BAJO
PN_6609,40.45711769881709,-3.6530776464058077,5,0,0,1,41,0.0056,BAJO
PN_6610,40.44197217026475,-3.6520466942851826,5,0,0,1,23,0.0056,BAJO
PN_6611,40.373910766216696,-3.642004259588326,5,0,0,1,10,0.0056,BAJO
PN_6612,40.37438153626242,-3.651580823395718,5,0,0,1,10,0.0056,BAJO
PN_6613,40.4741886767909,-3.6529433715933166,5,0,0,1,34,0.0056,BAJO
PN_6614,40.37616665937636,-3.7470103510145107,5,0,0,1,39,0.0056,BAJO
PN_6615,40.407784826834565,-3.7511900692720026,5,0,0,1,33,0.0056,BAJO
PN_6616,40.40775812615207,-3.7337427102590794,5,0,0,1,42,0.0056,BAJO
PN_6617,40.40791998591665,-3.72407336328425,5,0,0,1,51,0.0056,BAJO
PN_6618,40.377105832122744,-3.662689750357226,5,0,0,1,25,0.0056,BAJO
PN_6619,40.40825789951614,-3.5761737368454596,5,0,0,1,0,0.0056,BAJO
PN_6620,40.409276115481944,-3.7443191266033744,5,0,0,1,24,0.0056,BAJO
PN_6621,40.47278870119845,-3.6500631952842126,5,0,0,1,26,0.0056,BAJO
PN_6622,40.369799404128365,-3.706819223781075,5,0,0,1,18,0.0056,BAJO
PN_6623,40.43297437287458,-3.6090236150227204,5,0,0,1,53,0.0056,BAJO
PN_6624,40.48010379720911,-3.6510563588901936,5,0,0,1,10,0.0056,BAJO
PN_6625,40.36892384880309,-3.6757498446611847,5,0,0,1,4,0.0056,BAJO
PN_6626,40.37816723449726,-3.6969947795605407,5,0,0,1,25,0.0056,BAJO
PN_6627,40.402889142548965,-3.6700061920570555,5,0,0,1,90,0.0056,BAJO
PN_6628,40.465148402547584,-3.631003591188967,5,0,0,1,40,0.0056,BAJO
PN_6629,40.388258864204786,-3.7648922916948444,5,0,0,1,41,0.0056,BAJO
PN_6630,40.416107041536705,-3.657803520160485,5,0,0,1,48,0.0056,BAJO
PN_6631,40.41559455251913,-3.7135334107080205,5,0,0,1,33,0.0056,BAJO
PN_6632,40.38978755458927,-3.7412602894320486,5,0,0,1,63,0.0056,BAJO
PN_6633,40.46298128856921,-3.6430189919684173,5,0,0,1,33,0.0056,BAJO
PN_6634,40.46270340037628,-3.6339601319939,5,0,0,1,57,0.0056,BAJO
PN_6635,40.464861044192745,-3.706222381739687,5,0,0,1,40,0.0056,BAJO
PN_6636,40.38773890016678,-3.6960307160353247,5,0,0,1,70,0.0056,BAJO
PN_6637,40.42527747656504,-3.66612119741126,5,0,0,1,26,0.0056,BAJO
PN_6638,40.42516795612232,-3.6619752997158486,5,0,0,1,38,0.0056,BAJO
PN_6639,40.443386029913725,-3.61769953196805,5,0,0,1,30,0.0056,BAJO
PN_6640,40.49068923432149,-3.7220429638594497,5,0,0,1,37,0.0056,BAJO
PN_6641,40.49096319676828,-3.6958878122674625,5,0,0,1,39,0.0056,BAJO
PN_6642,40.353110842247254,-3.691929818026439,5,0,0,1,29,0.0056,BAJO
PN_6643,40.35394979251278,-3.698342189825607,5,0,0,1,29,0.0056,BAJO
PN_6644,40.44111592589802,-3.651156435998307,5,0,0,1,26,0.0056,BAJO
PN_6645,40.35483825010535,-3.712788937101309,5,0,0,1,0,0.0056,BAJO
PN_6646,40.35633953164684,-3.697062016775065,5,0,0,1,22,0.0056,BAJO
PN_6647,40.43718921033784,-3.6560399243854924,5,0,0,1,65,0.0056,BAJO
PN_6648,40.426254500825706,-3.6939213398695374,5,0,0,1,44,0.0056,BAJO
PN_6649,40.44308616699917,-3.6988369633793092,5,0,0,1,52,0.0056,BAJO
PN_6650,40.39827620632512,-3.733015222256288,5,0,0,1,11,0.0056,BAJO
PN_6651,40.503148506450586,-3.6856656698122356,5,0,0,1,18,0.0056,BAJO
PN_6652,40.50473626917324,-3.7088923390086728,5,0,0,1,47,0.0056,BAJO
PN_6653,40.51158321260914,-3.666162391655128,5,0,0,1,36,0.0056,BAJO
PN_6654,40.43705988563906,-3.6818150954351077,5,0,0,1,93,0.0056,BAJO
PN_6655,40.41067540163711,-3.721984677076096,8,0,0,0,64,0.0044,BAJO
PN_6656,40.331685030448845,-3.714127446828246,8,0,0,0,17,0.0044,BAJO
PN_6657,40.409856478441576,-3.6590429205771775,8,0,0,0,69,0.0044,BAJO
PN_6658,40.43678759498752,-3.7153576699789714,8,0,0,0,62,0.0044,BAJO
PN_6659,40.437035595654514,-3.7142239896831404,8,0,0,0,63,0.0044,BAJO
PN_6660,40.3956855385955,-3.7169035477601198,8,0,0,0,68,0.0044,BAJO
PN_6661,40.46008595329024,-3.7008380034647335,8,0,0,0,76,0.0044,BAJO
PN_6662,40.39604661403864,-3.680825297992645,8,0,0,0,42,0.0044,BAJO
PN_6663,40.3951910075666,-3.7313150321026374,8,0,0,0,5,0.0044,BAJO
PN_6664,40.395207187478746,-3.6073145786202385,8,0,0,0,0,0.0044,BAJO
PN_6665,40.425973776498424,-3.6412019846893853,8,0,0,0,45,0.0044,BAJO
PN_6666,40.37237193862843,-3.6448502444364603,8,0,0,0,0,0.0044,BAJO
PN_6667,40.405105250865624,-3.5789074833734786,8,0,0,0,0,0.0044,BAJO
PN_6668,40.42989797068028,-3.628969561877071,8,0,0,0,69,0.0044,BAJO
PN_6669,40.42979757864027,-3.672997073181568,8,0,0,0,69,0.0044,BAJO
PN_6670,40.450773304806006,-3.6500862715480955,8,0,0,0,50,0.0044,BAJO
PN_6671,40.40577415681903,-3.753279001586414,8,0,0,0,31,0.0044,BAJO
PN_6672,40.40585685960814,-3.6811244822457754,8,0,0,0,25,0.0044,BAJO
PN_6673,40.4117341321374,-3.7371278328044406,8,0,0,0,45,0.0044,BAJO
PN_6674,40.411953635854594,-3.721070181939777,8,0,0,0,71,0.0044,BAJO
PN_6675,40.418171195397235,-3.7219410360973133,8,0,0,0,81,0.0044,BAJO
PN_6676,40.39121497453027,-3.6772698658957657,8,0,0,0,53,0.0044,BAJO
PN_6677,40.4336934167615,-3.6769516421934774,8,0,0,0,66,0.0044,BAJO
PN_6678,40.43811138215719,-3.6137830144795204,8,0,0,0,26,0.0044,BAJO
PN_6679,40.40214465441641,-3.7227537884501474,8,0,0,0,45,0.0044,BAJO
PN_6680,40.49403091934589,-3.6199771669299894,8,0,0,0,16,0.0044,BAJO
PN_6681,40.465083717951536,-3.7211529716301293,8,0,0,0,15,0.0044,BAJO
PN_6682,40.354151035125966,-3.693118938330994,8,0,0,0,40,0.0044,BAJO
PN_6683,40.42500224169315,-3.6202963012297507,8,0,0,0,6,0.0044,BAJO
PN_6684,40.40204834234773,-3.650006194639778,8,0,0,0,30,0.0044,BAJO
PN_6685,40.478006095093896,-3.7080129612925794,8,0,0,0,83,0.0044,BAJO
PN_6686,40.49106587030045,-3.713839253612624,8,0,0,0,14,0.0044,BAJO
PN_6687,40.44297162956586,-3.624112415074974,8,0,0,0,49,0.0044,BAJO
PN_6688,40.44410016022838,-3.6988692800310186,8,0,0,0,62,0.0044,BAJO
PN_6689,40.408928789504856,-3.7289813792459663,8,0,0,0,44,0.0044,BAJO
PN_6690,40.43494120443998,-3.63813918846932,8,0,0,0,90,0.0044,BAJO
PN_6691,40.43628265780162,-3.714152648594868,8,0,0,0,65,0.0044,BAJO
PN_6692,40.44491398589642,-3.695194221630725,8,0,0,0,85,0.0044,BAJO
PN_6693,40.42194999930363,-3.671181620134613,8,0,0,0,57,0.0044,BAJO
PN_6694,40.36589335198239,-3.6870733728596408,8,0,0,0,27,0.0044,BAJO
PN_6695,40.43013267070715,-3.647850868302124,8,0,0,0,111,0.0044,BAJO
PN_6696,40.457106685766995,-3.6750282800117984,8,0,0,0,102,0.0044,BAJO
PN_6697,40.39869865809522,-3.58383422812242,8,0,0,0,0,0.0044,BAJO
PN_6698,40.462115864811274,-3.7929312927043886,8,0,0,0,16,0.0044,BAJO
PN_6699,40.3790612669468,-3.66001060810897,8,0,0,0,24,0.0044,BAJO
PN_6700,40.46193034664216,-3.5941224226870436,8,0,0,0,16,0.0044,BAJO
PN_6701,40.39077193434984,-3.6889771658054102,8,0,0,0,54,0.0044,BAJO
PN_6702,40.36375641025695,-3.7432681790936337,8,0,0,0,40,0.0044,BAJO
PN_6703,40.3621772243738,-3.7530687906260782,8,0,0,0,38,0.0044,BAJO
PN_6704,40.3622308197412,-3.75106133385825,8,0,0,0,39,0.0044,BAJO
PN_6705,40.40395308191189,-3.6010043605316002,8,0,0,0,11,0.0044,BAJO
PN_6706,40.45167181095457,-3.6558927022739063,8,0,0,0,68,0.0044,BAJO
PN_6707,40.39973775544233,-3.736020374338662,8,0,0,0,10,0.0044,BAJO
PN_6708,40.45698023591202,-3.698957023424116,8,0,0,0,105,0.0044,BAJO
PN_6709,40.456879935102,-3.6800915240855403,8,0,0,0,91,0.0044,BAJO
PN_6710,40.37487480400255,-3.6660083121232128,8,0,0,0,10,0.0044,BAJO
PN_6711,40.37504019909605,-3.6569778549406458,8,0,0,0,20,0.0044,BAJO
PN_6712,40.377240213773504,-3.783278523449353,8,0,0,0,16,0.0044,BAJO
PN_6713,40.473945817125994,-3.7150647013459404,8,0,0,0,79,0.0044,BAJO
PN_6714,40.40314325528052,-3.6810603045391925,8,0,0,0,24,0.0044,BAJO
PN_6715,40.356106888008426,-3.681221255026297,8,0,0,0,11,0.0044,BAJO
PN_6716,40.48882065965524,-3.6851425336321344,8,0,0,0,20,0.0044,BAJO
PN_6717,40.47884263286521,-3.707120690978739,8,0,0,0,87,0.0044,BAJO
PN_6718,40.41487849327346,-3.627773306279153,8,0,0,0,28,0.0044,BAJO
PN_6719,40.44384039907107,-3.5810187435114975,8,0,0,0,17,0.0044,BAJO
PN_6720,40.48000584409198,-3.7008460296895853,8,0,0,0,55,0.0044,BAJO
PN_6721,40.482812204501116,-3.7028735895862743,8,0,0,0,63,0.0044,BAJO
PN_6722,40.3980092372302,-3.772938922951119,8,0,0,0,33,0.0044,BAJO
PN_6723,40.3940679662207,-3.695962732364689,8,0,0,0,72,0.0044,BAJO
PN_6724,40.39192503912165,-3.72508498952437,8,0,0,0,28,0.0044,BAJO
PN_6725,40.391984325098214,-3.713015793368738,8,0,0,0,44,0.0044,BAJO
PN_6726,40.403898458125795,-3.561233256740051,8,0,0,0,9,0.0044,BAJO
PN_6727,40.397729660520774,-3.682251869043029,8,0,0,0,39,0.0044,BAJO
PN_6728,40.39815709575318,-3.6470743908171217,8,0,0,0,18,0.0044,BAJO
PN_6729,40.40075963427932,-3.608915568079178,8,0,0,0,9,0.0044,BAJO
PN_6730,40.456330848602796,-3.6940337225249387,8,0,0,0,111,0.0044,BAJO
PN_6731,40.44711203673777,-3.707100519485675,8,0,0,0,53,0.0044,BAJO
PN_6732,40.43287004917404,-3.6651462320648722,8,0,0,0,78,0.0044,BAJO
PN_6733,40.40917705879262,-3.739010676424573,8,0,0,0,43,0.0044,BAJO
PN_6734,40.37027460556472,-3.7458751802531447,8,0,0,0,32,0.0044,BAJO
PN_6735,40.36988835850584,-3.7032744426714577,8,0,0,0,20,0.0044,BAJO
PN_6736,40.45028885472609,-3.687305668192404,8,0,0,0,45,0.0044,BAJO
PN_6737,40.377041483742005,-3.6318954666548726,8,0,0,0,8,0.0044,BAJO
PN_6738,40.43266362815065,-3.6760762424780578,8,0,0,0,73,0.0044,BAJO
PN_6739,40.48691068394056,-3.6878103841726944,8,0,0,0,27,0.0044,BAJO
PN_6740,40.402941085386814,-3.7219918928181004,8,0,0,0,50,0.0044,BAJO
PN_6741,40.455022384437356,-3.701109714099324,8,0,0,0,93,0.0044,BAJO
PN_6742,40.38582476972523,-3.6891741677027463,8,0,0,0,65,0.0044,BAJO
PN_6743,40.442153190503376,-3.5833079693904204,8,0,0,0,21,0.0044,BAJO
PN_6744,40.36926423452781,-3.5991207007134163,8,0,0,0,16,0.0044,BAJO
PN_6745,40.370076223561355,-3.7669084532166344,8,0,0,0,24,0.0044,BAJO
PN_6746,40.42703129806508,-3.6893293519109513,8,0,0,0,50,0.0044,BAJO
PN_6747,40.431032825145934,-3.648988349035588,8,0,0,0,96,0.0044,BAJO
PN_6748,40.473285347511855,-3.701187564836013,8,0,0,0,55,0.0044,BAJO
PN_6749,40.38489345962456,-3.6719520349002934,8,0,0,0,30,0.0044,BAJO
PN_6750,40.38502003478424,-3.7429319363137123,8,0,0,0,73,0.0044,BAJO
PN_6751,40.451007688148515,-3.708140802954243,8,0,0,0,75,0.0044,BAJO
PN_6752,40.42707213891804,-3.6045522272938917,8,0,0,0,66,0.0044,BAJO
PN_6753,40.38513329819516,-3.760159092448566,8,0,0,0,38,0.0044,BAJO
PN_6754,40.38519692540625,-3.758186418651242,8,0,0,0,34,0.0044,BAJO
PN_6755,40.403300057582285,-3.618068612814722,8,0,0,0,7,0.0044,BAJO
PN_6756,40.42802526804253,-3.7169830541000572,8,0,0,0,81,0.0044,BAJO
PN_6757,40.40394241269079,-3.759747531523581,8,0,0,0,8,0.0044,BAJO
PN_6758,40.40301445273789,-3.693258977178281,8,0,0,0,74,0.0044,BAJO
PN_6759,40.429068559117134,-3.639950780427981,8,0,0,0,62,0.0044,BAJO
PN_6760,40.42907138053827,-3.7169926898256866,8,0,0,0,86,0.0044,BAJO
PN_6761,40.414018025375974,-3.699779321959614,8,0,0,0,43,0.0044,BAJO
PN_6762,40.40408364613323,-3.692048751742833,8,0,0,0,76,0.0044,BAJO
PN_6763,40.404102365010175,-3.6747828006857475,8,0,0,0,50,0.0044,BAJO
PN_6764,40.44014130700527,-3.6440927336613305,8,0,0,0,43,0.0044,BAJO
PN_6765,40.44011503015695,-3.6227875051565124,8,0,0,0,68,0.0044,BAJO
PN_6766,40.4068837021935,-3.5638095678344905,8,0,0,0,5,0.0044,BAJO
PN_6767,40.43986693987715,-3.6222236687068023,8,0,0,0,72,0.0044,BAJO
PN_6768,40.42910708042347,-3.6638742465536076,8,0,0,0,49,0.0044,BAJO
PN_6769,40.42912607585525,-3.6849416065977665,8,0,0,0,46,0.0044,BAJO
PN_6770,40.37721290077703,-3.6266770149725667,8,0,0,0,10,0.0044,BAJO
PN_6771,40.377254346579214,-3.607942617298659,8,0,0,0,1,0.0044,BAJO
PN_6772,40.471989103664775,-3.635779492755968,8,0,0,0,19,0.0044,BAJO
PN_6773,40.43889838546171,-3.627032776827443,8,0,0,0,60,0.0044,BAJO
PN_6774,40.346008126900216,-3.706296758150219,8,0,0,0,30,0.0044,BAJO
PN_6775,40.445977452062735,-3.582652664793338,8,0,0,0,21,0.0044,BAJO
PN_6776,40.49094689454437,-3.68701822328631,8,0,0,0,28,0.0044,BAJO
PN_6777,40.506042529059094,-3.6561992914167716,8,0,0,0,0,0.0044,BAJO
PN_6778,40.47672363682536,-3.686893863827875,8,0,0,0,69,0.0044,BAJO
PN_6779,40.34548396980484,-3.7149926739086987,8,0,0,0,19,0.0044,BAJO
PN_6780,40.39500090306119,-3.638091899537699,8,0,0,0,43,0.0044,BAJO
PN_6781,40.477751342484964,-3.718998288220849,8,0,0,0,47,0.0044,BAJO
PN_6782,40.42593630229725,-3.662036470591132,8,0,0,0,19,0.0044,BAJO
PN_6783,40.34625079597662,-3.7150051867722205,8,0,0,0,19,0.0044,BAJO
PN_6784,40.43991719544637,-3.6961582456745132,8,0,0,0,38,0.0044,BAJO
PN_6785,40.44407960907259,-3.697237386308662,8,0,0,0,69,0.0044,BAJO
PN_6786,40.41209202239138,-3.659210584218253,8,0,0,0,72,0.0044,BAJO
PN_6787,40.42418044638605,-3.724784359278048,8,0,0,0,32,0.0044,BAJO
PN_6788,40.3908010909148,-3.6690533566457417,8,0,0,0,28,0.0044,BAJO
PN_6789,40.35082863797735,-3.686177134120246,8,0,0,0,7,0.0044,BAJO
PN_6790,40.40536448132907,-3.656839506581907,8,0,0,0,30,0.0044,BAJO
PN_6791,40.45968556116367,-3.6678461961040414,8,0,0,0,79,0.0044,BAJO
PN_6792,40.44001766958639,-3.712749246523367,8,0,0,0,46,0.0044,BAJO
PN_6793,40.43431504944226,-3.7143779477057803,8,0,0,0,75,0.0044,BAJO
PN_6794,40.40177598797584,-3.690954216121936,8,0,0,0,48,0.0044,BAJO
PN_6795,40.45489994417038,-3.6716627000086066,8,0,0,0,58,0.0044,BAJO
PN_6796,40.42802423614315,-3.6390051339166867,8,0,0,0,49,0.0044,BAJO
PN_6797,40.34135405699639,-3.6900180009711567,8,0,0,0,1,0.0044,BAJO
PN_6798,40.43399763083651,-3.6930789588454385,8,0,0,0,48,0.0044,BAJO
PN_6799,40.433279438026645,-3.705691138876441,8,0,0,0,57,0.0044,BAJO
PN_6800,40.455043018126474,-3.620895329773222,8,0,0,0,45,0.0044,BAJO
PN_6801,40.39010077711297,-3.715127052161149,8,0,0,0,35,0.0044,BAJO
PN_6802,40.346015790536235,-3.702264027188575,8,0,0,0,27,0.0044,BAJO
PN_6803,40.43726646081861,-3.671185054350945,8,0,0,0,64,0.0044,BAJO
PN_6804,40.34080069930773,-3.7220045163217943,8,0,0,0,6,0.0044,BAJO
PN_6805,40.373798053624,-3.7152516845415526,7,0,0,0,28,0.003,BAJO
PN_6806,40.41909423553289,-3.7081653730104307,7,0,0,0,43,0.003,BAJO
PN_6807,40.41702325143992,-3.610720560222223,7,0,0,0,13,0.003,BAJO
PN_6808,40.49729811163528,-3.693173612454967,7,0,0,0,2,0.003,BAJO
PN_6809,40.49712290108432,-3.653897998924316,7,0,0,0,28,0.003,BAJO
PN_6810,40.340938504003546,-3.692307336069599,7,0,0,0,1,0.003,BAJO
PN_6811,40.43377918726429,-3.683754245378311,7,0,0,0,80,0.003,BAJO
PN_6812,40.43292587497116,-3.641083379028896,7,0,0,0,96,0.003,BAJO
PN_6813,40.38903432704599,-3.703191425755717,7,0,0,0,36,0.003,BAJO
PN_6814,40.45469342421557,-3.6221542395554187,7,0,0,0,46,0.003,BAJO
PN_6815,40.441410836657965,-3.6816215435621378,7,0,0,0,62,0.003,BAJO
PN_6816,40.44057150534554,-3.6744154252807593,7,0,0,0,67,0.003,BAJO
PN_6817,40.389239726674,-3.644996373421339,7,0,0,0,47,0.003,BAJO
PN_6818,40.464125010299725,-3.685334069273179,7,0,0,0,41,0.003,BAJO
PN_6819,40.441116584098445,-3.706410444440124,7,0,0,0,35,0.003,BAJO
PN_6820,40.43392577986891,-3.6949982998452713,7,0,0,0,44,0.003,BAJO
PN_6821,40.449372712277004,-3.5796160953041976,7,0,0,0,2,0.003,BAJO
PN_6822,40.474961986580304,-3.6417610947328884,7,0,0,0,30,0.003,BAJO
PN_6823,40.47795039973979,-3.710822744637894,7,0,0,0,74,0.003,BAJO
PN_6824,40.4453841940055,-3.6678852917657068,7,0,0,0,59,0.003,BAJO
PN_6825,40.40510304047532,-3.6801052740508617,7,0,0,0,23,0.003,BAJO
PN_6826,40.39296455430641,-3.6440354213779864,7,0,0,0,54,0.003,BAJO
PN_6827,40.424174402348946,-3.6113510707743424,7,0,0,0,61,0.003,BAJO
PN_6828,40.46980417879245,-3.6379557282038677,7,0,0,0,25,0.003,BAJO
PN_6829,40.440293774856876,-3.704158159778216,7,0,0,0,26,0.003,BAJO
PN_6830,40.4121240837109,-3.6479896223006834,7,0,0,0,34,0.003,BAJO
PN_6831,40.424269496590284,-3.730063297772538,7,0,0,0,23,0.003,BAJO
PN_6832,40.333760818835025,-3.7063492078042097,7,0,0,0,5,0.003,BAJO
PN_6833,40.50986455298782,-3.6931242535106334,7,0,0,0,28,0.003,BAJO
PN_6834,40.344114352988285,-3.7110626276746186,7,0,0,0,21,0.003,BAJO
PN_6835,40.497989786303265,-3.709830488919543,7,0,0,0,14,0.003,BAJO
PN_6836,40.42599069952729,-3.677115864971412,7,0,0,0,58,0.003,BAJO
PN_6837,40.475709561710026,-3.6683592838942416,7,0,0,0,60,0.003,BAJO
PN_6838,40.47278351463631,-3.6297531439101967,7,0,0,0,5,0.003,BAJO
PN_6839,40.47295673294895,-3.6293772643855275,7,0,0,0,5,0.003,BAJO
PN_6840,40.43212268442515,-3.680941635108255,7,0,0,0,58,0.003,BAJO
PN_6841,40.40814877132699,-3.6629274640899134,7,0,0,0,70,0.003,BAJO
PN_6842,40.407665331689124,-3.6603703427454874,7,0,0,0,76,0.003,BAJO
PN_6843,40.42916782083775,-3.5975995975799475,7,0,0,0,31,0.003,BAJO
PN_6844,40.430151077938646,-3.7228983815189762,7,0,0,0,28,0.003,BAJO
PN_6845,40.42899319519771,-3.6972666034712245,7,0,0,0,31,0.003,BAJO
PN_6846,40.46693388217567,-3.5728985267917026,7,0,0,0,0,0.003,BAJO
PN_6847,40.420992067429445,-3.702128082162411,7,0,0,0,55,0.003,BAJO
PN_6848,40.492968879405915,-3.6890512161873947,7,0,0,0,32,0.003,BAJO
PN_6849,40.43626505472985,-3.669346324092776,7,0,0,0,53,0.003,BAJO
PN_6850,40.4356915607663,-3.6670314272323385,7,0,0,0,56,0.003,BAJO
PN_6851,40.429348762230084,-3.643031676101124,7,0,0,0,83,0.003,BAJO
PN_6852,40.44697021993619,-3.6561222168020655,7,0,0,0,50,0.003,BAJO
PN_6853,40.41410620817161,-3.690221175084774,7,0,0,0,45,0.003,BAJO
PN_6854,40.3579649797425,-3.599835579999067,7,0,0,0,0,0.003,BAJO
PN_6855,40.45298073039718,-3.5709722565358524,7,0,0,0,0,0.003,BAJO
PN_6856,40.42102242764871,-3.7098021915855246,7,0,0,0,66,0.003,BAJO
PN_6857,40.42819268931755,-3.7089041386982453,7,0,0,0,64,0.003,BAJO
PN_6858,40.42695777459984,-3.658982672966503,7,0,0,0,26,0.003,BAJO
PN_6859,40.403352649625695,-3.5949149804038156,7,0,0,0,9,0.003,BAJO
PN_6860,40.40294514960739,-3.691964069986987,7,0,0,0,67,0.003,BAJO
PN_6861,40.46292147883416,-3.698267722874019,7,0,0,0,78,0.003,BAJO
PN_6862,40.36298535429277,-3.590893748726509,7,0,0,0,0,0.003,BAJO
PN_6863,40.48473944232478,-3.7072299778237867,7,0,0,0,51,0.003,BAJO
PN_6864,40.46713957320811,-3.691960231342652,7,0,0,0,53,0.003,BAJO
PN_6865,40.46814809967505,-3.6967529933434093,7,0,0,0,26,0.003,BAJO
PN_6866,40.38481222324945,-3.7286659872848773,7,0,0,0,69,0.003,BAJO
PN_6867,40.4071690442623,-3.629122641626812,7,0,0,0,31,0.003,BAJO
PN_6868,40.41526836684235,-3.730850001231844,7,0,0,0,54,0.003,BAJO
PN_6869,40.40731006079992,-3.7350285019807488,7,0,0,0,38,0.003,BAJO
PN_6870,40.43078584824631,-3.657987622967034,7,0,0,0,86,0.003,BAJO
PN_6871,40.43108987866669,-3.6110347435531875,7,0,0,0,38,0.003,BAJO
PN_6872,40.44996532325693,-3.611963779771479,7,0,0,0,36,0.003,BAJO
PN_6873,40.451257223288465,-3.685181424265995,7,0,0,0,43,0.003,BAJO
PN_6874,40.430889334365155,-3.644875399324575,7,0,0,0,110,0.003,BAJO
PN_6875,40.39922778119766,-3.6670804777178034,7,0,0,0,58,0.003,BAJO
PN_6876,40.449145871918894,-3.5737481394618125,7,0,0,0,0,0.003,BAJO
PN_6877,40.36908506203482,-3.6219670247252074,7,0,0,0,0,0.003,BAJO
PN_6878,40.42696673368231,-3.6739494267756787,7,0,0,0,46,0.003,BAJO
PN_6879,40.40310090661865,-3.703053268225832,7,0,0,0,63,0.003,BAJO
PN_6880,40.4029380646631,-3.699132370490363,7,0,0,0,91,0.003,BAJO
PN_6881,40.35927321935812,-3.6891064536863922,7,0,0,0,27,0.003,BAJO
PN_6882,40.4552226320564,-3.7023090650231936,7,0,0,0,90,0.003,BAJO
PN_6883,40.45410359046603,-3.680905712431714,7,0,0,0,73,0.003,BAJO
PN_6884,40.46293875003128,-3.6500716884746773,7,0,0,0,20,0.003,BAJO
PN_6885,40.402056418480996,-3.6579081420177877,7,0,0,0,29,0.003,BAJO
PN_6886,40.454981228910206,-3.714816224439708,7,0,0,0,69,0.003,BAJO
PN_6887,40.368939764142176,-3.745782641653478,7,0,0,0,32,0.003,BAJO
PN_6888,40.36901741643253,-3.7431164827040107,7,0,0,0,42,0.003,BAJO
PN_6889,40.368946210877425,-3.7156345151520482,7,0,0,0,14,0.003,BAJO
PN_6890,40.408163569131794,-3.667067678192916,7,0,0,0,99,0.003,BAJO
PN_6891,40.376951887486015,-3.661973697643006,7,0,0,0,17,0.003,BAJO
PN_6892,40.414891637018464,-3.7201268329951462,7,0,0,0,81,0.003,BAJO
PN_6893,40.46806974122736,-3.6868368628396024,7,0,0,0,51,0.003,BAJO
PN_6894,40.46770209210011,-3.6863309499297827,7,0,0,0,51,0.003,BAJO
PN_6895,40.467536580893245,-3.680148244757459,7,0,0,0,49,0.003,BAJO
PN_6896,40.36092876685939,-3.6911893747977556,7,0,0,0,25,0.003,BAJO
PN_6897,40.46911818153962,-3.6991492045699323,7,0,0,0,15,0.003,BAJO
PN_6898,40.357993430987754,-3.7028755503621653,7,0,0,0,15,0.003,BAJO
PN_6899,40.404910107192144,-3.737202799273501,7,0,0,0,5,0.003,BAJO
PN_6900,40.40503108849346,-3.71486162822845,7,0,0,0,59,0.003,BAJO
PN_6901,40.467867533618296,-3.671973654593028,7,0,0,0,63,0.003,BAJO
PN_6902,40.46801335443123,-3.6620934884840666,7,0,0,0,38,0.003,BAJO
PN_6903,40.38276851939302,-3.673900879032474,7,0,0,0,24,0.003,BAJO
PN_6904,40.45601957315915,-3.6982249070899145,7,0,0,0,111,0.003,BAJO
PN_6905,40.39787504547868,-3.6547110942654513,7,0,0,0,3,0.003,BAJO
PN_6906,40.39670655018938,-3.5939053824299596,7,0,0,0,0,0.003,BAJO
PN_6907,40.422018193027846,-3.714876391683489,7,0,0,0,69,0.003,BAJO
PN_6908,40.42187089455558,-3.701948614478091,7,0,0,0,42,0.003,BAJO
PN_6909,40.39409287462731,-3.6928598498664065,7,0,0,0,55,0.003,BAJO
PN_6910,40.3669233621339,-3.740118632820475,7,0,0,0,35,0.003,BAJO
PN_6911,40.42579200936475,-3.668353296618354,7,0,0,0,38,0.003,BAJO
PN_6912,40.46208016680511,-3.7191949152767054,7,0,0,0,22,0.003,BAJO
PN_6913,40.474851920118816,-3.675970036526402,7,0,0,0,32,0.003,BAJO
PN_6914,40.371250861884256,-3.729906455400704,7,0,0,0,15,0.003,BAJO
PN_6915,40.37089075593028,-3.7713089152746093,7,0,0,0,30,0.003,BAJO
PN_6916,40.42311573876815,-3.686898083236597,7,0,0,0,63,0.003,BAJO
PN_6917,40.42311079641304,-3.669975406877127,7,0,0,0,51,0.003,BAJO
PN_6918,40.4221263870302,-3.6510258329549368,7,0,0,0,32,0.003,BAJO
PN_6919,40.474046059978704,-3.633755695584018,7,0,0,0,16,0.003,BAJO
PN_6920,40.416358050262325,-3.6920139032401016,7,0,0,0,70,0.003,BAJO
PN_6921,40.46298589055677,-3.6510713529000682,7,0,0,0,27,0.003,BAJO
PN_6922,40.387670534934045,-3.759097375671131,7,0,0,0,35,0.003,BAJO
PN_6923,40.38707694974742,-3.6957165634355102,7,0,0,0,75,0.003,BAJO
PN_6924,40.416638060317936,-3.6698185852002227,7,0,0,0,52,0.003,BAJO
PN_6925,40.38700073245731,-3.7371017460966454,7,0,0,0,67,0.003,BAJO
PN_6926,40.414874635889234,-3.7068229204971055,7,0,0,0,29,0.003,BAJO
PN_6927,40.41604890028524,-3.7329901775739183,7,0,0,0,37,0.003,BAJO
PN_6928,40.46492190986491,-3.628212028486552,7,0,0,0,20,0.003,BAJO
PN_6929,40.4881339684324,-3.5936789715497524,7,0,0,0,0,0.003,BAJO
PN_6930,40.48997651585264,-3.720927159297731,7,0,0,0,32,0.003,BAJO
PN_6931,40.38695178349205,-3.7110046351613137,7,0,0,0,48,0.003,BAJO
PN_6932,40.37732746598841,-3.7687418983450605,7,0,0,0,33,0.003,BAJO
PN_6933,40.44193520874232,-3.700048313497068,7,0,0,0,26,0.003,BAJO
PN_6934,40.444657202144434,-3.673844768811178,7,0,0,0,53,0.003,BAJO
PN_6935,40.45206686452109,-3.6211579212532015,7,0,0,0,30,0.003,BAJO
PN_6936,40.46892256564534,-3.6351550796542287,7,0,0,0,32,0.003,BAJO
PN_6937,40.468931352939414,-3.583183181281201,7,0,0,0,12,0.003,BAJO
PN_6938,40.39175409395413,-3.763221681269023,7,0,0,0,44,0.003,BAJO
PN_6939,40.462196237347094,-3.69303170278437,7,0,0,0,113,0.003,BAJO
PN_6940,40.48491443210984,-3.685231967498399,7,0,0,0,39,0.003,BAJO
PN_6941,40.484874181175094,-3.642035849226762,7,0,0,0,16,0.003,BAJO
PN_6942,40.461239308123744,-3.6682326967619026,7,0,0,0,68,0.003,BAJO
PN_6943,40.4611754774266,-3.6191440336757794,7,0,0,0,29,0.003,BAJO
PN_6944,40.399761141015475,-3.700929391308083,7,0,0,0,80,0.003,BAJO
PN_6945,40.39898156826325,-3.632805481207869,7,0,0,0,17,0.003,BAJO
PN_6946,40.36516463623267,-3.60378277227879,7,0,0,0,49,0.003,BAJO
PN_6947,40.43105663224986,-3.681011724234273,7,0,0,0,52,0.003,BAJO
PN_6948,40.443092083260126,-3.669658292839651,7,0,0,0,64,0.003,BAJO
PN_6949,40.45822390800149,-3.649714535812413,7,0,0,0,23,0.003,BAJO
PN_6950,40.449061313558495,-3.641961083917453,7,0,0,0,2,0.003,BAJO
PN_6951,40.40902117458853,-3.695173056009671,7,0,0,0,55,0.003,BAJO
PN_6952,40.435958408091246,-3.7277609118422035,7,0,0,0,27,0.003,BAJO
PN_6953,40.354076644716024,-3.6823075605042184,7,0,0,0,12,0.003,BAJO
PN_6954,40.42485838738618,-3.65313535144709,7,0,0,0,46,0.003,BAJO
PN_6955,40.42498722068568,-3.624699561204654,7,0,0,0,45,0.003,BAJO
PN_6956,40.42782190459129,-3.612057749229378,7,0,0,0,18,0.003,BAJO
PN_6957,40.39103325541213,-3.765186261916814,7,0,0,0,41,0.003,BAJO
PN_6958,40.391018480508215,-3.738963415075839,7,0,0,0,52,0.003,BAJO
PN_6959,40.3912398566723,-3.7152190545658152,7,0,0,0,31,0.003,BAJO
PN_6960,40.425300407480286,-3.6998842372689547,7,0,0,0,20,0.003,BAJO
PN_6961,40.40206508985606,-3.6049423002367753,7,0,0,0,10,0.003,BAJO
PN_6962,40.40197696335991,-3.7129943260840164,7,0,0,0,88,0.003,BAJO
PN_6963,40.442018678491465,-3.7249272765102917,7,0,0,0,13,0.003,BAJO
PN_6964,40.49372772804626,-3.717054627377649,7,0,0,0,34,0.003,BAJO
PN_6965,40.49419536666327,-3.6501827587171536,7,0,0,0,24,0.003,BAJO
PN_6966,40.437893643587515,-3.70835080092674,7,0,0,0,42,0.003,BAJO
PN_6967,40.37888161185732,-3.793030388007252,7,0,0,0,8,0.003,BAJO
PN_6968,40.44509660040195,-3.613176304208509,7,0,0,0,40,0.003,BAJO
PN_6969,40.39102414822015,-3.685166421999745,7,0,0,0,20,0.003,BAJO
PN_6970,40.43393555935919,-3.67620519922587,7,0,0,0,72,0.003,BAJO
PN_6971,40.43422505400605,-3.638185264404689,7,0,0,0,95,0.003,BAJO
PN_6972,40.41812603837151,-3.690782575081244,7,0,0,0,71,0.003,BAJO
PN_6973,40.36293373675168,-3.6918693979475856,7,0,0,0,41,0.003,BAJO
PN_6974,40.434185690667796,-3.6291655214278187,7,0,0,0,51,0.003,BAJO
PN_6975,40.451958263244634,-3.5648042054663995,7,0,0,0,0,0.003,BAJO
PN_6976,40.45279716129237,-3.7121109594857593,7,0,0,0,62,0.003,BAJO
PN_6977,40.38318423791645,-3.69904759285454,7,0,0,0,50,0.003,BAJO
PN_6978,40.46906141153148,-3.644251199111189,7,0,0,0,17,0.003,BAJO
PN_6979,40.382017770534716,-3.647391383202359,7,0,0,0,12,0.003,BAJO
PN_6980,40.38220548433884,-3.6311287271436363,7,0,0,0,43,0.003,BAJO
PN_6981,40.38203800409875,-3.625950285242387,7,0,0,0,51,0.003,BAJO
PN_6982,40.4059517122726,-3.7222505026558745,7,0,0,0,63,0.003,BAJO
PN_6983,40.451074404967436,-3.659976315831421,7,0,0,0,51,0.003,BAJO
PN_6984,40.47083406484762,-3.6909634369321673,7,0,0,0,38,0.003,BAJO
PN_6985,40.45994493516834,-3.6138673175113305,7,0,0,0,24,0.003,BAJO
PN_6986,40.392109493563126,-3.639251922483145,7,0,0,0,45,0.003,BAJO
PN_6987,40.495824484425405,-3.6660402203416202,7,0,0,0,41,0.003,BAJO
PN_6988,40.42588646373808,-3.625245103921634,7,0,0,0,48,0.003,BAJO
PN_6989,40.394886090817884,-3.715821541194373,7,0,0,0,61,0.003,BAJO
PN_6990,40.426240132259146,-3.6140070630358947,7,0,0,0,21,0.003,BAJO
PN_6991,40.50429345532761,-3.7039384801959123,7,0,0,0,84,0.003,BAJO
PN_6992,40.436060611107045,-3.639064999575264,7,0,0,0,76,0.003,BAJO
PN_6993,40.448844050854866,-3.6989474800781683,7,0,0,0,111,0.003,BAJO
PN_6994,40.43662825732328,-3.6939649883317167,7,0,0,0,51,0.003,BAJO
PN_6995,40.49697440938307,-3.6530738588375367,7,0,0,0,28,0.003,BAJO
PN_6996,40.50028201121439,-3.670595879771486,7,0,0,0,28,0.003,BAJO
PN_6997,40.42736855207774,-3.7347432775320937,7,0,0,0,16,0.003,BAJO
PN_6998,40.44772540050621,-3.588014986008288,7,0,0,0,14,0.003,BAJO
PN_6999,40.42557796140846,-3.6889942590666984,6,0,0,0,50,0.0015,BAJO
PN_7000,40.51362811894435,-3.664461224168381,6,0,0,0,26,0.0015,BAJO
PN_7001,40.500121974609996,-3.7089790880899938,6,0,0,0,35,0.0015,BAJO
PN_7002,40.50056272644307,-3.6917494337329035,6,0,0,0,12,0.0015,BAJO
PN_7003,40.44888450439444,-3.7850428038130066,6,0,0,0,4,0.0015,BAJO
PN_7004,40.44899584837549,-3.7021442827605733,6,0,0,0,81,0.0015,BAJO
PN_7005,40.40996540375672,-3.697986662634112,6,0,0,0,32,0.0015,BAJO
PN_7006,40.371847289114996,-3.749672632927332,6,0,0,0,29,0.0015,BAJO
PN_7007,40.39364343211075,-3.6361344078685565,6,0,0,0,31,0.0015,BAJO
PN_7008,40.39390992694842,-3.5865815135669354,6,0,0,0,0,0.0015,BAJO
PN_7009,40.39518574704518,-3.74588978731887,6,0,0,0,18,0.0015,BAJO
PN_7010,40.459955265044044,-3.7073182175217707,6,0,0,0,51,0.0015,BAJO
PN_7011,40.41065886232241,-3.695285036160858,6,0,0,0,36,0.0015,BAJO
PN_7012,40.41109174457868,-3.66483059522786,6,0,0,0,63,0.0015,BAJO
PN_7013,40.411377367731696,-3.7290416859103543,6,0,0,0,72,0.0015,BAJO
PN_7014,40.39564617435995,-3.7196751443668297,6,0,0,0,53,0.0015,BAJO
PN_7015,40.39610300529654,-3.713071513826412,6,0,0,0,101,0.0015,BAJO
PN_7016,40.39516858873686,-3.7138786238944896,6,0,0,0,89,0.0015,BAJO
PN_7017,40.396933216703864,-3.6647030911999985,6,0,0,0,58,0.0015,BAJO
PN_7018,40.397057426524114,-3.6340297882135935,6,0,0,0,17,0.0015,BAJO
PN_7019,40.373829748868694,-3.6711373153683304,6,0,0,0,0,0.0015,BAJO
PN_7020,40.37401448684398,-3.7590318920638848,6,0,0,0,16,0.0015,BAJO
PN_7021,40.37412898841556,-3.7451196175090993,6,0,0,0,40,0.0015,BAJO
PN_7022,40.39606818717095,-3.642956234160916,6,0,0,0,39,0.0015,BAJO
PN_7023,40.458971311629654,-3.7850756830666987,6,0,0,0,58,0.0015,BAJO
PN_7024,40.45910917014243,-3.784232027520833,6,0,0,0,59,0.0015,BAJO
PN_7025,40.45934747375576,-3.7102054018217294,6,0,0,0,55,0.0015,BAJO
PN_7026,40.38911153127979,-3.688111931714646,6,0,0,0,57,0.0015,BAJO
PN_7027,40.44133850383928,-3.704069116290555,6,0,0,0,24,0.0015,BAJO
PN_7028,40.44101390761519,-3.677223065350882,6,0,0,0,69,0.0015,BAJO
PN_7029,40.427972189385194,-3.6139742553392558,6,0,0,0,13,0.0015,BAJO
PN_7030,40.4322025124962,-3.622849099279405,6,0,0,0,35,0.0015,BAJO
PN_7031,40.43331196666108,-3.7336898968894308,6,0,0,0,37,0.0015,BAJO
PN_7032,40.43902897080897,-3.667143578514817,6,0,0,0,60,0.0015,BAJO
PN_7033,40.40916313521118,-3.613054900848534,6,0,0,0,41,0.0015,BAJO
PN_7034,40.448783598784544,-3.6732090320628292,6,0,0,0,46,0.0015,BAJO
PN_7035,40.448850579475454,-3.652095086086215,6,0,0,0,52,0.0015,BAJO
PN_7036,40.43396644330677,-3.6938351613939377,6,0,0,0,48,0.0015,BAJO
PN_7037,40.396077183445186,-3.6748421136776144,6,0,0,0,47,0.0015,BAJO
PN_7038,40.370986180164124,-3.621931777051636,6,0,0,0,0,0.0015,BAJO
PN_7039,40.3713231398565,-3.6102598527193606,6,0,0,0,27,0.0015,BAJO
PN_7040,40.37091717664081,-3.597715477571897,6,0,0,0,7,0.0015,BAJO
PN_7041,40.447684882801475,-3.628056836603866,6,0,0,0,25,0.0015,BAJO
PN_7042,40.475015925626785,-3.5823181702648355,6,0,0,0,15,0.0015,BAJO
PN_7043,40.47813430264469,-3.7092039067634737,6,0,0,0,75,0.0015,BAJO
PN_7044,40.432921362748274,-3.699074801296175,6,0,0,0,48,0.0015,BAJO
PN_7045,40.4329514190814,-3.6900736100470035,6,0,0,0,56,0.0015,BAJO
PN_7046,40.38799297458096,-3.6389030212772706,6,0,0,0,41,0.0015,BAJO
PN_7047,40.49015835040349,-3.7162451517754236,6,0,0,0,15,0.0015,BAJO
PN_7048,40.35307809969006,-3.6878534627331283,6,0,0,0,17,0.0015,BAJO
PN_7049,40.42487571112435,-3.653751602419985,6,0,0,0,44,0.0015,BAJO
PN_7050,40.428091305580544,-3.604764221747709,6,0,0,0,65,0.0015,BAJO
PN_7051,40.35482045454219,-3.692034043875694,6,0,0,0,34,0.0015,BAJO
PN_7052,40.436097569747176,-3.7068893197848127,6,0,0,0,42,0.0015,BAJO
PN_7053,40.435062293268906,-3.673050545610415,6,0,0,0,69,0.0015,BAJO
PN_7054,40.445904602319445,-3.674088294041566,6,0,0,0,37,0.0015,BAJO
PN_7055,40.44478987677153,-3.6360405068817916,6,0,0,0,5,0.0015,BAJO
PN_7056,40.446015010790106,-3.7879318750671342,6,0,0,0,0,0.0015,BAJO
PN_7057,40.36292049919383,-3.7408603015786777,6,0,0,0,34,0.0015,BAJO
PN_7058,40.363293032449896,-3.7148299325580982,6,0,0,0,6,0.0015,BAJO
PN_7059,40.39120061322635,-3.680164292182672,6,0,0,0,59,0.0015,BAJO
PN_7060,40.364647000276996,-3.594181677932614,6,0,0,0,5,0.0015,BAJO
PN_7061,40.379114577206494,-3.7838730510739556,6,0,0,0,12,0.0015,BAJO
PN_7062,40.38271621874987,-3.718536133859017,6,0,0,0,73,0.0015,BAJO
PN_7063,40.38210717230026,-3.7301907970994264,6,0,0,0,31,0.0015,BAJO
PN_7064,40.381982253701835,-3.701866229525239,6,0,0,0,24,0.0015,BAJO
PN_7065,40.381809884473455,-3.6719881531575225,6,0,0,0,27,0.0015,BAJO
PN_7066,40.47022676260493,-3.6762483369897336,6,0,0,0,60,0.0015,BAJO
PN_7067,40.46983789923352,-3.6401203803421986,6,0,0,0,31,0.0015,BAJO
PN_7068,40.4379359897993,-3.657690410704975,6,0,0,0,88,0.0015,BAJO
PN_7069,40.434050054216065,-3.6717985736408463,6,0,0,0,71,0.0015,BAJO
PN_7070,40.40472404115419,-3.6337776345138404,6,0,0,0,32,0.0015,BAJO
PN_7071,40.40497512561913,-3.6079906267031707,6,0,0,0,32,0.0015,BAJO
PN_7072,40.40497765977032,-3.6072226647257906,6,0,0,0,30,0.0015,BAJO
PN_7073,40.38008576797356,-3.62297949490029,6,0,0,0,39,0.0015,BAJO
PN_7074,40.43012248827496,-3.635346236761993,6,0,0,0,80,0.0015,BAJO
PN_7075,40.406310249405415,-3.679157497466979,6,0,0,0,27,0.0015,BAJO
PN_7076,40.40573589633119,-3.6780105382135186,6,0,0,0,31,0.0015,BAJO
PN_7077,40.412985792213775,-3.731844539237318,6,0,0,0,67,0.0015,BAJO
PN_7078,40.38193270677048,-3.77521733726079,6,0,0,0,4,0.0015,BAJO
PN_7079,40.40539982488656,-3.663992850318923,6,0,0,0,64,0.0015,BAJO
PN_7080,40.40476420438361,-3.663030065092233,6,0,0,0,62,0.0015,BAJO
PN_7081,40.45997286166558,-3.6548976704989804,6,0,0,0,45,0.0015,BAJO
PN_7082,40.46002530563468,-3.6322644549005596,6,0,0,0,46,0.0015,BAJO
PN_7083,40.46095902189672,-3.703996749328484,6,0,0,0,54,0.0015,BAJO
PN_7084,40.39192690113216,-3.6480855004955166,6,0,0,0,33,0.0015,BAJO
PN_7085,40.45065896179038,-3.58462173099977,6,0,0,0,4,0.0015,BAJO
PN_7086,40.46878685498981,-3.6319337534497866,6,0,0,0,22,0.0015,BAJO
PN_7087,40.46873039021845,-3.5748716620375696,6,0,0,0,0,0.0015,BAJO
PN_7088,40.469976874077666,-3.767920395439502,6,0,0,0,0,0.0015,BAJO
PN_7089,40.47001302691373,-3.750299187523689,6,0,0,0,8,0.0015,BAJO
PN_7090,40.38160634682967,-3.6540635395930323,6,0,0,0,12,0.0015,BAJO
PN_7091,40.48378509613707,-3.688228303755627,6,0,0,0,44,0.0015,BAJO
PN_7092,40.391976670090315,-3.7106616407332766,6,0,0,0,48,0.0015,BAJO
PN_7093,40.39180733890552,-3.6897771528895764,6,0,0,0,48,0.0015,BAJO
PN_7094,40.48476580703313,-3.691207699029144,6,0,0,0,26,0.0015,BAJO
PN_7095,40.39901796885983,-3.6969780165950925,6,0,0,0,82,0.0015,BAJO
PN_7096,40.39125990217129,-3.6252366955067346,6,0,0,0,7,0.0015,BAJO
PN_7097,40.462069951524605,-3.635894830127055,6,0,0,0,57,0.0015,BAJO
PN_7098,40.36415527879449,-3.739134636029202,6,0,0,0,30,0.0015,BAJO
PN_7099,40.36486418596059,-3.7606409593684766,6,0,0,0,35,0.0015,BAJO
PN_7100,40.36198361253583,-3.658975438185088,6,0,0,0,0,0.0015,BAJO
PN_7101,40.45740370763053,-3.7113171625596824,6,0,0,0,71,0.0015,BAJO
PN_7102,40.471716939650356,-3.6740730555351493,6,0,0,0,51,0.0015,BAJO
PN_7103,40.378900272501006,-3.652794539053069,6,0,0,0,13,0.0015,BAJO
PN_7104,40.37890376476499,-3.608942087435111,6,0,0,0,4,0.0015,BAJO
PN_7105,40.40015280245136,-3.653846267105473,6,0,0,0,30,0.0015,BAJO
PN_7106,40.398895686817774,-3.601060039386479,6,0,0,0,0,0.0015,BAJO
PN_7107,40.471017597993736,-3.652557189604488,6,0,0,0,41,0.0015,BAJO
PN_7108,40.37979433338896,-3.7748021070528974,6,0,0,0,9,0.0015,BAJO
PN_7109,40.379726642798026,-3.746748092269359,6,0,0,0,23,0.0015,BAJO
PN_7110,40.41200991304833,-3.7099137420232258,6,0,0,0,48,0.0015,BAJO
PN_7111,40.44788246109151,-3.679919745432171,6,0,0,0,31,0.0015,BAJO
PN_7112,40.44542793666692,-3.708109262756859,6,0,0,0,44,0.0015,BAJO
PN_7113,40.422184739569246,-3.6721284603115847,6,0,0,0,55,0.0015,BAJO
PN_7114,40.37993824894184,-3.74163179145727,6,0,0,0,20,0.0015,BAJO
PN_7115,40.37993615743566,-3.691319081397228,6,0,0,0,46,0.0015,BAJO
PN_7116,40.47184660252853,-3.7229299203813646,6,0,0,0,45,0.0015,BAJO
PN_7117,40.47242736238466,-3.7089216902861586,6,0,0,0,46,0.0015,BAJO
PN_7118,40.46871295136308,-3.7132687894138017,6,0,0,0,50,0.0015,BAJO
PN_7119,40.48578174200519,-3.6842389934101454,6,0,0,0,26,0.0015,BAJO
PN_7120,40.41484593980582,-3.7150825145467183,6,0,0,0,38,0.0015,BAJO
PN_7121,40.360964710250094,-3.6138370201719012,6,0,0,0,0,0.0015,BAJO
PN_7122,40.36097676354692,-3.6121294265132136,6,0,0,0,0,0.0015,BAJO
PN_7123,40.34922250138555,-3.7091823386472367,6,0,0,0,20,0.0015,BAJO
PN_7124,40.348907529938884,-3.7049498025847654,6,0,0,0,38,0.0015,BAJO
PN_7125,40.3489906746021,-3.690922538188115,6,0,0,0,17,0.0015,BAJO
PN_7126,40.46887895666587,-3.6921378915273166,6,0,0,0,37,0.0015,BAJO
PN_7127,40.424329661708775,-3.7157762820353946,6,0,0,0,79,0.0015,BAJO
PN_7128,40.40488321996173,-3.753189521545845,6,0,0,0,31,0.0015,BAJO
PN_7129,40.40516773826284,-3.704972711222819,6,0,0,0,50,0.0015,BAJO
PN_7130,40.40376502055041,-3.668883151821781,6,0,0,0,90,0.0015,BAJO
PN_7131,40.383190456171526,-3.657240129140753,6,0,0,0,16,0.0015,BAJO
PN_7132,40.382787186131175,-3.651288740262098,6,0,0,0,18,0.0015,BAJO
PN_7133,40.46893941211112,-3.809926074031304,6,0,0,0,0,0.0015,BAJO
PN_7134,40.39413052059323,-3.7088382790835426,6,0,0,0,75,0.0015,BAJO
PN_7135,40.457796342437106,-3.782980347054979,6,0,0,0,59,0.0015,BAJO
PN_7136,40.45821941843281,-3.744864515880497,6,0,0,0,22,0.0015,BAJO
PN_7137,40.39788040074092,-3.7040698703942745,6,0,0,0,61,0.0015,BAJO
PN_7138,40.39800229710616,-3.694840585078461,6,0,0,0,68,0.0015,BAJO
PN_7139,40.49400895547817,-3.6160823082899696,6,0,0,0,17,0.0015,BAJO
PN_7140,40.40065761295623,-3.7628643276516818,6,0,0,0,39,0.0015,BAJO
PN_7141,40.45569449646165,-3.702561927115592,6,0,0,0,85,0.0015,BAJO
PN_7142,40.393141252799474,-3.6891780560843017,6,0,0,0,37,0.0015,BAJO
PN_7143,40.39277177293276,-3.657152826029621,6,0,0,0,46,0.0015,BAJO
PN_7144,40.482028857793146,-3.665059978179432,6,0,0,0,37,0.0015,BAJO
PN_7145,40.48295100910742,-3.708971435513144,6,0,0,0,73,0.0015,BAJO
PN_7146,40.367029349554976,-3.6960339579788966,6,0,0,0,65,0.0015,BAJO
PN_7147,40.393989473683284,-3.6637923822330616,6,0,0,0,52,0.0015,BAJO
PN_7148,40.394255600553066,-3.73710313981228,6,0,0,0,25,0.0015,BAJO
PN_7149,40.393629586465536,-3.7266468345557073,6,0,0,0,19,0.0015,BAJO
PN_7150,40.40407019461417,-3.742855075714429,6,0,0,0,33,0.0015,BAJO
PN_7151,40.45580703762541,-3.6170855909373874,6,0,0,0,30,0.0015,BAJO
PN_7152,40.42809526164444,-3.719914819159198,6,0,0,0,60,0.0015,BAJO
PN_7153,40.42739730507514,-3.6660167555084437,6,0,0,0,32,0.0015,BAJO
PN_7154,40.437963787501644,-3.7152134195433884,6,0,0,0,57,0.0015,BAJO
PN_7155,40.45643957054907,-3.7802303872124146,6,0,0,0,50,0.0015,BAJO
PN_7156,40.40121821888109,-3.6507690980844014,6,0,0,0,31,0.0015,BAJO
PN_7157,40.41419635095905,-3.655718734078148,6,0,0,0,84,0.0015,BAJO
PN_7158,40.379145555718885,-3.7701001969800085,6,0,0,0,19,0.0015,BAJO
PN_7159,40.37899199591947,-3.732254066767853,6,0,0,0,35,0.0015,BAJO
PN_7160,40.46698893218452,-3.785125784321552,6,0,0,0,0,0.0015,BAJO
PN_7161,40.38503886656843,-3.673155186574293,6,0,0,0,22,0.0015,BAJO
PN_7162,40.38488615279544,-3.624366801550494,6,0,0,0,28,0.0015,BAJO
PN_7163,40.360214071027606,-3.6118300594553303,6,0,0,0,0,0.0015,BAJO
PN_7164,40.42692522970367,-3.6419689401966795,6,0,0,0,65,0.0015,BAJO
PN_7165,40.40279788533454,-3.627945856943049,6,0,0,0,9,0.0015,BAJO
PN_7166,40.45109563811488,-3.674800568911548,6,0,0,0,50,0.0015,BAJO
PN_7167,40.45080793508097,-3.667458564931085,6,0,0,0,58,0.0015,BAJO
PN_7168,40.451108073000846,-3.665142250002362,6,0,0,0,64,0.0015,BAJO
PN_7169,40.40598713004905,-3.6028319587379785,6,0,0,0,10,0.0015,BAJO
PN_7170,40.43117539868542,-3.625922578626234,6,0,0,0,33,0.0015,BAJO
PN_7171,40.407112575383344,-3.7009585076096143,6,0,0,0,46,0.0015,BAJO
PN_7172,40.451017770466656,-3.7091290609343184,6,0,0,0,63,0.0015,BAJO
PN_7173,40.450750958510476,-3.7046351277337704,6,0,0,0,67,0.0015,BAJO
PN_7174,40.34910590285153,-3.6892261262711408,6,0,0,0,13,0.0015,BAJO
PN_7175,40.34886931161778,-3.686845139983763,6,0,0,0,3,0.0015,BAJO
PN_7176,40.430937328326046,-3.648145467242834,6,0,0,0,111,0.0015,BAJO
PN_7177,40.473253506119796,-3.832075246171786,6,0,0,0,14,0.0015,BAJO
PN_7178,40.37808882271599,-3.7333221773470355,6,0,0,0,37,0.0015,BAJO
PN_7179,40.37784937462152,-3.7289216535618603,6,0,0,0,38,0.0015,BAJO
PN_7180,40.37796259752857,-3.655047289876159,6,0,0,0,17,0.0015,BAJO
PN_7181,40.47298410502328,-3.6550260303070705,6,0,0,0,35,0.0015,BAJO
PN_7182,40.45395230556033,-3.680041858115112,6,0,0,0,75,0.0015,BAJO
PN_7183,40.40176296071971,-3.5918662261723004,6,0,0,0,9,0.0015,BAJO
PN_7184,40.40339748564034,-3.740753947624549,6,0,0,0,14,0.0015,BAJO
PN_7185,40.40299933769949,-3.720114843687977,6,0,0,0,68,0.0015,BAJO
PN_7186,40.35801318855565,-3.56328793558567,6,0,0,0,0,0.0015,BAJO
PN_7187,40.359203404663056,-3.6862374991146267,6,0,0,0,22,0.0015,BAJO
PN_7188,40.488014712666434,-3.698751360809665,6,0,0,0,45,0.0015,BAJO
PN_7189,40.48794016808011,-3.6939285632497945,6,0,0,0,45,0.0015,BAJO
PN_7190,40.43320109665705,-3.6360708141085207,6,0,0,0,79,0.0015,BAJO
PN_7191,40.46276572719638,-3.5728962522530057,6,0,0,0,0,0.0015,BAJO
PN_7192,40.38999581049115,-3.7307158636537783,6,0,0,0,59,0.0015,BAJO
PN_7193,40.40210413791356,-3.661874624439974,6,0,0,0,43,0.0015,BAJO
PN_7194,40.45376458056237,-3.6191287945446393,6,0,0,0,25,0.0015,BAJO
PN_7195,40.455050352140496,-3.729230471604813,6,0,0,0,13,0.0015,BAJO
PN_7196,40.38577479135273,-3.656672242973339,6,0,0,0,10,0.0015,BAJO
PN_7197,40.386006580184976,-3.7320943958390376,6,0,0,0,60,0.0015,BAJO
PN_7198,40.43099947977745,-3.6279055088433068,6,0,0,0,52,0.0015,BAJO
PN_7199,40.48111153405075,-3.7249701095617547,6,0,0,0,29,0.0015,BAJO
PN_7200,40.407675167835585,-3.7123372290235754,6,0,0,0,49,0.0015,BAJO
PN_7201,40.40783480895103,-3.704169667262644,6,0,0,0,28,0.0015,BAJO
PN_7202,40.407973333440104,-3.697915013540303,6,0,0,0,53,0.0015,BAJO
PN_7203,40.370226103010374,-3.7482117611054107,6,0,0,0,20,0.0015,BAJO
PN_7204,40.3700871291945,-3.7008927703225822,6,0,0,0,39,0.0015,BAJO
PN_7205,40.36823160668,-3.6127957617491706,6,0,0,0,17,0.0015,BAJO
PN_7206,40.42079344465678,-3.7028332772967008,6,0,0,0,62,0.0015,BAJO
PN_7207,40.41881911888223,-3.6218160667232127,6,0,0,0,48,0.0015,BAJO
PN_7208,40.403823498332436,-3.694867051336249,6,0,0,0,86,0.0015,BAJO
PN_7209,40.43965535230861,-3.6139862023758664,6,0,0,0,23,0.0015,BAJO
PN_7210,40.386153951444804,-3.7232303286888246,6,0,0,0,84,0.0015,BAJO
PN_7211,40.46611938380956,-3.5730368041920997,6,0,0,0,0,0.0015,BAJO
PN_7212,40.466888499581785,-3.8122625365977285,6,0,0,0,0,0.0015,BAJO
PN_7213,40.432424288934754,-3.676627961986071,6,0,0,0,68,0.0015,BAJO
PN_7214,40.38696456873611,-3.703054884838854,6,0,0,0,32,0.0015,BAJO
PN_7215,40.385890922665645,-3.6541972724429104,6,0,0,0,10,0.0015,BAJO
PN_7216,40.40309584989185,-3.652768956152309,6,0,0,0,34,0.0015,BAJO
PN_7217,40.454108164193265,-3.688210421951158,6,0,0,0,80,0.0015,BAJO
PN_7218,40.41570375177978,-3.7320448943176783,6,0,0,0,44,0.0015,BAJO
PN_7219,40.46509496281677,-3.5842141173332833,6,0,0,0,17,0.0015,BAJO
PN_7220,40.38797474627933,-3.756176351683903,6,0,0,0,30,0.0015,BAJO
PN_7221,40.38694910675098,-3.670258216570998,6,0,0,0,20,0.0015,BAJO
PN_7222,40.46026611027376,-3.6741453327213054,6,0,0,0,91,0.0015,BAJO
PN_7223,40.47489174494661,-3.8360120952758554,6,0,0,0,12,0.0015,BAJO
PN_7224,40.47486836487362,-3.7141125322151516,6,0,0,0,69,0.0015,BAJO
PN_7225,40.47524176265595,-3.7119988953163223,6,0,0,0,66,0.0015,BAJO
PN_7226,40.47501518684735,-3.686156827899173,6,0,0,0,48,0.0015,BAJO
PN_7227,40.37528205067533,-3.654310620118253,6,0,0,0,15,0.0015,BAJO
PN_7228,40.37523254181513,-3.6040754102448207,6,0,0,0,4,0.0015,BAJO
PN_7229,40.35457609682442,-3.5697440798049542,6,0,0,0,0,0.0015,BAJO
PN_7230,40.442281435286574,-3.6199038551081917,6,0,0,0,53,0.0015,BAJO
PN_7231,40.399194069761194,-3.675914146213533,6,0,0,0,26,0.0015,BAJO
PN_7232,40.399075130175625,-3.7680647451696974,6,0,0,0,39,0.0015,BAJO
PN_7233,40.44894717959257,-3.571422740307419,6,0,0,0,0,0.0015,BAJO
PN_7234,40.44893735662469,-3.557755000015581,6,0,0,0,0,0.0015,BAJO
PN_7235,40.45003120213513,-3.6990358698948698,6,0,0,0,116,0.0015,BAJO
PN_7236,40.449884572641075,-3.6982049282163416,6,0,0,0,110,0.0015,BAJO
PN_7237,40.443723901793135,-3.609831270493634,6,0,0,0,35,0.0015,BAJO
PN_7238,40.48788345200319,-3.6650115748326186,6,0,0,0,19,0.0015,BAJO
PN_7239,40.454135277029,-3.6818618671767456,6,0,0,0,72,0.0015,BAJO
PN_7240,40.44705386177146,-3.6780914571604115,6,0,0,0,31,0.0015,BAJO
PN_7241,40.44684469570353,-3.676888512529469,6,0,0,0,34,0.0015,BAJO
PN_7242,40.44719742269086,-3.6740835225277144,6,0,0,0,33,0.0015,BAJO
PN_7243,40.36924388823393,-3.630624150075921,6,0,0,0,0,0.0015,BAJO
PN_7244,40.368978852708395,-3.629386883790834,6,0,0,0,0,0.0015,BAJO
PN_7245,40.42706554545133,-3.6783995499004365,6,0,0,0,55,0.0015,BAJO
PN_7246,40.45690589342326,-3.6608612016259854,6,0,0,0,64,0.0015,BAJO
PN_7247,40.40143277015316,-3.592717698077632,6,0,0,0,9,0.0015,BAJO
PN_7248,40.388057659761465,-3.688079605842981,6,0,0,0,50,0.0015,BAJO
PN_7249,40.441912619867416,-3.7267872044960684,6,0,0,0,13,0.0015,BAJO
PN_7250,40.44167884040515,-3.7209597825765726,6,0,0,0,27,0.0015,BAJO
PN_7251,40.46305033161574,-3.6662999647775862,6,0,0,0,70,0.0015,BAJO
PN_7252,40.42596909285164,-3.732826162339691,6,0,0,0,19,0.0015,BAJO
PN_7253,40.44393801041305,-3.722736953294147,6,0,0,0,14,0.0015,BAJO
PN_7254,40.475013326464826,-3.665417416343784,6,0,0,0,55,0.0015,BAJO
PN_7255,40.37071713405737,-3.7229474871828416,6,0,0,0,22,0.0015,BAJO
PN_7256,40.434960918414134,-3.655150119448798,6,0,0,0,86,0.0015,BAJO
PN_7257,40.435099021185586,-3.642042742022669,6,0,0,0,76,0.0015,BAJO
PN_7258,40.438078151567964,-3.67470969995016,6,0,0,0,77,0.0015,BAJO
PN_7259,40.49399718023946,-3.6931767285606547,6,0,0,0,25,0.0015,BAJO
PN_7260,40.49361507847707,-3.6752932144559516,6,0,0,0,9,0.0015,BAJO
PN_7261,40.399213482225456,-3.714879770685871,6,0,0,0,109,0.0015,BAJO
PN_7262,40.47395255850097,-3.649974537369266,6,0,0,0,34,0.0015,BAJO
PN_7263,40.37579006586177,-3.70234973267817,6,0,0,0,6,0.0015,BAJO
PN_7264,40.47408616942098,-3.588902706663889,6,0,0,0,2,0.0015,BAJO
PN_7265,40.47781113616797,-3.6449289273798198,6,0,0,0,11,0.0015,BAJO
PN_7266,40.47893176634678,-3.7059875603632215,6,0,0,0,80,0.0015,BAJO
PN_7267,40.47933916742532,-3.70294993753431,6,0,0,0,66,0.0015,BAJO
PN_7268,40.480340455306504,-3.6839654780352316,6,0,0,0,46,0.0015,BAJO
PN_7269,40.43888680513555,-3.732779722703448,6,0,0,0,28,0.0015,BAJO
PN_7270,40.44595930493033,-3.6061841335346188,6,0,0,0,29,0.0015,BAJO
PN_7271,40.417241328794276,-3.7108645417161576,6,0,0,0,32,0.0015,BAJO
PN_7272,40.417056777132146,-3.657296497400973,6,0,0,0,47,0.0015,BAJO
PN_7273,40.414732249117414,-3.6557435802485094,6,0,0,0,79,0.0015,BAJO
PN_7274,40.41500422321004,-3.6461066871682046,6,0,0,0,8,0.0015,BAJO
PN_7275,40.391356092131744,-3.7070614470127676,6,0,0,0,59,0.0015,BAJO
PN_7276,40.39013911023389,-3.6487969030065144,6,0,0,0,35,0.0015,BAJO
PN_7277,40.474094609914644,-3.701194508318423,6,0,0,0,56,0.0015,BAJO
PN_7278,40.340634604474616,-3.7240744241530526,6,0,0,0,0,0.0015,BAJO
PN_7279,40.37065205461915,-3.74619442796795,6,0,0,0,33,0.0015,BAJO
PN_7280,40.374061356124976,-3.7019312800253563,6,0,0,0,22,0.0015,BAJO
PN_7281,40.336043744796704,-3.6980523768547555,6,0,0,0,0,0.0015,BAJO
PN_7282,40.33411844597607,-3.6928643789191327,6,0,0,0,0,0.0015,BAJO
PN_7283,40.504118651588406,-3.6671645078066546,6,0,0,0,42,0.0015,BAJO
PN_7284,40.426142280016784,-3.7101271486759617,6,0,0,0,80,0.0015,BAJO
PN_7285,40.49815596529756,-3.692731747301236,6,0,0,0,4,0.0015,BAJO
PN_7286,40.398182560793984,-3.708191428616851,6,0,0,0,90,0.0015,BAJO
PN_7287,40.340967819556774,-3.6881856985699883,6,0,0,0,0,0.0015,BAJO
PN_7288,40.50328447858664,-3.703018890384984,6,0,0,0,85,0.0015,BAJO
PN_7289,40.43691177873498,-3.650024469086047,6,0,0,0,60,0.0015,BAJO
PN_7290,40.3729602902155,-3.7498459514608027,6,0,0,0,39,0.0015,BAJO
PN_7291,40.37183658470291,-3.7107032754649993,6,0,0,0,23,0.0015,BAJO
PN_7292,40.37180074565762,-3.6620982948503578,6,0,0,0,2,0.0015,BAJO
PN_7293,40.437179443599824,-3.723747336869611,6,0,0,0,24,0.0015,BAJO
PN_7294,40.49133350240333,-3.5930812040447555,6,0,0,0,0,0.0015,BAJO
PN_7295,40.491957289870676,-3.6918183904732835,6,0,0,0,32,0.0015,BAJO
PN_7296,40.491769347945414,-3.689851747116156,6,0,0,0,32,0.0015,BAJO
PN_7297,40.43297503814233,-3.7011208883278672,6,0,0,0,53,0.0015,BAJO
PN_7298,40.44566667012824,-3.6839204595597175,6,0,0,0,12,0.0015,BAJO
PN_7299,40.44605505377326,-3.678144309928589,6,0,0,0,36,0.0015,BAJO
PN_7300,40.41808330604255,-3.671235034295177,6,0,0,0,75,0.0015,BAJO
PN_7301,40.41736511006357,-3.653761408931768,6,0,0,0,46,0.0015,BAJO
PN_7302,40.46399822519319,-3.721259312973278,6,0,0,0,15,0.0015,BAJO
PN_7303,40.46383158547808,-3.6352804005124546,6,0,0,0,67,0.0015,BAJO
PN_7304,40.38939762302754,-3.7181063970561277,6,0,0,0,48,0.0015,BAJO
PN_7305,40.38911016516544,-3.7167621441825216,6,0,0,0,53,0.0015,BAJO
PN_7306,40.38904255531639,-3.695125522774303,6,0,0,0,78,0.0015,BAJO
PN_7307,40.38999974905041,-3.7139811386290718,6,0,0,0,38,0.0015,BAJO
PN_7308,40.388632958635014,-3.663113375875645,6,0,0,0,26,0.0015,BAJO
PN_7309,40.38858435245831,-3.6542488612839263,6,0,0,0,26,0.0015,BAJO
PN_7310,40.45219164046149,-3.701302887388035,6,0,0,0,81,0.0015,BAJO
PN_7311,40.424139466540595,-3.636895108448052,6,0,0,0,17,0.0015,BAJO
PN_7312,40.42394405651521,-3.6169986429018888,6,0,0,0,15,0.0015,BAJO
PN_7313,40.42523842912493,-3.718864660378763,6,0,0,0,50,0.0015,BAJO
PN_7314,40.42541480230808,-3.718027593511712,6,0,0,0,59,0.0015,BAJO
PN_7315,40.42396061749813,-3.6943021022274425,6,0,0,0,49,0.0015,BAJO
PN_7316,40.38119219482157,-3.63077089522163,6,0,0,0,39,0.0015,BAJO
PN_7317,40.38116722715892,-3.6170303437728495,6,0,0,0,16,0.0015,BAJO
PN_7318,40.41287902143329,-3.7179807609353523,6,0,0,0,68,0.0015,BAJO
PN_7319,40.4471035507943,-3.6078807110924926,6,0,0,0,43,0.0015,BAJO
PN_7320,40.44714347643606,-3.5650887485507337,6,0,0,0,0,0.0015,BAJO
PN_7321,40.447923986880134,-3.7070368014415767,6,0,0,0,57,0.0015,BAJO
PN_7322,40.448159195034215,-3.6887197021891076,6,0,0,0,32,0.0015,BAJO
PN_7323,40.41218196912045,-3.693939411628121,6,0,0,0,43,0.0015,BAJO
PN_7324,40.4237144880145,-3.6549113204603896,6,0,0,0,50,0.0015,BAJO
PN_7325,40.44022413510075,-3.6828355474682155,6,0,0,0,69,0.0015,BAJO
PN_7326,40.372038117150886,-3.6090726780183235,6,0,0,0,23,0.0015,BAJO
PN_7327,40.373386197024494,-3.7680007218209894,6,0,0,0,33,0.0015,BAJO
PN_7328,40.3726229948945,-3.7628484572573497,6,0,0,0,30,0.0015,BAJO
PN_7329,40.4779160395466,-3.713926567759365,6,0,0,0,72,0.0015,BAJO
PN_7330,40.45781893097819,-3.690884274715719,6,0,0,0,125,0.0015,BAJO
PN_7331,40.391076857623545,-3.663997470193784,6,0,0,0,51,0.0015,BAJO
PN_7332,40.35118460093796,-3.6838148383925446,6,0,0,0,4,0.0015,BAJO
PN_7333,40.3520531780803,-3.6808973526232367,6,0,0,0,9,0.0015,BAJO
PN_7334,40.4981250906059,-3.6621387894370705,6,0,0,0,34,0.0015,BAJO
PN_7335,40.49109192890025,-3.660071526158768,6,0,0,0,35,0.0015,BAJO
PN_7336,40.50711424893111,-3.67976611481162,6,0,0,0,15,0.0015,BAJO
PN_7337,40.50920906983395,-3.685063269686062,6,0,0,0,14,0.0015,BAJO
PN_7338,40.51230687994263,-3.676867628360798,6,0,0,0,13,0.0015,BAJO
PN_7339,40.511675080059625,-3.6669993875296214,6,0,0,0,38,0.0015,BAJO
PN_7340,40.37200330709681,-3.622100147266627,6,0,0,0,0,0.0015,BAJO
PN_7341,40.3719055781199,-3.615389047152417,6,0,0,0,1,0.0015,BAJO
PN_7342,40.43684972793926,-3.718014424414605,5,0,0,0,59,0.0,BAJO
PN_7343,40.41796440131459,-3.735312828985875,5,0,0,0,0,0.0,BAJO
PN_7344,40.34689859118018,-3.7070487412170117,5,0,0,0,32,0.0,BAJO
PN_7345,40.348096438418764,-3.714147439479941,5,0,0,0,3,0.0,BAJO
PN_7346,40.347808190172096,-3.6772958786958663,5,0,0,0,12,0.0,BAJO
PN_7347,40.39829857586109,-3.6262052271625045,5,0,0,0,15,0.0,BAJO
PN_7348,40.39817904876665,-3.5987668324703526,5,0,0,0,0,0.0,BAJO
PN_7349,40.398883139535975,-3.7201562180507373,5,0,0,0,55,0.0,BAJO
PN_7350,40.4421104947432,-3.6091838836114007,5,0,0,0,2,0.0,BAJO
PN_7351,40.44292447621523,-3.7097023610711695,5,0,0,0,48,0.0,BAJO
PN_7352,40.425836980732285,-3.6709435199483784,5,0,0,0,40,0.0,BAJO
PN_7353,40.4421326311779,-3.669990049707078,5,0,0,0,63,0.0,BAJO
PN_7354,40.4419641378057,-3.6632767253420817,5,0,0,0,88,0.0,BAJO
PN_7355,40.397719245562385,-3.6827189863572967,5,0,0,0,40,0.0,BAJO
PN_7356,40.349848734075145,-3.71312263250701,5,0,0,0,3,0.0,BAJO
PN_7357,40.49396524515225,-3.5990345192244617,5,0,0,0,0,0.0,BAJO
PN_7358,40.49474063587196,-3.595777360460636,5,0,0,0,0,0.0,BAJO
PN_7359,40.493900131823985,-3.648166411666382,5,0,0,0,15,0.0,BAJO
PN_7360,40.494055739305644,-3.7137974812048116,5,0,0,0,15,0.0,BAJO
PN_7361,40.49394703245314,-3.6916728330694255,5,0,0,0,27,0.0,BAJO
PN_7362,40.43503657178828,-3.667594587425614,5,0,0,0,58,0.0,BAJO
PN_7363,40.39289869252691,-3.7303104939024556,5,0,0,0,25,0.0,BAJO
PN_7364,40.393944968957996,-3.7119120840747266,5,0,0,0,79,0.0,BAJO
PN_7365,40.39270247674043,-3.6843296870976507,5,0,0,0,22,0.0,BAJO
PN_7366,40.46002283655041,-3.670899011793801,5,0,0,0,86,0.0,BAJO
PN_7367,40.39411718821465,-3.6818412958062567,5,0,0,0,51,0.0,BAJO
PN_7368,40.398171288036394,-3.672919491919761,5,0,0,0,47,0.0,BAJO
PN_7369,40.45719213870241,-3.585010163767271,5,0,0,0,0,0.0,BAJO
PN_7370,40.39804659921263,-3.6999924813183,5,0,0,0,91,0.0,BAJO
PN_7371,40.39924243969282,-3.6049368984088317,5,0,0,0,0,0.0,BAJO
PN_7372,40.460667046541495,-3.655022750883424,5,0,0,0,44,0.0,BAJO
PN_7373,40.461030469476725,-3.593747974595786,5,0,0,0,16,0.0,BAJO
PN_7374,40.39318596681499,-3.692099481390657,5,0,0,0,56,0.0,BAJO
PN_7375,40.391950038979374,-3.6641195517146286,5,0,0,0,55,0.0,BAJO
PN_7376,40.39214655035744,-3.6259856357669973,5,0,0,0,7,0.0,BAJO
PN_7377,40.393196268331636,-3.7359506174772825,5,0,0,0,29,0.0,BAJO
PN_7378,40.3929576421222,-3.7309615410072987,5,0,0,0,25,0.0,BAJO
PN_7379,40.42171446709854,-3.6148843550916268,5,0,0,0,43,0.0,BAJO
PN_7380,40.422586912727326,-3.717101245004487,5,0,0,0,68,0.0,BAJO
PN_7381,40.445247383611765,-3.7209951605388873,5,0,0,0,15,0.0,BAJO
PN_7382,40.44392790425882,-3.6550960643919312,5,0,0,0,52,0.0,BAJO
PN_7383,40.444162675742405,-3.5840623267954577,5,0,0,0,23,0.0,BAJO
PN_7384,40.42275667391343,-3.6940079897977482,5,0,0,0,72,0.0,BAJO
PN_7385,40.449189784062426,-3.5589001898909642,5,0,0,0,0,0.0,BAJO
PN_7386,40.45018674110761,-3.716837919616734,5,0,0,0,41,0.0,BAJO
PN_7387,40.37075296782588,-3.6879286996356946,5,0,0,0,8,0.0,BAJO
PN_7388,40.47898681451102,-3.739961163900343,5,0,0,0,30,0.0,BAJO
PN_7389,40.375088921279904,-3.744814496672749,5,0,0,0,44,0.0,BAJO
PN_7390,40.47493140386344,-3.684028950512773,5,0,0,0,35,0.0,BAJO
PN_7391,40.438900944697416,-3.6945913740515004,5,0,0,0,47,0.0,BAJO
PN_7392,40.438824684025846,-3.675843187522196,5,0,0,0,75,0.0,BAJO
PN_7393,40.432744528123365,-3.7070180831140767,5,0,0,0,65,0.0,BAJO
PN_7394,40.42283293800537,-3.666969396222881,5,0,0,0,42,0.0,BAJO
PN_7395,40.434138604713866,-3.685261279824595,5,0,0,0,68,0.0,BAJO
PN_7396,40.479746285415914,-3.702272654363932,5,0,0,0,69,0.0,BAJO
PN_7397,40.43393018830119,-3.7081835597198873,5,0,0,0,58,0.0,BAJO
PN_7398,40.47904755899084,-3.6600196122948496,5,0,0,0,10,0.0,BAJO
PN_7399,40.478967394609874,-3.6480770420368644,5,0,0,0,14,0.0,BAJO
PN_7400,40.369714648888326,-3.687098338857156,5,0,0,0,9,0.0,BAJO
PN_7401,40.369927437780575,-3.679138030006341,5,0,0,0,4,0.0,BAJO
PN_7402,40.37140623986713,-3.762473120313372,5,0,0,0,26,0.0,BAJO
PN_7403,40.40925934065632,-3.6987910072051355,5,0,0,0,43,0.0,BAJO
PN_7404,40.40860116989316,-3.6895726234794113,5,0,0,0,46,0.0,BAJO
PN_7405,40.409155747921396,-3.6606303887056995,5,0,0,0,76,0.0,BAJO
PN_7406,40.409836102976186,-3.731959702301084,5,0,0,0,59,0.0,BAJO
PN_7407,40.44906841705152,-3.6711202574755206,5,0,0,0,49,0.0,BAJO
PN_7408,40.44863695448194,-3.6472525740192907,5,0,0,0,49,0.0,BAJO
PN_7409,40.43196852140233,-3.6056780700010345,5,0,0,0,65,0.0,BAJO
PN_7410,40.43384764906076,-3.685711059931382,5,0,0,0,68,0.0,BAJO
PN_7411,40.48090875726019,-3.718924906572454,5,0,0,0,56,0.0,BAJO
PN_7412,40.4811134922291,-3.632764697193477,5,0,0,0,4,0.0,BAJO
PN_7413,40.41208712982808,-3.715169993922801,5,0,0,0,52,0.0,BAJO
PN_7414,40.369868631161744,-3.7448795224316505,5,0,0,0,41,0.0,BAJO
PN_7415,40.43307078297412,-3.619701364276885,5,0,0,0,39,0.0,BAJO
PN_7416,40.43304935688424,-3.611884506558463,5,0,0,0,39,0.0,BAJO
PN_7417,40.43313232637091,-3.656854079785977,5,0,0,0,95,0.0,BAJO
PN_7418,40.37820358723856,-3.6978386197382322,5,0,0,0,27,0.0,BAJO
PN_7419,40.44962668794461,-3.665873336724789,5,0,0,0,54,0.0,BAJO
PN_7420,40.40886213990512,-3.735805388074648,5,0,0,0,44,0.0,BAJO
PN_7421,40.47280956248184,-3.6119173212105062,5,0,0,0,0,0.0,BAJO
PN_7422,40.40781033938249,-3.6052328128257223,5,0,0,0,22,0.0,BAJO
PN_7423,40.40907085635695,-3.7445761485552453,5,0,0,0,23,0.0,BAJO
PN_7424,40.36940797805936,-3.706004759343523,5,0,0,0,16,0.0,BAJO
PN_7425,40.36936141968877,-3.705071400276337,5,0,0,0,19,0.0,BAJO
PN_7426,40.36919504456571,-3.6890294754510142,5,0,0,0,31,0.0,BAJO
PN_7427,40.37630609111439,-3.6566411703244923,5,0,0,0,18,0.0,BAJO
PN_7428,40.474108725246104,-3.6411550309446077,5,0,0,0,33,0.0,BAJO
PN_7429,40.376698508714156,-3.7458452975977155,5,0,0,0,36,0.0,BAJO
PN_7430,40.376998770318934,-3.74314627527727,5,0,0,0,36,0.0,BAJO
PN_7431,40.47412596525961,-3.6861631117493845,5,0,0,0,54,0.0,BAJO
PN_7432,40.47307893809748,-3.593077855008365,5,0,0,0,0,0.0,BAJO
PN_7433,40.407864930814625,-3.745774397269332,5,0,0,0,27,0.0,BAJO
PN_7434,40.449959978914066,-3.6742730796984993,5,0,0,0,36,0.0,BAJO
PN_7435,40.40768171087605,-3.6488847948605128,5,0,0,0,21,0.0,BAJO
PN_7436,40.374811918852956,-3.642933981048165,5,0,0,0,10,0.0,BAJO
PN_7437,40.374899879125145,-3.622911705350975,5,0,0,0,0,0.0,BAJO
PN_7438,40.37367529838116,-3.6626655648427913,5,0,0,0,12,0.0,BAJO
PN_7439,40.37389515188256,-3.639945052296575,5,0,0,0,10,0.0,BAJO
PN_7440,40.374875528260375,-3.702911941814802,5,0,0,0,18,0.0,BAJO
PN_7441,40.37606991093817,-3.6698606143716765,5,0,0,0,3,0.0,BAJO
PN_7442,40.37602355684261,-3.666031698628619,5,0,0,0,16,0.0,BAJO
PN_7443,40.421214436244824,-3.63603884203347,5,0,0,0,13,0.0,BAJO
PN_7444,40.42208470954343,-3.7170204689478785,5,0,0,0,72,0.0,BAJO
PN_7445,40.447876980368925,-3.6838017491094313,5,0,0,0,26,0.0,BAJO
PN_7446,40.37883661646636,-3.6239610738166355,5,0,0,0,28,0.0,BAJO
PN_7447,40.378947287666044,-3.6221479148735156,5,0,0,0,32,0.0,BAJO
PN_7448,40.379031754279296,-3.607960359719698,5,0,0,0,4,0.0,BAJO
PN_7449,40.37827532550824,-3.6267972990081843,5,0,0,0,16,0.0,BAJO
PN_7450,40.378061804711386,-3.624967026711493,5,0,0,0,22,0.0,BAJO
PN_7451,40.379260901868115,-3.730285723233372,5,0,0,0,38,0.0,BAJO
PN_7452,40.47206636377173,-3.6439148958281544,5,0,0,0,24,0.0,BAJO
PN_7453,40.48213714681809,-3.6247726239546503,5,0,0,0,13,0.0,BAJO
PN_7454,40.366879326618495,-3.6998937236856073,5,0,0,0,38,0.0,BAJO
PN_7455,40.48194142293105,-3.720910966948382,5,0,0,0,48,0.0,BAJO
PN_7456,40.36808857178818,-3.7482073607483755,5,0,0,0,17,0.0,BAJO
PN_7457,40.36801850534785,-3.7157216223480134,5,0,0,0,16,0.0,BAJO
PN_7458,40.48167731183325,-3.714114679800975,5,0,0,0,76,0.0,BAJO
PN_7459,40.406916071847476,-3.651104855604518,5,0,0,0,38,0.0,BAJO
PN_7460,40.407260286819195,-3.6449845210116534,5,0,0,0,28,0.0,BAJO
PN_7461,40.40686226346172,-3.7048379669093707,5,0,0,0,38,0.0,BAJO
PN_7462,40.43071417114623,-3.626692081570191,5,0,0,0,44,0.0,BAJO
PN_7463,40.430985897775905,-3.6230893830444755,5,0,0,0,26,0.0,BAJO
PN_7464,40.43182402524508,-3.7372699375276,5,0,0,0,27,0.0,BAJO
PN_7465,40.43156167661197,-3.7080431745150384,5,0,0,0,71,0.0,BAJO
PN_7466,40.431996787244415,-3.6933319342959168,5,0,0,0,40,0.0,BAJO
PN_7467,40.37774439893472,-3.6678887056735205,5,0,0,0,22,0.0,BAJO
PN_7468,40.4396959737035,-3.7186908503589153,5,0,0,0,31,0.0,BAJO
PN_7469,40.47220705865885,-3.5888115782895817,5,0,0,0,0,0.0,BAJO
PN_7470,40.472208840497906,-3.5870444495601577,5,0,0,0,9,0.0,BAJO
PN_7471,40.377954074836005,-3.7317912549672725,5,0,0,0,35,0.0,BAJO
PN_7472,40.40635981079521,-3.626555703900999,5,0,0,0,19,0.0,BAJO
PN_7473,40.40565857617226,-3.590675487087821,5,0,0,0,6,0.0,BAJO
PN_7474,40.45101510437637,-3.698966267054767,5,0,0,0,101,0.0,BAJO
PN_7475,40.36480135142624,-3.615711928034006,5,0,0,0,0,0.0,BAJO
PN_7476,40.41194773160819,-3.6563463229931825,5,0,0,0,70,0.0,BAJO
PN_7477,40.411859470381565,-3.6467492039735205,5,0,0,0,24,0.0,BAJO
PN_7478,40.41314650734305,-3.7261684166168423,5,0,0,0,87,0.0,BAJO
PN_7479,40.41306268471317,-3.7130022119453256,5,0,0,0,51,0.0,BAJO
PN_7480,40.41253649852976,-3.6994425051722835,5,0,0,0,30,0.0,BAJO
PN_7481,40.4702109643056,-3.5729776048580675,5,0,0,0,0,0.0,BAJO
PN_7482,40.430839241989034,-3.691959546896976,5,0,0,0,39,0.0,BAJO
PN_7483,40.451714935250536,-3.7860864044295135,5,0,0,0,14,0.0,BAJO
PN_7484,40.3659364343789,-3.755806334188482,5,0,0,0,34,0.0,BAJO
PN_7485,40.36618614235556,-3.6859742060591416,5,0,0,0,17,0.0,BAJO
PN_7486,40.366266193845036,-3.6541197786460073,5,0,0,0,0,0.0,BAJO
PN_7487,40.41104388492901,-3.6293287800208462,5,0,0,0,25,0.0,BAJO
PN_7488,40.410921898641014,-3.6110900316569556,5,0,0,0,27,0.0,BAJO
PN_7489,40.41139649325015,-3.5729451918405752,5,0,0,0,0,0.0,BAJO
PN_7490,40.41205718758071,-3.719704980036579,5,0,0,0,61,0.0,BAJO
PN_7491,40.405402529782535,-3.552817391082718,5,0,0,0,11,0.0,BAJO
PN_7492,40.471184774464625,-3.7211946414921555,5,0,0,0,50,0.0,BAJO
PN_7493,40.47123292040219,-3.6980929377017824,5,0,0,0,37,0.0,BAJO
PN_7494,40.471171185952066,-3.6870460824285196,5,0,0,0,52,0.0,BAJO
PN_7495,40.40462698405505,-3.6441674414000245,5,0,0,0,13,0.0,BAJO
PN_7496,40.40513345472094,-3.636983448606576,5,0,0,0,36,0.0,BAJO
PN_7497,40.40621927984521,-3.7489334949427366,5,0,0,0,41,0.0,BAJO
PN_7498,40.450998470690976,-3.581253451797738,5,0,0,0,0,0.0,BAJO
PN_7499,40.471731693938544,-3.71290515112356,5,0,0,0,59,0.0,BAJO
PN_7500,40.47229555207247,-3.679111302203959,5,0,0,0,29,0.0,BAJO
PN_7501,40.47119057176382,-3.582821865944461,5,0,0,0,15,0.0,BAJO
PN_7502,40.472272181794416,-3.7319388687085024,5,0,0,0,20,0.0,BAJO
PN_7503,40.380808081774035,-3.7408579153224792,5,0,0,0,24,0.0,BAJO
PN_7504,40.47085147546831,-3.664374817402809,5,0,0,0,62,0.0,BAJO
PN_7505,40.47084014406282,-3.6489261033359206,5,0,0,0,29,0.0,BAJO
PN_7506,40.470824230718726,-3.6352491683996204,5,0,0,0,21,0.0,BAJO
PN_7507,40.361781865705765,-3.6641625926789736,5,0,0,0,0,0.0,BAJO
PN_7508,40.36194212342889,-3.6156600034608113,5,0,0,0,0,0.0,BAJO
PN_7509,40.366006947628954,-3.6207356766636396,5,0,0,0,0,0.0,BAJO
PN_7510,40.48285812991294,-3.6176836639765257,5,0,0,0,18,0.0,BAJO
PN_7511,40.363990904325135,-3.76232831427964,5,0,0,0,28,0.0,BAJO
PN_7512,40.36442798925342,-3.594081998448972,5,0,0,0,4,0.0,BAJO
PN_7513,40.469069732473685,-3.5864084332779655,5,0,0,0,10,0.0,BAJO
PN_7514,40.40377991471975,-3.6278281014955645,5,0,0,0,16,0.0,BAJO
PN_7515,40.382107025666826,-3.649789153592704,5,0,0,0,14,0.0,BAJO
PN_7516,40.38184001241979,-3.6209940794808544,5,0,0,0,32,0.0,BAJO
PN_7517,40.381924008916734,-3.6147156228897535,5,0,0,0,12,0.0,BAJO
PN_7518,40.38293585995886,-3.7859177627288716,5,0,0,0,7,0.0,BAJO
PN_7519,40.438350139256144,-3.6180071620090253,5,0,0,0,60,0.0,BAJO
PN_7520,40.43794625383673,-3.653125552975034,5,0,0,0,42,0.0,BAJO
PN_7521,40.434138207252076,-3.6795289766113455,5,0,0,0,74,0.0,BAJO
PN_7522,40.36208413875752,-3.699088016530019,5,0,0,0,26,0.0,BAJO
PN_7523,40.46990594796224,-3.6840723274923883,5,0,0,0,52,0.0,BAJO
PN_7524,40.4699499835988,-3.645076666167374,5,0,0,0,28,0.0,BAJO
PN_7525,40.38128877037389,-3.657163135658988,5,0,0,0,14,0.0,BAJO
PN_7526,40.38100289526023,-3.6461830612875765,5,0,0,0,6,0.0,BAJO
PN_7527,40.38201615501215,-3.742129347543769,5,0,0,0,39,0.0,BAJO
PN_7528,40.382245910876115,-3.741142273301223,5,0,0,0,33,0.0,BAJO
PN_7529,40.382175022419815,-3.705817589521734,5,0,0,0,29,0.0,BAJO
PN_7530,40.38204491673736,-3.6852090678178904,5,0,0,0,34,0.0,BAJO
PN_7531,40.42267999682811,-3.6498469807942713,5,0,0,0,36,0.0,BAJO
PN_7532,40.42269921538006,-3.6130072372225697,5,0,0,0,45,0.0,BAJO
PN_7533,40.424095212803635,-3.6161343718629744,5,0,0,0,26,0.0,BAJO
PN_7534,40.423634152960396,-3.691602792508951,5,0,0,0,65,0.0,BAJO
PN_7535,40.444209416156575,-3.685778613381936,5,0,0,0,26,0.0,BAJO
PN_7536,40.424009176482166,-3.651866131787417,5,0,0,0,44,0.0,BAJO
PN_7537,40.3811345876485,-3.709185446965347,5,0,0,0,17,0.0,BAJO
PN_7538,40.40605619368692,-3.7518520278337197,5,0,0,0,35,0.0,BAJO
PN_7539,40.38392504703908,-3.615202706737962,5,0,0,0,2,0.0,BAJO
PN_7540,40.38475139925889,-3.7639737235145936,5,0,0,0,39,0.0,BAJO
PN_7541,40.38527654309875,-3.7453508362409003,5,0,0,0,64,0.0,BAJO
PN_7542,40.46785033709507,-3.7860315140540406,5,0,0,0,0,0.0,BAJO
PN_7543,40.46770259625406,-3.724254982183671,5,0,0,0,15,0.0,BAJO
PN_7544,40.384658716493526,-3.7068684917233057,5,0,0,0,14,0.0,BAJO
PN_7545,40.40310010094896,-3.631564575577279,5,0,0,0,25,0.0,BAJO
PN_7546,40.45285271651322,-3.5929235749592463,5,0,0,0,0,0.0,BAJO
PN_7547,40.414877231438346,-3.7190914772231047,5,0,0,0,78,0.0,BAJO
PN_7548,40.485845638182624,-3.692368396205597,5,0,0,0,36,0.0,BAJO
PN_7549,40.36105404175173,-3.7579258807579627,5,0,0,0,41,0.0,BAJO
PN_7550,40.36090214764093,-3.6831058858716994,5,0,0,0,24,0.0,BAJO
PN_7551,40.36123746983333,-3.5950315081345776,5,0,0,0,6,0.0,BAJO
PN_7552,40.439249079355406,-3.7437652803700106,5,0,0,0,2,0.0,BAJO
PN_7553,40.48396887929593,-3.6639991507681335,5,0,0,0,36,0.0,BAJO
PN_7554,40.484229930607476,-3.6162143110533953,5,0,0,0,19,0.0,BAJO
PN_7555,40.3840546922598,-3.7668781731008503,5,0,0,0,24,0.0,BAJO
PN_7556,40.38399093101467,-3.7457725704182665,5,0,0,0,49,0.0,BAJO
PN_7557,40.38439858098158,-3.718960465736905,5,0,0,0,85,0.0,BAJO
PN_7558,40.3831075185645,-3.659254284875254,5,0,0,0,14,0.0,BAJO
PN_7559,40.38397937084016,-3.657078538545567,5,0,0,0,12,0.0,BAJO
PN_7560,40.46770787352541,-3.633799579488733,5,0,0,0,32,0.0,BAJO
PN_7561,40.48591475769256,-3.665261948929443,5,0,0,0,24,0.0,BAJO
PN_7562,40.3579952906041,-3.6895678764228683,5,0,0,0,21,0.0,BAJO
PN_7563,40.451816063180836,-3.575215339061857,5,0,0,0,0,0.0,BAJO
PN_7564,40.40513767029772,-3.7139839372236736,5,0,0,0,60,0.0,BAJO
PN_7565,40.40384786080252,-3.6712224524253507,5,0,0,0,83,0.0,BAJO
PN_7566,40.46897075929918,-3.6608552004014414,5,0,0,0,32,0.0,BAJO
PN_7567,40.4039062002783,-3.5940376804048006,5,0,0,0,9,0.0,BAJO
PN_7568,40.38273780067398,-3.6449367103900996,5,0,0,0,10,0.0,BAJO
PN_7569,40.46871689909024,-3.8064463355547034,5,0,0,0,0,0.0,BAJO
PN_7570,40.38408288062314,-3.7839023671601466,5,0,0,0,7,0.0,BAJO
PN_7571,40.487014813334696,-3.6728762513855786,5,0,0,0,26,0.0,BAJO
PN_7572,40.41408205520796,-3.664063650802413,5,0,0,0,49,0.0,BAJO
PN_7573,40.3587295609083,-3.702586418766335,5,0,0,0,17,0.0,BAJO
PN_7574,40.44733097172764,-3.669343561838828,5,0,0,0,58,0.0,BAJO
PN_7575,40.44707580418026,-3.675112165627978,5,0,0,0,34,0.0,BAJO
PN_7576,40.38696668571997,-3.752577537773573,5,0,0,0,13,0.0,BAJO
PN_7577,40.46613718121937,-3.694848288897552,5,0,0,0,55,0.0,BAJO
PN_7578,40.466425710585874,-3.687273740810891,5,0,0,0,57,0.0,BAJO
PN_7579,40.4026947501737,-3.713637586520769,5,0,0,0,66,0.0,BAJO
PN_7580,40.45420887979605,-3.667086126548721,5,0,0,0,46,0.0,BAJO
PN_7581,40.454427130271824,-3.659193679796045,5,0,0,0,70,0.0,BAJO
PN_7582,40.403044713767166,-3.759945140019076,5,0,0,0,8,0.0,BAJO
PN_7583,40.402929267713674,-3.7478057833150897,5,0,0,0,37,0.0,BAJO
PN_7584,40.3599584044918,-3.6897150704977344,5,0,0,0,23,0.0,BAJO
PN_7585,40.48682456323985,-3.717968577568539,5,0,0,0,34,0.0,BAJO
PN_7586,40.486875724691785,-3.709978696206471,5,0,0,0,33,0.0,BAJO
PN_7587,40.466950747068225,-3.718851542269996,5,0,0,0,29,0.0,BAJO
PN_7588,40.4668882976613,-3.6969816180358848,5,0,0,0,36,0.0,BAJO
PN_7589,40.384900509002286,-3.65319019625356,5,0,0,0,18,0.0,BAJO
PN_7590,40.385988040564776,-3.730134525433539,5,0,0,0,68,0.0,BAJO
PN_7591,40.465873751141864,-3.5719428377158513,5,0,0,0,0,0.0,BAJO
PN_7592,40.46699398502848,-3.7950617541309435,5,0,0,0,1,0.0,BAJO
PN_7593,40.45368012246547,-3.6166144441356955,5,0,0,0,22,0.0,BAJO
PN_7594,40.385258913711986,-3.607950369503029,5,0,0,0,8,0.0,BAJO
PN_7595,40.45273731283113,-3.5880024011991325,5,0,0,0,0,0.0,BAJO
PN_7596,40.45265384366887,-3.5741398599462166,5,0,0,0,0,0.0,BAJO
PN_7597,40.45287206405868,-3.6969924455222882,5,0,0,0,86,0.0,BAJO
PN_7598,40.44111947154677,-3.746262045492743,5,0,0,0,0,0.0,BAJO
PN_7599,40.46696307711882,-3.6533334251033525,5,0,0,0,36,0.0,BAJO
PN_7600,40.467238347600016,-3.649889360442022,5,0,0,0,39,0.0,BAJO
PN_7601,40.467173300430964,-3.572215729454701,5,0,0,0,0,0.0,BAJO
PN_7602,40.466715752154954,-3.722729816549277,5,0,0,0,17,0.0,BAJO
PN_7603,40.490090488245656,-3.6869605200702784,5,0,0,0,29,0.0,BAJO
PN_7604,40.35400480617828,-3.690982741843377,5,0,0,0,29,0.0,BAJO
PN_7605,40.353663298865094,-3.6896344401734296,5,0,0,0,22,0.0,BAJO
PN_7606,40.357347975154575,-3.7016275935178284,5,0,0,0,24,0.0,BAJO
PN_7607,40.48934731282283,-3.6880101904102376,5,0,0,0,31,0.0,BAJO
PN_7608,40.489178309645695,-3.642237677624196,5,0,0,0,4,0.0,BAJO
PN_7609,40.490025161955465,-3.7129193487351086,5,0,0,0,11,0.0,BAJO
PN_7610,40.487810563686956,-3.6642659202015233,5,0,0,0,23,0.0,BAJO
PN_7611,40.4429706348167,-3.6468680572424255,5,0,0,0,45,0.0,BAJO
PN_7612,40.42478781813556,-3.638908785151557,5,0,0,0,11,0.0,BAJO
PN_7613,40.424721171584146,-3.6156591174556127,5,0,0,0,21,0.0,BAJO
PN_7614,40.489787343491386,-3.595110525206894,5,0,0,0,0,0.0,BAJO
PN_7615,40.490601217493904,-3.6937600963444104,5,0,0,0,33,0.0,BAJO
PN_7616,40.445791487360154,-3.624398217516356,5,0,0,0,35,0.0,BAJO
PN_7617,40.44596342367379,-3.611105404364269,5,0,0,0,50,0.0,BAJO
PN_7618,40.44601651457644,-3.606841861464735,5,0,0,0,33,0.0,BAJO
PN_7619,40.387591687999546,-3.689021339882693,5,0,0,0,61,0.0,BAJO
PN_7620,40.464808054297954,-3.672819726428645,5,0,0,0,46,0.0,BAJO
PN_7621,40.46517843781395,-3.6509310947653697,5,0,0,0,36,0.0,BAJO
PN_7622,40.46464446526975,-3.64267391428931,5,0,0,0,30,0.0,BAJO
PN_7623,40.444031914355904,-3.700655609040266,5,0,0,0,45,0.0,BAJO
PN_7624,40.387983258762944,-3.637071620743201,5,0,0,0,28,0.0,BAJO
PN_7625,40.38887480236707,-3.755341644026995,5,0,0,0,25,0.0,BAJO
PN_7626,40.44338635902144,-3.5807916772727753,5,0,0,0,17,0.0,BAJO
PN_7627,40.465911665830916,-3.662995600699444,5,0,0,0,49,0.0,BAJO
PN_7628,40.387098462880125,-3.7638070234365393,5,0,0,0,46,0.0,BAJO
PN_7629,40.386853879065356,-3.6930855936021567,5,0,0,0,77,0.0,BAJO
PN_7630,40.386950196533974,-3.661883742246455,5,0,0,0,16,0.0,BAJO
PN_7631,40.38743483642071,-3.6600010318832465,5,0,0,0,22,0.0,BAJO
PN_7632,40.387198748870254,-3.7270065730841453,5,0,0,0,83,0.0,BAJO
PN_7633,40.388267004345494,-3.716360080972369,5,0,0,0,72,0.0,BAJO
PN_7634,40.387997968561635,-3.70884977876383,5,0,0,0,19,0.0,BAJO
PN_7635,40.446223781232646,-3.5939950054004255,5,0,0,0,6,0.0,BAJO
PN_7636,40.41703255274395,-3.6966672535014182,5,0,0,0,64,0.0,BAJO
PN_7637,40.41561288954746,-3.676923923769789,5,0,0,0,37,0.0,BAJO
PN_7638,40.464147499783465,-3.722841471639163,5,0,0,0,17,0.0,BAJO
PN_7639,40.38993718346519,-3.742932655075305,5,0,0,0,55,0.0,BAJO
PN_7640,40.40194287287342,-3.6660066162555376,5,0,0,0,54,0.0,BAJO
PN_7641,40.40186533821102,-3.6537029630343874,5,0,0,0,33,0.0,BAJO
PN_7642,40.39010868642729,-3.69025350095371,5,0,0,0,63,0.0,BAJO
PN_7643,40.492137249953046,-3.7061047032282977,5,0,0,0,0,0.0,BAJO
PN_7644,40.49214808595747,-3.6679100978109553,5,0,0,0,37,0.0,BAJO
PN_7645,40.492086660040144,-3.6616742930601625,5,0,0,0,33,0.0,BAJO
PN_7646,40.35015155944017,-3.678664068380865,5,0,0,0,13,0.0,BAJO
PN_7647,40.35015066315399,-3.678202463748189,5,0,0,0,13,0.0,BAJO
PN_7648,40.35095625682841,-3.6882385506374264,5,0,0,0,17,0.0,BAJO
PN_7649,40.49117211624038,-3.604293725209317,5,0,0,0,11,0.0,BAJO
PN_7650,40.41492424759469,-3.6340819549002505,5,0,0,0,2,0.0,BAJO
PN_7651,40.38909943744041,-3.7238835413483713,5,0,0,0,57,0.0,BAJO
PN_7652,40.463971384355645,-3.717272248295635,5,0,0,0,15,0.0,BAJO
PN_7653,40.463527746625964,-3.6910139283587995,5,0,0,0,90,0.0,BAJO
PN_7654,40.39020934779869,-3.7192649738689196,5,0,0,0,35,0.0,BAJO
PN_7655,40.402310564764015,-3.719806213652279,5,0,0,0,73,0.0,BAJO
PN_7656,40.455820705157855,-3.784039685472545,5,0,0,0,46,0.0,BAJO
PN_7657,40.40179508911027,-3.649221866631719,5,0,0,0,24,0.0,BAJO
PN_7658,40.40081446043841,-3.5981962554244853,5,0,0,0,11,0.0,BAJO
PN_7659,40.42776279886502,-3.612914100025506,5,0,0,0,16,0.0,BAJO
PN_7660,40.44090341017952,-3.670989527485191,5,0,0,0,62,0.0,BAJO
PN_7661,40.45504727261569,-3.700199207308054,5,0,0,0,98,0.0,BAJO
PN_7662,40.454670563341026,-3.6891281973972925,5,0,0,0,87,0.0,BAJO
PN_7663,40.40229560160047,-3.679397223931544,5,0,0,0,23,0.0,BAJO
PN_7664,40.44081532387487,-3.6971414613917686,5,0,0,0,40,0.0,BAJO
PN_7665,40.464003210581936,-3.5701741966298917,5,0,0,0,0,0.0,BAJO
PN_7666,40.464962477368225,-3.8011926074067532,5,0,0,0,0,0.0,BAJO
PN_7667,40.418191358632804,-3.6960285528136056,5,0,0,0,82,0.0,BAJO
PN_7668,40.391075929961936,-3.687890384280327,5,0,0,0,48,0.0,BAJO
PN_7669,40.39898090029609,-3.6780606069197845,5,0,0,0,33,0.0,BAJO
PN_7670,40.3924465935816,-3.678831633247467,5,0,0,0,59,0.0,BAJO
PN_7671,40.392176797613374,-3.6728928095945697,5,0,0,0,42,0.0,BAJO
PN_7672,40.46188941481325,-3.6770933682869726,5,0,0,0,83,0.0,BAJO
PN_7673,40.39875286317495,-3.704154769413934,5,0,0,0,53,0.0,BAJO
PN_7674,40.39927358460278,-3.6298130750223043,5,0,0,0,7,0.0,BAJO
PN_7675,40.42003709723309,-3.6971108101205177,5,0,0,0,83,0.0,BAJO
PN_7676,40.44500337642499,-3.5777562010887705,5,0,0,0,7,0.0,BAJO
PN_7677,40.42003119723541,-3.626034205326929,5,0,0,0,61,0.0,BAJO
PN_7678,40.42129392821754,-3.7108588692387015,5,0,0,0,75,0.0,BAJO
PN_7679,40.421081937244686,-3.7039844026650393,5,0,0,0,51,0.0,BAJO
PN_7680,40.41809847760702,-3.691689907223425,5,0,0,0,73,0.0,BAJO
PN_7681,40.44491564558929,-3.585167852082917,5,0,0,0,23,0.0,BAJO
PN_7682,40.35219751086008,-3.6818852179521793,5,0,0,0,7,0.0,BAJO
PN_7683,40.463077646195984,-3.6990464660001967,5,0,0,0,65,0.0,BAJO
PN_7684,40.44079310458434,-3.6170485067622606,5,0,0,0,45,0.0,BAJO
PN_7685,40.40024910011049,-3.601936245033322,5,0,0,0,4,0.0,BAJO
PN_7686,40.40104325234621,-3.6720124204104807,5,0,0,0,66,0.0,BAJO
PN_7687,40.40062615201655,-3.669368622433338,5,0,0,0,75,0.0,BAJO
PN_7688,40.40136834148005,-3.663142085425103,5,0,0,0,42,0.0,BAJO
PN_7689,40.40111603143747,-3.662208654285377,5,0,0,0,33,0.0,BAJO
PN_7690,40.40109946730643,-3.653082773200712,5,0,0,0,30,0.0,BAJO
PN_7691,40.46300116370986,-3.6192497639384094,5,0,0,0,21,0.0,BAJO
PN_7692,40.4628936363355,-3.661111745845358,5,0,0,0,51,0.0,BAJO
PN_7693,40.42713585241278,-3.6619191455213738,5,0,0,0,33,0.0,BAJO
PN_7694,40.42833720248858,-3.70791976082642,5,0,0,0,54,0.0,BAJO
PN_7695,40.42821737407714,-3.7071852314918403,5,0,0,0,50,0.0,BAJO
PN_7696,40.45633774277332,-3.633284654018189,5,0,0,0,6,0.0,BAJO
PN_7697,40.46289516994595,-3.72227839882342,5,0,0,0,15,0.0,BAJO
PN_7698,40.463087158092186,-3.7209641280110572,5,0,0,0,17,0.0,BAJO
PN_7699,40.331920707474225,-3.706336748304021,5,0,0,0,2,0.0,BAJO
PN_7700,40.32983022060961,-3.7157747841297435,5,0,0,0,7,0.0,BAJO
PN_7701,40.33610235628892,-3.711108351870373,5,0,0,0,31,0.0,BAJO
PN_7702,40.50509800669434,-3.7021734939124706,5,0,0,0,89,0.0,BAJO
PN_7703,40.51292466137712,-3.675007266599144,5,0,0,0,10,0.0,BAJO
PN_7704,40.33605430454587,-3.6970980954717683,5,0,0,0,0,0.0,BAJO
PN_7705,40.50420506782093,-3.700863574722102,5,0,0,0,102,0.0,BAJO
PN_7706,40.4970797412975,-3.6920731960874775,5,0,0,0,9,0.0,BAJO
PN_7707,40.44326123596828,-3.687974004483684,5,0,0,0,40,0.0,BAJO
PN_7708,40.42726770883432,-3.722934535940078,5,0,0,0,44,0.0,BAJO
PN_7709,40.500025624131545,-3.672857535579329,5,0,0,0,25,0.0,BAJO
PN_7710,40.5012481127239,-3.705048378175038,5,0,0,0,72,0.0,BAJO
PN_7711,40.33611767329542,-3.69495136807559,5,0,0,0,0,0.0,BAJO
PN_7712,40.333681704826446,-3.708888549004383,5,0,0,0,19,0.0,BAJO
PN_7713,40.335922185805906,-3.7066963409435103,5,0,0,0,17,0.0,BAJO
PN_7714,40.33219678269856,-3.699153856843563,5,0,0,0,0,0.0,BAJO
PN_7715,40.396177198977306,-3.6947672278566444,5,0,0,0,61,0.0,BAJO
PN_7716,40.396006402943364,-3.679237380678072,5,0,0,0,52,0.0,BAJO
PN_7717,40.39601710642644,-3.6507453349652663,5,0,0,0,3,0.0,BAJO
PN_7718,40.45940032884296,-3.7859754765221125,5,0,0,0,48,0.0,BAJO
PN_7719,40.44308360007115,-3.661924621596982,5,0,0,0,79,0.0,BAJO
PN_7720,40.45780375394857,-3.658235973391374,5,0,0,0,64,0.0,BAJO
PN_7721,40.45823219280513,-3.6448796574858946,5,0,0,0,21,0.0,BAJO
PN_7722,40.39706859434028,-3.6588366130089462,5,0,0,0,26,0.0,BAJO
PN_7723,40.44223160035539,-3.657143097022776,5,0,0,0,73,0.0,BAJO
PN_7724,40.395167627105366,-3.7449272946598002,5,0,0,0,26,0.0,BAJO
PN_7725,40.442034527439084,-3.6900367804337977,5,0,0,0,46,0.0,BAJO
PN_7726,40.42699764028592,-3.710110209567317,5,0,0,0,86,0.0,BAJO
PN_7727,40.39392776581555,-3.635051476250498,5,0,0,0,19,0.0,BAJO
PN_7728,40.39509784864922,-3.7258684326250084,5,0,0,0,19,0.0,BAJO
PN_7729,40.39526336482315,-3.7007908390730693,5,0,0,0,95,0.0,BAJO
PN_7730,40.39664865810624,-3.720193684622609,5,0,0,0,48,0.0,BAJO
PN_7731,40.37218644779851,-3.7489594319867954,5,0,0,0,29,0.0,BAJO
PN_7732,40.410950533768855,-3.712194975432582,5,0,0,0,51,0.0,BAJO
PN_7733,40.41076745899732,-3.6607899376637234,5,0,0,0,66,0.0,BAJO
PN_7734,40.41032924219548,-3.629204264073926,5,0,0,0,31,0.0,BAJO
PN_7735,40.40977198358621,-3.627306279765308,5,0,0,0,23,0.0,BAJO
PN_7736,40.44799718141714,-3.65812613660315,5,0,0,0,54,0.0,BAJO
PN_7737,40.448960998118544,-3.6050593576083108,5,0,0,0,23,0.0,BAJO
PN_7738,40.475981743960176,-3.751640521455207,5,0,0,0,2,0.0,BAJO
PN_7739,40.47682627628144,-3.662796220264309,5,0,0,0,43,0.0,BAJO
PN_7740,40.476898811900966,-3.648420513762506,5,0,0,0,21,0.0,BAJO
PN_7741,40.47682075091077,-3.6430424716657184,5,0,0,0,28,0.0,BAJO
PN_7742,40.37206700228073,-3.600158828016169,5,0,0,0,7,0.0,BAJO
PN_7743,40.373057006526196,-3.7026951533485386,5,0,0,0,22,0.0,BAJO
PN_7744,40.37384962524639,-3.717107328346432,5,0,0,0,30,0.0,BAJO
PN_7745,40.37369905478293,-3.7140689909914784,5,0,0,0,28,0.0,BAJO
PN_7746,40.37191185554284,-3.752954227404053,5,0,0,0,34,0.0,BAJO
PN_7747,40.500086972093115,-3.7131061077813037,5,0,0,0,10,0.0,BAJO
PN_7748,40.34298764303976,-3.684750129699102,5,0,0,0,0,0.0,BAJO
PN_7749,40.502354464003375,-3.704743670270573,5,0,0,0,83,0.0,BAJO
PN_7750,40.502347151056384,-3.667744527123837,5,0,0,0,39,0.0,BAJO
PN_7751,40.33679762016554,-3.7178568851597857,5,0,0,0,14,0.0,BAJO
PN_7752,40.337760881755415,-3.7138971734958517,5,0,0,0,30,0.0,BAJO
PN_7753,40.50589202692161,-3.695114407232512,5,0,0,0,65,0.0,BAJO
PN_7754,40.50798217344378,-3.6965971895258285,5,0,0,0,52,0.0,BAJO
PN_7755,40.44609670095426,-3.701856258202811,5,0,0,0,62,0.0,BAJO
PN_7756,40.41812455326679,-3.622089029115609,5,0,0,0,47,0.0,BAJO
PN_7757,40.41709339178546,-3.6191657745978083,5,0,0,0,29,0.0,BAJO
PN_7758,40.44597154342518,-3.723040565105002,5,0,0,0,20,0.0,BAJO
PN_7759,40.34681186191586,-3.711788357615191,5,0,0,0,11,0.0,BAJO
PN_7760,40.3381959046318,-3.6679153343949666,5,0,0,0,0,0.0,BAJO
PN_7761,40.34046934150116,-3.673899947555344,5,0,0,0,0,0.0,BAJO
PN_7762,40.34593379807977,-3.7080654131128554,5,0,0,0,24,0.0,BAJO
